TRACK_ID,classical,electronic,folk,hiphop,jazz,rock
track_1147710,0,1,0,0,0,0
track_1103990,0,0,0,0,0,1
track_1131488,0,0,0,0,1,0
track_1198188,0,1,0,0,0,0
track_0245962,0,0,1,0,0,1
track_0719849,0,0,0,0,1,0
track_0736523,0,1,0,1,0,0
track_1129658,0,0,0,0,0,1
track_1379947,0,0,0,0,0,1
track_0846411,0,0,0,0,1,0
track_0131632,0,0,0,0,0,1
track_0802326,0,0,0,1,0,0
track_0625206,0,0,0,0,1,0
track_0939255,0,0,0,1,1,0
track_0168403,0,0,0,0,0,1
track_0383573,0,0,0,1,0,0
track_1351134,0,0,1,0,0,1
track_0035173,0,1,0,0,0,0
track_1233768,0,0,1,0,0,0
track_1023273,1,0,0,0,0,0
track_0026219,0,1,0,0,1,0
track_0553091,0,0,0,1,0,0
track_1347896,1,0,0,0,0,0
track_0171074,0,0,1,0,0,0
track_1052660,0,0,0,0,0,1
track_0842757,1,0,0,0,0,0
track_0162045,0,0,1,0,0,1
track_1149234,0,1,0,0,0,0
track_0711277,0,0,0,1,1,0
track_1132736,0,1,0,0,0,0
track_0773674,0,0,1,0,0,0
track_0986866,0,0,0,0,1,0
track_1163967,0,0,1,0,0,0
track_1367768,0,0,1,0,0,0
track_1088383,0,0,0,0,1,0
track_1098068,0,1,0,1,0,0
track_1194604,0,0,0,0,1,0
track_0723360,0,0,0,0,0,1
track_0511074,0,0,1,0,0,0
track_1137247,0,1,0,1,0,0
track_1103321,0,0,0,0,0,1
track_1098831,0,0,1,0,0,1
track_1417008,1,0,0,0,0,0
track_1052565,0,0,0,1,0,0
track_1009061,1,0,0,0,0,0
track_0350359,1,0,0,0,0,1
track_1105603,0,0,1,0,0,0
track_1274166,1,0,0,0,0,0
track_0989877,0,1,0,1,0,0
track_1113645,0,0,0,0,1,0
track_1339384,0,0,1,0,0,1
track_0166333,0,0,0,0,1,0
track_1196185,1,0,1,0,0,0
track_1160157,0,0,1,0,0,0
track_1164968,0,1,0,0,0,0
track_0741321,0,1,1,0,0,0
track_0081020,0,1,0,0,0,0
track_1158178,0,0,0,1,0,0
track_1145836,0,0,0,0,1,0
track_0661313,0,1,0,0,0,0
track_1222347,0,0,1,0,1,0
track_1137272,0,0,0,1,1,0
track_1399581,0,1,0,0,0,0
track_0271744,1,0,0,0,0,0
track_0976782,0,1,0,0,1,0
track_1113991,1,0,0,0,0,0
track_0245387,0,0,1,0,0,0
track_1243735,0,1,0,1,0,0
track_0914765,0,0,1,0,0,0
track_0135244,0,0,1,0,0,0
track_1332180,0,0,1,0,0,0
track_0498810,0,0,0,0,0,1
track_1083510,0,0,0,0,1,0
track_1109965,0,1,0,0,0,0
track_0946828,0,1,0,0,0,0
track_1124249,1,0,0,0,1,0
track_0704838,0,1,0,0,0,0
track_1227396,0,0,0,0,1,0
track_1080900,1,0,0,1,0,0
track_0742888,0,0,0,0,0,1
track_1165508,0,1,0,1,0,0
track_1236047,0,0,0,0,0,1
track_0998079,0,0,0,0,0,1
track_1228623,0,1,0,0,0,0
track_1374954,0,0,0,0,0,1
track_1248561,0,1,0,0,0,0
track_0015169,0,1,0,0,0,0
track_0205736,0,0,0,0,0,1
track_1190958,0,0,1,0,0,0
track_1179410,0,0,0,0,0,1
track_0113791,0,1,0,0,0,0
track_0296237,1,1,0,0,0,0
track_1023486,0,0,0,0,1,0
track_0938052,0,0,1,0,0,0
track_0272910,1,0,0,0,0,0
track_0129978,0,1,0,1,0,0
track_0136840,1,0,0,0,0,0
track_1067291,0,0,0,0,0,1
track_0088554,1,0,0,0,1,0
track_1159696,0,0,1,0,0,0
track_1268732,1,0,0,0,0,0
track_1129657,0,0,0,0,0,1
track_0402576,0,1,0,0,0,0
track_1416534,1,0,0,0,0,0
track_1126082,0,1,0,0,0,0
track_1317901,0,0,0,0,0,1
track_1078474,0,0,0,0,0,1
track_1103452,1,0,0,0,1,0
track_1332223,1,0,0,0,0,0
track_1417903,0,1,0,1,0,0
track_0913291,0,1,0,0,0,0
track_1150099,0,1,0,0,0,0
track_0919356,0,0,0,0,0,1
track_1372874,0,0,1,0,0,0
track_0166583,0,0,0,0,0,1
track_1051952,0,0,0,0,0,1
track_1165995,0,0,1,0,0,1
track_0903596,1,0,0,0,0,0
track_1164567,0,0,0,0,1,0
track_0293161,0,0,0,0,0,1
track_1123291,1,0,0,0,0,0
track_1040015,0,1,0,0,0,0
track_0425766,1,1,0,0,0,0
track_1115634,1,0,0,0,0,0
track_0858536,1,0,0,0,0,0
track_1251313,0,0,0,0,0,1
track_0957457,0,0,1,0,0,0
track_0077441,0,1,0,0,0,0
track_1348657,0,0,0,0,1,0
track_1374304,1,0,0,0,1,0
track_0277804,0,0,1,0,0,0
track_1105052,0,0,1,0,0,0
track_1222001,0,0,1,0,0,0
track_1077278,0,0,1,0,0,0
track_0890461,1,1,0,0,0,0
track_0470753,1,0,0,0,0,0
track_0965601,1,0,0,0,0,0
track_1159669,0,0,1,0,0,0
track_1095024,0,1,0,0,0,1
track_0764605,0,1,0,0,0,0
track_1365242,0,0,0,0,0,1
track_1170403,1,0,0,0,0,0
track_0154635,0,1,0,0,1,0
track_1225501,0,0,0,1,0,0
track_0278336,1,0,0,0,0,0
track_0571484,0,0,0,1,1,0
track_1118601,0,1,0,0,0,0
track_1093649,0,1,0,0,0,0
track_1134585,1,0,0,0,0,0
track_0716963,0,0,0,0,0,1
track_0150962,1,0,0,0,0,0
track_1078367,0,0,1,0,0,0
track_1153116,0,0,0,1,0,0
track_0006719,0,0,0,0,0,1
track_1315940,0,0,1,0,0,0
track_0188505,0,0,0,0,0,1
track_1054172,0,1,0,0,0,0
track_0768437,0,0,0,1,1,0
track_0941153,0,0,1,0,0,0
track_1095021,0,1,0,0,0,1
track_1111986,1,1,0,0,0,0
track_0415498,0,1,0,0,0,0
track_1374256,0,1,1,0,0,0
track_1060333,0,0,1,0,0,0
track_1289378,0,0,0,0,0,1
track_0988503,1,0,0,0,0,0
track_1041677,0,0,1,0,0,0
track_0618448,0,0,0,1,1,0
track_0084042,0,0,1,0,0,1
track_1102230,0,0,0,0,1,0
track_1078823,1,1,0,0,0,0
track_0868977,1,0,0,0,0,0
track_1076577,0,0,0,1,0,0
track_1416237,0,0,0,0,0,1
track_1248256,0,0,0,1,0,0
track_0976923,0,0,0,0,0,1
track_1189098,0,0,1,0,0,0
track_1219476,0,0,0,0,0,1
track_0964541,0,0,0,0,1,0
track_1293735,0,0,0,1,0,0
track_1131491,0,0,0,0,1,0
track_0941158,0,0,1,0,0,0
track_1276895,0,0,0,1,0,0
track_0461019,0,0,0,0,0,1
track_1054399,0,1,0,0,0,0
track_0991719,1,0,0,0,0,0
track_0891605,0,1,0,1,0,0
track_1403968,0,1,0,0,0,0
track_1401972,0,0,0,0,0,1
track_1228858,0,0,0,0,1,0
track_1051068,0,0,0,0,0,1
track_1129798,1,1,0,0,0,0
track_1307835,0,0,1,0,0,0
track_1071852,0,0,1,0,0,0
track_1068666,1,0,0,0,0,0
track_1169708,1,0,0,0,0,0
track_1131495,0,0,0,0,1,0
track_1397808,0,0,1,0,0,1
track_0618459,0,0,0,1,1,0
track_1413875,0,0,0,0,0,1
track_1049275,0,0,0,0,1,0
track_0802281,0,0,0,1,1,0
track_1158971,1,0,0,0,0,0
track_1074710,0,0,0,1,0,0
track_1379949,0,0,0,0,0,1
track_1110506,0,1,0,0,0,0
track_0608931,0,0,0,0,0,1
track_0811237,1,0,0,0,0,0
track_1072427,0,1,0,0,0,1
track_1166925,0,0,1,0,0,0
track_1393523,0,0,0,0,0,1
track_0873560,0,0,0,0,1,0
track_1081529,1,0,0,0,0,0
track_0096718,0,1,0,0,0,0
track_0836526,0,0,0,0,0,1
track_0989879,0,1,0,1,0,0
track_1397164,1,0,1,0,0,0
track_1360555,0,0,1,0,0,0
track_1203323,0,0,0,1,0,0
track_1125843,0,0,0,0,0,1
track_1115567,0,1,0,0,0,0
track_0357514,0,1,0,0,0,0
track_1035011,0,0,0,0,1,1
track_1037056,0,0,1,0,0,0
track_1127772,0,0,0,1,0,0
track_0405783,0,0,1,0,0,1
track_1415108,1,0,0,0,0,0
track_1368387,0,0,0,0,1,0
track_1223282,0,1,0,0,0,0
track_1132969,0,0,1,0,0,0
track_1107063,0,1,0,0,0,0
track_0264329,0,1,0,1,0,0
track_1413863,0,0,0,0,0,1
track_1123937,0,0,0,0,0,1
track_0416474,1,0,0,0,0,0
track_1257250,0,0,0,0,0,1
track_1163971,0,0,1,0,0,0
track_1284690,0,0,1,0,0,0
track_1208243,0,1,0,0,0,0
track_0021982,0,0,0,0,0,1
track_1371499,0,0,0,0,0,1
track_1071300,0,0,0,0,1,0
track_1057725,1,0,0,0,0,0
track_1340349,1,0,0,0,1,0
track_1076580,0,0,0,1,0,0
track_1150744,0,1,0,0,0,0
track_1083511,0,0,0,0,1,0
track_1320575,0,0,1,0,0,1
track_0383567,0,0,0,1,0,0
track_1027875,0,0,0,1,0,0
track_0079748,0,1,0,0,0,0
track_0855269,0,1,0,0,0,0
track_1044568,0,0,1,0,0,0
track_1111539,0,0,1,0,0,0
track_1052562,0,0,0,1,1,0
track_0414049,1,0,0,0,0,0
track_0259843,1,0,0,0,0,0
track_1295769,0,0,0,0,0,1
track_1143990,0,0,0,1,0,0
track_1256026,0,0,0,1,0,0
track_1217511,0,1,0,0,0,0
track_1087153,0,1,0,0,0,0
track_1075176,0,1,0,1,0,0
track_0919353,0,0,0,0,0,1
track_1069084,0,1,0,0,0,0
track_1414831,0,0,0,0,0,1
track_1089272,1,0,0,0,0,0
track_0686758,0,0,0,0,1,0
track_1098677,0,0,0,0,1,0
track_1075169,0,1,0,1,0,0
track_1137238,0,1,0,1,0,0
track_1112025,1,0,0,0,0,0
track_1313335,0,1,0,1,0,0
track_1111542,0,0,1,0,0,0
track_1131565,0,1,0,0,0,0
track_1416193,0,1,0,0,0,0
track_1133089,1,0,0,0,0,0
track_1077725,0,0,1,0,0,0
track_1398418,0,0,0,1,0,0
track_0873805,0,0,1,0,0,0
track_0485059,0,0,0,0,0,1
track_1203372,0,0,1,0,0,0
track_1346207,0,1,0,0,0,0
track_1374953,1,0,0,0,0,0
track_0565805,0,0,0,1,1,0
track_1156029,0,0,0,0,0,1
track_1163228,0,0,1,0,0,0
track_0006729,0,0,0,0,1,0
track_1313337,0,1,0,1,0,0
track_0785281,0,0,1,0,0,0
track_0902298,1,0,0,0,1,0
track_1374689,0,0,1,0,0,0
track_1015038,0,1,0,0,0,0
track_1234363,0,0,1,0,0,0
track_1168165,0,0,0,1,0,0
track_1227368,0,0,0,0,1,0
track_1320009,0,0,0,1,0,0
track_0957460,0,0,1,0,0,0
track_1086668,0,1,0,0,0,1
track_1277840,1,0,0,0,0,0
track_1351591,0,0,0,0,0,1
track_0989872,0,1,0,1,0,0
track_0151133,1,0,0,0,0,0
track_0020740,0,1,0,0,1,0
track_1087734,0,0,0,0,0,1
track_1084672,0,0,1,0,0,0
track_0078315,0,1,0,0,0,1
track_1063106,0,0,1,0,0,1
track_0207733,0,1,0,0,0,1
track_1369861,1,0,1,0,0,0
track_1027608,0,1,0,0,1,0
track_0205081,0,1,0,1,1,0
track_1251851,0,0,1,0,0,0
track_1073718,1,0,0,0,0,0
track_1389557,0,0,0,0,0,1
track_0900243,1,0,0,0,0,0
track_0718510,0,0,0,0,0,1
track_1165515,0,1,0,1,0,0
track_1341040,0,0,0,0,0,1
track_1291218,0,1,0,0,0,0
track_1089263,1,0,0,0,0,0
track_0076657,0,0,0,0,0,1
track_1208442,0,0,0,1,0,0
track_1284340,0,0,0,0,1,0
track_0457120,0,0,0,0,1,0
track_1080166,0,1,0,0,0,0
track_1294702,0,0,0,0,0,1
track_0659903,0,0,0,1,0,0
track_0307384,0,1,0,0,0,1
track_0347819,0,0,1,0,0,0
track_0259858,1,0,0,0,0,0
track_1296703,0,1,0,0,0,0
track_0111509,0,1,0,0,0,0
track_1026042,0,0,0,0,1,0
track_1190623,0,1,0,0,0,0
track_1381058,0,0,1,0,0,0
track_0991720,0,1,0,0,0,0
track_0959968,0,0,0,0,0,1
track_0460237,1,0,0,0,0,0
track_1394568,0,0,0,0,1,0
track_0074602,0,0,1,0,0,0
track_1272099,0,0,0,0,1,0
track_1207987,0,0,0,0,0,1
track_0976785,0,1,0,0,1,0
track_1418015,1,0,0,0,0,0
track_1257007,0,1,0,0,0,0
track_0810890,0,1,0,0,0,0
track_0965446,1,0,0,0,0,0
track_1160599,0,0,0,0,0,1
track_1345306,1,1,0,0,0,0
track_0080769,0,1,0,0,0,0
track_0020944,0,1,0,0,0,0
track_1229310,0,1,0,1,0,0
track_1057735,1,0,0,0,0,0
track_0922740,0,0,0,0,1,0
track_1032923,0,0,0,0,0,1
track_1018531,0,0,1,0,0,0
track_0941345,0,0,1,0,0,0
track_0025877,0,1,0,0,0,0
track_1028806,0,0,0,1,1,0
track_0911868,0,0,0,0,0,1
track_1154902,0,0,0,0,1,0
track_1076452,0,0,1,0,0,1
track_0647537,0,0,0,1,0,0
track_0259807,1,0,0,0,0,0
track_0806979,0,0,0,0,0,1
track_0723356,0,0,0,0,0,1
track_1159670,0,0,1,0,0,0
track_0711254,0,0,0,1,1,0
track_1164980,0,0,1,0,0,0
track_1394565,0,0,0,0,1,0
track_0034520,0,0,0,0,1,0
track_1328087,0,0,0,0,1,0
track_0081287,0,1,0,1,0,0
track_0698107,0,0,0,1,0,0
track_1372288,0,0,0,1,0,0
track_1194312,0,0,1,0,0,1
track_1341271,1,0,0,0,1,0
track_1024405,1,0,0,0,0,1
track_1078441,0,0,0,0,0,1
track_0150861,1,0,0,0,0,0
track_1112020,1,0,0,0,0,0
track_0965968,0,1,0,0,0,1
track_1369415,1,0,0,0,0,0
track_0134754,0,0,1,0,0,0
track_1381057,1,0,0,0,0,1
track_1133071,1,0,0,0,0,0
track_0491056,1,0,0,0,1,0
track_1319999,0,0,0,1,0,0
track_1366003,1,0,0,0,0,0
track_1079297,0,0,0,0,0,1
track_1164983,0,0,1,0,0,0
track_1207899,1,0,0,0,0,0
track_0673573,0,0,0,0,0,1
track_1157324,0,0,1,0,0,0
track_0806977,0,0,0,0,0,1
track_0078728,0,0,1,0,0,1
track_1412813,0,0,0,0,1,0
track_1084481,0,1,0,0,0,0
track_1012594,0,0,0,1,0,0
track_1176229,0,0,1,0,0,0
track_1203320,0,0,0,1,0,0
track_0827272,0,1,0,0,0,1
track_1269115,0,1,0,0,0,1
track_0956545,1,0,0,0,0,0
track_1330452,0,0,0,1,0,0
track_1362247,0,0,1,0,0,0
track_1135189,0,1,0,0,0,0
track_1131574,0,1,0,0,0,0
track_0773681,0,0,1,0,0,0
track_1291477,0,0,1,0,0,0
track_1243719,0,1,0,1,0,0
track_1379936,1,0,0,0,1,0
track_1317900,0,0,0,0,0,1
track_0026232,0,0,0,0,1,0
track_1089159,0,0,0,0,1,0
track_0542411,0,1,0,0,0,0
track_0571474,0,0,0,1,1,0
track_1185783,1,0,0,0,0,0
track_1271442,1,0,0,0,0,0
track_0131569,0,0,0,0,0,1
track_1414159,0,0,0,0,1,0
track_1136881,0,0,0,1,1,0
track_1404303,0,0,0,0,1,0
track_1157598,0,0,0,1,0,0
track_1248260,0,0,0,1,0,0
track_1143941,0,0,0,1,0,0
track_0647520,0,0,0,1,0,0
track_0889218,0,1,0,0,0,0
track_0977189,0,0,0,0,0,1
track_1247308,0,0,0,0,1,0
track_0906585,0,0,0,0,1,0
track_1179726,0,1,0,0,0,0
track_1029329,0,0,0,1,0,0
track_1130018,0,0,0,0,1,0
track_1315246,0,0,0,0,1,0
track_0953637,0,0,0,0,0,1
track_0005087,0,0,0,0,1,0
track_1168553,0,1,0,0,0,0
track_1310243,1,0,0,0,0,0
track_0041971,0,1,0,0,0,0
track_1227102,0,0,0,0,1,0
track_1267347,0,0,0,0,0,1
track_1234358,0,0,1,0,0,0
track_1321087,1,0,0,0,0,0
track_0784880,0,0,0,0,0,1
track_0901204,0,0,0,0,0,1
track_1349480,1,0,0,0,0,0
track_0713736,0,0,0,0,0,1
track_0151066,1,0,0,0,0,0
track_0883574,0,1,0,0,0,0
track_1379953,0,0,0,0,0,1
track_1072432,0,1,0,0,0,1
track_0780393,0,1,0,1,0,0
track_1250953,1,1,0,0,0,0
track_1329969,0,1,0,0,0,0
track_0345905,0,0,0,0,1,0
track_1372085,0,0,0,1,0,0
track_0080752,0,1,0,0,0,0
track_1033095,0,0,0,0,1,0
track_1329937,1,0,0,0,0,0
track_1320018,0,0,0,1,0,0
track_1036109,0,1,0,0,0,0
track_1217221,0,0,0,1,0,0
track_1216106,0,0,1,0,0,0
track_1379950,0,0,0,0,0,1
track_1365928,1,0,0,0,0,0
track_1138580,0,0,1,0,0,0
track_0245935,0,0,1,0,0,1
track_1201671,0,0,0,0,0,1
track_0347879,0,0,0,0,0,1
track_1250219,0,0,0,0,0,1
track_1129049,0,0,1,0,0,0
track_1087768,0,0,0,0,1,0
track_0150959,1,0,0,0,0,0
track_0066943,0,0,1,0,0,0
track_0416407,1,0,0,0,0,0
track_1203439,0,0,1,0,0,0
track_1381342,0,0,0,0,0,1
track_1047236,0,0,0,0,0,1
track_1166111,0,0,1,0,0,0
track_1046641,0,0,1,0,0,0
track_1136876,0,0,0,1,1,0
track_1370323,1,0,0,0,0,0
track_1118538,0,0,0,0,0,1
track_1418668,0,0,0,0,0,1
track_1087887,0,0,0,0,0,1
track_0731399,0,0,0,0,1,0
track_0343780,0,0,0,0,1,0
track_1089257,0,0,0,0,1,0
track_0983610,0,0,0,0,0,1
track_0711274,0,0,0,1,1,0
track_0936354,0,1,0,0,0,1
track_1074314,1,0,0,0,0,0
track_1322996,1,0,0,0,0,0
track_1117494,0,0,1,0,0,0
track_1220580,0,0,0,0,0,1
track_1335981,0,0,0,1,1,0
track_1149469,0,0,1,0,0,0
track_1405572,0,0,1,0,0,0
track_1231039,0,0,0,1,0,0
track_0981913,0,0,1,0,0,1
track_0024321,0,0,0,0,1,0
track_1373316,0,0,0,0,0,1
track_1104259,0,1,0,0,0,0
track_1069802,0,0,0,0,1,0
track_1116406,1,0,0,0,0,0
track_1314626,0,1,0,0,0,0
track_0986589,0,0,1,0,0,0
track_1326538,0,0,1,0,0,0
track_0480539,1,0,0,0,1,0
track_1270234,0,0,0,0,0,1
track_1169081,0,0,0,0,0,1
track_0188695,0,0,0,0,0,1
track_1235603,0,0,0,0,1,0
track_1399473,1,0,0,0,0,0
track_1310215,0,0,1,0,0,0
track_1137267,0,0,0,1,1,0
track_1169581,0,0,0,0,1,0
track_1112434,0,0,0,0,0,1
track_1194763,0,0,0,1,0,0
track_1205170,0,1,0,0,0,0
track_1333038,0,0,0,0,1,0
track_0785621,0,0,1,0,0,0
track_0368174,1,0,0,0,0,0
track_1171562,0,0,0,0,0,1
track_0986802,0,0,1,0,0,0
track_1023276,1,0,0,0,0,0
track_0914770,0,0,1,0,0,0
track_0476726,1,0,0,0,0,0
track_1194827,1,0,0,0,0,0
track_0078734,0,0,1,0,0,1
track_1353819,0,1,0,0,0,0
track_1138696,0,0,1,0,0,0
track_1133341,0,1,0,1,0,0
track_0401851,1,0,0,0,0,0
track_0048723,0,0,0,0,1,0
track_0897989,0,0,0,1,1,0
track_1244714,0,1,0,0,0,0
track_1147275,0,0,0,0,0,1
track_1256020,0,0,0,1,0,0
track_1310775,0,0,0,0,0,1
track_1320024,0,0,0,1,0,0
track_1395100,1,0,0,0,0,0
track_0015163,0,1,0,0,0,0
track_1243725,0,1,0,1,0,0
track_1406626,0,0,0,0,0,1
track_0751967,1,0,0,0,0,0
track_0956215,1,1,0,0,0,0
track_0417223,0,0,0,0,0,1
track_0890578,0,0,1,0,0,1
track_0078307,0,0,1,0,0,1
track_0259897,1,0,0,0,0,0
track_0790447,0,0,1,0,0,0
track_0632929,0,1,0,0,0,0
track_1171475,0,0,0,0,0,1
track_1115079,0,0,0,0,0,1
track_1063129,1,0,0,0,0,0
track_0066953,0,0,1,0,0,0
track_1111546,0,0,1,0,0,0
track_1417844,0,1,0,0,0,0
track_1241538,1,0,0,0,0,0
track_0188265,1,0,0,0,0,0
track_1248619,0,1,0,1,0,0
track_0081800,0,1,0,0,1,0
track_0025223,1,0,0,0,0,0
track_1066901,0,0,0,0,1,0
track_0989712,1,0,0,0,0,0
track_1374716,0,0,1,0,0,0
track_1255091,0,0,0,1,0,0
track_1110497,0,1,0,0,0,0
track_1075190,0,1,0,1,0,0
track_1078443,0,0,0,0,0,1
track_1018538,0,0,1,0,0,0
track_0209102,0,0,1,0,0,0
track_1095022,0,1,0,0,0,1
track_0784882,0,1,0,0,0,0
track_1075198,0,1,0,1,0,0
track_1386809,0,0,0,1,0,0
track_0166334,0,0,0,0,1,0
track_0989849,1,0,0,0,0,0
track_1217501,0,1,0,0,0,0
track_0359656,1,0,0,0,0,0
track_1078428,0,1,0,0,0,1
track_0011842,1,0,0,0,0,0
track_1316649,0,1,0,1,0,0
track_0147385,0,1,0,0,0,0
track_0758012,0,0,0,0,1,0
track_0677106,0,1,0,0,0,0
track_1133347,0,1,0,1,0,0
track_1400606,0,0,1,0,0,0
track_1148782,0,0,0,1,1,0
track_1093050,1,0,0,0,0,0
track_1043812,1,0,0,0,0,0
track_1159616,0,0,1,0,0,0
track_0206067,0,0,0,0,1,0
track_1158969,0,1,1,0,0,0
track_1165470,0,0,1,0,0,0
track_0934753,1,0,0,0,0,0
track_1087769,0,0,0,0,1,0
track_1189656,0,0,1,0,0,0
track_1369725,0,0,0,0,1,0
track_0785618,0,0,1,0,0,0
track_1078362,0,0,1,0,0,0
track_1090923,0,0,0,0,1,0
track_1027877,0,0,0,1,0,0
track_0448683,0,0,0,0,0,1
track_1193402,0,1,0,0,0,0
track_0357144,0,0,0,0,0,1
track_1166931,0,0,1,0,0,0
track_1132967,0,0,1,0,0,0
track_1269805,0,0,1,0,0,0
track_0046570,1,0,1,0,0,0
track_0155931,0,1,0,0,0,0
track_1223081,0,0,1,0,0,0
track_1116408,1,0,0,0,0,0
track_0976870,0,0,0,0,0,1
track_1080221,0,0,0,1,0,0
track_0989072,0,1,0,0,0,0
track_1345292,0,0,1,0,0,0
track_1399775,0,0,0,1,0,0
track_1114716,0,1,0,0,0,0
track_0155905,0,1,0,0,0,0
track_1289009,0,1,0,0,0,0
track_1075194,0,1,0,1,0,0
track_1033124,0,0,0,0,1,0
track_1126029,0,0,0,1,0,0
track_1393085,0,0,0,0,1,0
track_1231996,0,0,0,1,0,0
track_0028193,0,1,0,0,0,0
track_0938363,1,0,0,0,0,0
track_0822298,0,0,0,1,0,0
track_1386750,0,0,0,0,0,1
track_1157594,0,0,0,1,0,0
track_1240414,0,0,0,0,1,0
track_0983611,0,0,0,0,0,1
track_1134040,0,0,0,0,0,1
track_1324910,0,0,0,0,1,0
track_1053401,0,1,0,0,0,0
track_1155231,0,0,0,0,0,1
track_0019191,1,0,0,0,0,0
track_1418663,0,0,0,0,0,1
track_1265326,1,0,0,0,0,0
track_1119549,0,0,0,1,1,0
track_0981912,0,0,0,0,0,1
track_1308472,0,0,0,0,0,1
track_0878745,0,0,0,0,1,0
track_1418656,0,0,0,0,0,1
track_1177880,0,0,1,0,0,0
track_0897308,0,0,0,1,0,0
track_1413874,0,0,0,0,0,1
track_1159739,0,0,1,0,0,0
track_0862834,0,1,0,0,0,0
track_1352260,0,0,0,0,1,0
track_1398910,1,0,0,0,0,0
track_1129801,1,1,0,0,0,0
track_0647534,0,0,0,1,0,0
track_1369693,0,0,0,0,0,1
track_1218923,0,0,0,0,0,1
track_1164349,1,0,0,0,0,0
track_0034856,0,0,0,0,1,0
track_0962726,0,0,0,0,0,1
track_1066894,0,0,0,0,1,0
track_1053397,0,1,0,0,0,0
track_0667866,1,0,0,0,1,0
track_1164203,0,1,0,0,0,0
track_1419629,0,0,0,0,1,0
track_1028901,1,0,0,0,0,0
track_1420940,1,0,0,0,0,0
track_1174467,0,0,0,1,0,0
track_0128834,0,1,0,0,1,0
track_1222851,1,0,0,0,0,0
track_0938330,0,0,1,0,0,0
track_0425768,1,1,0,0,0,0
track_0891603,0,1,0,1,0,0
track_1075177,0,1,0,1,0,0
track_0987275,0,0,0,0,0,1
track_1362286,0,0,1,0,0,0
track_1107272,1,0,0,0,0,0
track_1374309,1,0,0,0,1,0
track_0875312,1,0,0,0,0,0
track_0768508,0,1,0,0,0,0
track_1101580,0,0,0,1,0,0
track_0259896,1,0,0,0,0,0
track_0974582,0,0,0,0,0,1
track_0946943,0,1,0,0,0,0
track_1159747,0,0,1,0,0,0
track_1077050,0,0,0,0,1,0
track_1083305,0,0,0,0,0,1
track_1223943,1,0,0,0,0,0
track_0993560,0,0,0,0,0,1
track_1085730,0,1,0,0,0,0
track_0996970,0,0,1,0,0,0
track_1274167,1,0,0,0,0,0
track_1158983,0,1,0,0,0,0
track_1134035,0,0,0,0,0,1
track_0147714,1,0,0,0,0,0
track_0785634,0,0,1,0,0,1
track_1077729,0,0,1,0,0,0
track_0533186,0,1,0,0,0,0
track_1217823,0,0,0,1,0,0
track_1408513,0,0,0,0,0,1
track_1243733,0,1,0,1,0,0
track_0017958,0,1,0,1,0,0
track_0659893,0,0,0,1,0,0
track_1217502,0,1,0,0,0,0
track_1083519,0,0,0,0,1,0
track_0964536,0,0,0,0,1,0
track_1064070,1,0,0,0,0,0
track_0163182,0,1,1,0,0,0
track_0040344,0,1,0,0,0,0
track_1288350,0,1,0,0,0,0
track_0715781,0,1,0,0,0,0
track_1133360,1,0,0,0,0,0
track_0166336,0,0,0,0,1,0
track_0572382,0,0,0,0,1,0
track_0031982,1,0,0,0,0,0
track_0679796,0,0,0,0,1,0
track_1353820,0,1,0,0,0,1
track_0711270,0,0,0,1,1,0
track_1225957,0,0,0,0,0,1
track_0048719,0,0,0,0,1,0
track_1272454,0,0,0,0,1,0
track_1370319,1,0,0,0,0,0
track_1227104,0,0,0,0,1,0
track_1379925,0,0,1,0,0,1
track_1329940,0,0,1,0,0,0
track_0031431,0,0,0,0,0,1
track_0031435,0,0,0,0,0,1
track_1106982,1,0,0,0,0,0
track_1373036,0,0,0,0,1,0
track_1245185,0,1,0,0,0,0
track_0764950,0,0,0,0,0,1
track_1067694,0,0,0,0,0,1
track_0683797,0,0,0,0,0,1
track_0873557,0,0,0,0,1,0
track_1131493,0,0,0,0,1,0
track_0752758,1,0,0,0,0,0
track_1374298,1,0,0,0,0,0
track_0364090,0,1,1,0,0,1
track_0414051,1,0,0,0,0,0
track_0151070,1,0,0,0,0,0
track_1165527,0,1,0,1,0,0
track_0368770,0,0,0,0,0,1
track_1330503,1,0,0,0,0,0
track_1222625,1,0,0,0,0,0
track_1129997,0,0,0,0,1,0
track_0392588,0,1,0,0,0,0
track_0146589,1,0,0,0,0,0
track_0736786,1,0,0,0,0,0
track_1417902,0,0,0,1,0,0
track_0989873,0,1,0,1,0,0
track_1159745,0,0,1,0,0,0
track_1371863,1,0,0,0,0,0
track_0884407,0,0,0,0,1,0
track_1214388,0,1,0,0,0,0
track_1163208,0,0,1,0,0,0
track_1393403,0,0,0,0,0,1
track_1061177,1,0,0,0,0,0
track_0743964,0,0,0,0,1,0
track_0414119,1,0,0,0,0,0
track_0953635,0,0,0,0,0,1
track_1156576,0,1,0,0,0,0
track_0405919,0,0,1,0,0,0
track_1350761,1,0,0,0,1,0
track_1287056,1,0,0,0,0,0
track_0205077,0,1,0,1,1,0
track_0785635,0,0,1,0,0,0
track_0192236,0,0,1,0,0,0
track_1037054,0,0,1,0,0,0
track_0470750,1,0,0,0,0,0
track_0362500,0,1,0,0,0,0
track_1397804,0,0,1,0,0,1
track_1216214,0,1,0,0,0,0
track_1017998,0,1,0,0,0,0
track_1309755,0,0,1,0,0,0
track_0647535,0,0,0,1,0,0
track_1380654,0,0,0,0,0,1
track_1240415,0,0,0,0,1,0
track_1077038,0,0,1,0,0,0
track_1187420,1,0,0,0,0,0
track_0858542,1,0,0,0,0,0
track_0839519,0,0,0,0,1,0
track_1277829,1,0,0,0,0,0
track_0950825,0,0,0,0,0,1
track_0400867,0,1,0,0,0,0
track_1111538,0,0,1,0,0,0
track_1369650,0,0,0,0,1,1
track_1075172,0,1,0,1,0,0
track_0991748,1,0,0,0,0,0
track_1234415,0,0,1,0,0,0
track_0034854,0,0,0,0,1,0
track_1046840,0,1,0,0,0,0
track_1156015,0,0,0,0,0,1
track_1151199,0,0,0,0,1,0
track_1134436,1,0,0,0,0,0
track_1330890,0,0,0,0,1,0
track_1162354,0,1,0,0,0,0
track_1038120,0,1,0,0,0,0
track_1023325,1,0,0,0,0,0
track_0709422,1,0,0,0,0,0
track_1377412,1,0,0,0,0,0
track_0556354,0,0,0,1,1,0
track_1164981,0,0,1,0,0,0
track_1012598,0,0,0,1,0,0
track_0356426,0,0,0,0,0,1
track_1029335,0,0,0,1,0,0
track_0409025,0,0,0,0,0,1
track_1046434,0,0,0,0,0,1
track_0944145,1,0,0,0,0,0
track_1311818,1,0,0,0,0,0
track_1344145,0,1,0,0,0,1
track_1115533,1,0,0,0,0,0
track_0368745,0,0,0,0,0,1
track_0460301,1,0,0,0,0,0
track_1075207,0,1,0,1,0,0
track_0031434,0,0,0,0,0,1
track_1384753,0,0,0,0,0,1
track_1419650,0,0,0,1,0,0
track_1109868,0,0,0,1,0,0
track_1078430,0,0,0,0,0,1
track_1000082,1,0,0,0,0,0
track_1157600,0,0,0,1,0,0
track_1128211,0,0,1,0,0,0
track_1077041,0,0,1,0,0,0
track_0957938,0,1,0,0,0,1
track_1164993,0,0,1,0,0,0
track_1248247,0,0,0,1,0,0
track_1048681,0,0,0,1,0,0
track_0466208,0,0,1,0,0,0
track_1354685,1,0,0,0,1,0
track_0121140,0,0,0,0,1,0
track_1288117,1,0,0,0,0,0
track_1189649,0,0,1,0,0,0
track_1320635,0,0,0,1,0,0
track_0073120,0,0,0,0,1,0
track_0579640,0,0,1,0,0,1
track_1260048,0,1,0,0,0,0
track_1094445,0,0,0,1,0,0
track_1096078,0,0,0,0,0,1
track_0874889,0,1,0,0,0,0
track_1119436,1,0,0,0,0,0
track_0897321,0,0,0,1,0,0
track_0149625,0,0,0,0,0,1
track_0139602,0,0,0,0,0,1
track_0962587,0,0,0,1,1,0
track_1107680,0,0,0,1,0,0
track_0802179,0,0,0,1,0,0
track_1165407,0,0,1,0,0,0
track_0903605,1,0,0,0,0,0
track_1402705,0,1,0,0,0,0
track_1163970,0,0,1,0,0,0
track_1380680,0,0,0,0,0,1
track_1371293,1,0,0,0,0,0
track_1231041,0,0,0,1,0,0
track_0891614,0,1,0,1,0,0
track_1355463,0,0,0,1,0,0
track_0603757,0,0,0,0,0,1
track_1162018,0,0,0,0,0,1
track_1028798,0,0,0,1,1,0
track_1356512,0,1,0,0,0,0
track_1331482,0,1,0,0,0,0
track_1397347,1,0,0,0,0,0
track_0659891,0,0,0,1,0,0
track_1094055,1,0,0,0,0,0
track_1267131,1,0,0,0,0,0
track_0976783,0,1,0,0,1,0
track_1272514,0,0,1,0,0,0
track_1100200,1,0,0,0,0,0
track_1132713,0,0,0,1,0,0
track_1210147,0,0,0,1,0,0
track_0417582,1,0,0,0,0,0
track_1086774,0,1,0,0,0,0
track_1068821,0,0,0,1,0,0
track_0209073,0,0,1,0,0,0
track_1072570,0,0,0,0,1,0
track_1397736,0,0,1,0,0,0
track_0015655,0,0,0,0,1,0
track_1339697,0,1,0,0,0,0
track_0771294,0,1,0,1,0,0
track_1219698,0,0,0,0,0,1
track_1194757,0,0,0,1,0,0
track_1287490,0,1,0,0,1,0
track_0771290,0,1,0,1,0,0
track_0875752,0,1,0,0,0,0
track_0450992,0,1,0,0,0,1
track_1273390,0,1,0,1,0,0
track_1177889,0,0,1,0,0,0
track_1296151,0,1,0,0,0,0
track_1113649,0,0,0,0,1,0
track_1303225,0,1,0,0,0,0
track_0921506,0,0,0,0,1,0
track_1146587,0,1,0,0,0,0
track_1166104,0,0,1,0,0,0
track_1130998,0,0,1,0,0,1
track_1208040,0,0,1,0,0,0
track_1264089,1,0,0,0,0,0
track_1152622,0,0,0,0,0,1
track_1284528,0,0,1,0,0,0
track_1275425,0,1,0,0,0,1
track_1166943,0,0,0,0,1,0
track_1289369,0,0,0,0,0,1
track_1399631,0,1,0,0,0,0
track_0900510,0,1,0,0,0,0
track_1210790,0,0,1,0,0,0
track_0284926,1,0,0,0,0,0
track_1055323,0,1,0,0,0,0
track_1190841,0,1,0,0,0,0
track_1156435,1,0,0,0,0,0
track_1087795,0,0,0,0,1,0
track_1049746,0,0,0,0,0,1
track_0564206,0,0,0,1,0,0
track_1109863,0,0,0,1,0,0
track_1290698,0,0,1,0,0,0
track_0149296,0,0,1,0,0,0
track_0078726,0,0,1,0,0,1
track_1234423,0,0,0,0,1,0
track_0084183,0,0,1,0,0,1
track_0846412,0,0,0,0,1,0
track_1231036,0,0,0,1,0,0
track_1360754,0,1,0,0,0,0
track_1159615,0,0,1,0,0,0
track_1136877,0,0,0,1,1,0
track_1393489,0,1,0,0,0,0
track_0151089,1,0,0,0,0,0
track_1110767,0,1,0,0,0,0
track_1075209,0,1,0,1,0,0
track_0647540,0,0,0,1,0,0
track_1203752,0,0,0,0,1,0
track_0789658,0,0,0,0,0,1
track_0512153,1,0,0,0,0,0
track_0997872,1,0,0,0,0,1
track_1251038,0,0,0,0,0,1
track_1027924,0,1,0,0,0,0
track_1242277,0,0,1,0,0,1
track_1254621,0,0,1,0,0,1
track_0015664,0,1,0,0,0,0
track_1023474,1,0,0,0,0,0
track_0934870,0,0,0,0,0,1
track_0282557,0,1,0,0,0,0
track_0167298,1,0,0,0,0,0
track_1136527,0,1,0,0,0,0
track_1087536,0,0,1,0,0,0
track_0802275,0,0,0,1,1,0
track_0073158,0,0,0,0,0,1
track_0081266,0,1,0,1,0,0
track_0618817,0,0,0,0,0,1
track_1136874,0,0,0,1,1,0
track_1177439,0,0,0,1,0,0
track_1234987,0,0,0,0,1,0
track_1147339,0,0,0,0,0,1
track_0151082,1,0,0,0,0,0
track_1270018,0,0,0,0,0,1
track_0084197,0,0,1,0,0,1
track_1289129,1,0,0,0,1,0
track_0349112,1,0,0,0,0,0
track_0965594,1,0,0,0,1,0
track_0939242,0,0,0,0,0,1
track_1278239,0,0,0,0,1,0
track_1350756,1,0,0,0,1,0
track_1028804,0,0,0,1,1,0
track_0968979,0,0,0,0,0,1
track_1326735,0,0,0,0,1,0
track_1348042,1,0,0,0,0,0
track_0084020,0,0,1,0,0,1
track_0897997,0,0,0,1,1,0
track_1348733,0,0,1,0,0,1
track_1138825,0,0,0,1,0,0
track_0111043,0,1,0,0,0,0
track_1159953,0,0,1,0,0,0
track_1251476,1,0,0,0,0,0
track_1248277,0,0,0,1,0,0
track_0259855,1,0,0,0,0,0
track_1075197,0,1,0,1,0,0
track_1320571,0,0,1,0,0,1
track_1342575,1,0,0,0,0,0
track_0257173,1,0,0,0,0,0
track_0259686,1,0,0,0,0,0
track_0653707,0,1,0,0,0,0
track_0307555,0,1,0,0,0,1
track_0764570,0,1,0,0,0,0
track_1372063,0,1,0,1,0,0
track_0908094,0,1,0,0,0,0
track_0858544,1,0,0,0,0,0
track_1169724,1,0,0,0,0,0
track_1133346,0,1,0,1,0,0
track_0364088,0,1,0,0,0,1
track_1286536,0,0,1,0,0,0
track_1369649,0,0,0,0,1,1
track_1125685,0,0,0,0,0,1
track_1166713,0,0,0,1,0,0
track_1199050,0,1,0,0,0,1
track_1293998,0,0,1,0,0,0
track_1210242,1,0,0,0,0,0
track_0647541,0,0,0,1,0,0
track_0081206,0,1,0,1,0,0
track_0991990,0,0,1,0,0,0
track_1170528,1,0,0,0,0,0
track_0864173,1,0,0,0,0,0
track_1113882,0,0,0,0,0,1
track_1040987,0,0,0,0,1,0
track_0802183,0,0,0,1,0,0
track_1130010,0,0,0,0,1,0
track_0625207,0,0,0,0,1,0
track_0514000,0,0,0,0,1,0
track_0297870,0,0,1,0,0,0
track_1364942,0,0,1,0,0,0
track_0897987,0,0,0,1,1,0
track_1117540,0,0,1,0,0,0
track_1269903,0,0,1,0,0,0
track_1364932,0,0,1,0,0,0
track_1097626,0,1,0,0,1,0
track_0076974,0,0,1,0,0,0
track_0890610,0,1,0,0,0,0
track_0709629,1,0,0,0,0,0
track_0133657,0,1,0,0,0,1
track_1053495,0,0,0,0,1,0
track_1049739,0,0,0,0,0,1
track_1029330,0,0,0,1,0,0
track_0998389,0,0,1,0,0,1
track_0556376,0,0,0,1,1,0
track_0356418,0,0,0,0,0,1
track_0921512,0,0,0,0,1,0
track_0798200,1,0,0,0,0,0
track_1098669,0,0,0,0,1,0
track_1159659,0,0,1,0,0,0
track_0683807,0,0,0,0,0,1
track_1075166,0,1,0,1,0,0
track_0711255,0,0,0,1,1,0
track_1246832,0,0,0,0,1,0
track_1379951,0,0,0,0,0,1
track_0011751,0,0,0,0,1,0
track_0938053,0,0,1,0,0,0
track_0192895,1,0,0,0,0,0
track_1109856,0,0,0,1,0,0
track_1186547,0,0,0,1,0,0
track_0196223,1,0,0,0,0,0
track_0259417,1,0,0,0,0,0
track_1161763,0,0,0,0,0,1
track_1129981,0,0,0,0,1,0
track_1296929,0,1,1,0,0,0
track_1109867,0,0,0,1,0,0
track_1041562,0,0,1,0,0,0
track_0271878,1,0,0,0,0,0
track_0830870,1,0,0,0,0,0
track_1156967,0,0,0,1,0,0
track_1345276,1,0,0,0,0,0
track_1112010,1,0,0,0,0,0
track_1406724,0,0,0,0,0,1
track_0897992,0,0,0,1,1,0
track_0785628,0,0,1,0,0,0
track_1165906,0,1,0,0,0,0
track_1241455,1,0,0,0,0,0
track_1052149,0,1,0,0,0,0
track_0387038,0,0,1,0,0,0
track_1376072,0,0,0,0,1,0
track_0205088,0,1,0,1,1,0
track_1034298,0,0,0,0,1,0
track_0986592,0,0,1,0,0,0
track_1163968,0,0,1,0,0,0
track_1414123,0,0,0,0,0,1
track_1168782,0,0,0,0,0,1
track_1349189,0,1,0,0,0,0
track_1028801,0,0,0,1,1,0
track_1082913,1,0,0,0,0,0
track_1029949,0,1,0,0,0,0
track_1188978,0,0,1,0,0,0
track_1125688,0,0,0,0,0,1
track_1085600,0,0,1,0,1,0
track_0986873,0,0,0,0,1,0
track_0659889,0,0,0,1,0,0
track_1390995,0,1,0,0,0,0
track_1130994,0,0,1,0,0,1
track_1207619,1,0,0,0,1,0
track_1111837,0,1,0,0,0,0
track_1113990,1,0,0,0,0,0
track_1023482,1,0,0,0,0,0
track_1063872,1,0,0,0,0,0
track_0907360,0,0,0,0,0,1
track_0862194,1,0,0,0,0,0
track_0287429,0,0,0,0,0,1
track_1064763,0,0,0,0,1,0
track_1163969,0,0,1,0,0,0
track_1032797,0,0,0,1,0,0
track_0636317,1,0,0,0,0,0
track_0133517,0,0,1,0,0,0
track_1041707,0,1,0,0,0,0
track_0553248,0,0,0,1,0,0
track_0205091,0,1,0,1,1,0
track_0246923,0,0,1,0,0,0
track_1243734,0,1,0,1,0,0
track_0081804,0,1,0,0,1,0
track_1075211,0,1,0,1,0,0
track_0709627,1,0,0,0,0,0
track_0924960,1,0,0,0,0,0
track_0028191,0,1,0,0,0,1
track_0470757,1,0,0,0,0,0
track_1165505,0,1,0,1,0,0
track_0242738,0,0,1,0,0,0
track_0891601,0,1,0,1,0,0
track_1355271,0,0,0,1,0,0
track_1268044,0,0,0,0,0,1
track_1398419,0,0,0,1,0,0
track_1183079,0,0,0,1,0,0
track_1209624,0,0,0,0,1,0
track_0459308,0,1,0,1,0,0
track_0711273,0,0,0,1,1,0
track_0922856,0,0,0,0,0,1
track_0848845,0,0,1,0,0,1
track_0941159,0,0,1,0,0,0
track_1302077,0,1,0,1,0,0
track_0858547,1,0,0,0,0,0
track_0565802,0,0,0,1,1,0
track_1164345,1,0,0,0,0,0
track_1225192,0,0,1,0,0,0
track_1376068,0,0,0,0,1,0
track_0284169,0,1,0,0,0,0
track_1049833,0,0,0,0,0,1
track_0230903,0,0,0,0,0,1
track_1117568,0,0,0,0,1,1
track_0206006,0,0,0,0,1,0
track_1165297,0,0,0,0,1,0
track_0287788,0,1,0,0,0,0
track_0810897,0,0,0,0,0,1
track_1399518,0,0,0,0,1,1
track_1243739,0,1,0,1,0,0
track_1328470,0,0,1,0,0,0
track_0353349,0,0,1,0,0,0
track_1373457,0,0,0,0,0,1
track_1294886,0,0,0,1,0,0
track_0417215,0,0,0,0,0,1
track_1093297,0,1,0,0,0,0
track_1231044,0,0,0,1,0,0
track_1162100,0,0,1,0,0,0
track_0139617,0,0,0,0,0,1
track_1386497,0,0,0,0,0,1
track_1148177,0,0,0,0,0,1
track_1102227,0,0,0,0,1,0
track_1029326,0,0,0,1,0,0
track_1309759,0,0,1,0,0,1
track_1300046,0,0,0,0,1,0
track_0015662,0,1,0,1,0,0
track_1372078,0,0,0,1,0,0
track_1373038,0,0,0,0,1,0
track_0025241,1,0,0,0,0,0
track_0302312,0,0,0,0,1,1
track_1276897,0,0,0,1,0,0
track_1270577,0,0,0,0,1,0
track_1129656,0,0,0,0,0,1
track_1053399,0,1,0,0,0,0
track_1340366,0,0,0,0,1,0
track_0731423,1,0,0,0,1,0
track_1300039,0,0,0,0,1,0
track_1144133,0,0,0,0,0,1
track_0891608,0,1,0,1,0,0
track_1087755,0,0,0,0,1,0
track_1166155,1,0,0,0,0,0
track_0897990,0,0,0,1,1,0
track_1195884,0,0,1,0,0,1
track_1211529,0,0,0,0,0,1
track_1228855,0,0,0,0,1,0
track_1147338,0,0,0,0,0,1
track_1149221,0,1,0,0,0,0
track_1149229,0,1,0,0,0,0
track_1187322,0,0,1,0,0,0
track_0215561,0,0,0,0,0,1
track_1277848,1,0,0,0,0,0
track_1073708,1,0,0,0,0,0
track_1098681,0,0,0,0,1,0
track_1284681,0,0,1,0,0,0
track_1345057,0,1,0,0,0,0
track_0263591,0,1,0,0,0,0
track_0986590,0,0,1,0,0,0
track_1096813,0,1,0,0,0,0
track_0510383,0,0,1,0,0,0
track_1342576,1,0,0,0,0,0
track_1169062,0,0,0,0,0,1
track_1414176,0,0,0,0,0,1
track_0773682,0,0,1,0,0,0
track_0799915,1,0,0,0,0,0
track_1084816,0,0,0,0,0,1
track_1068670,1,0,0,0,0,0
track_0400859,0,1,0,1,0,0
track_1154250,1,1,0,0,0,0
track_1415107,1,0,0,0,0,0
track_1340797,0,1,0,1,0,0
track_1316756,0,0,0,0,0,1
track_1405086,0,0,0,0,0,1
track_0017494,0,0,0,0,1,0
track_1169207,0,1,0,0,0,0
track_1345286,0,0,1,0,0,0
track_1277897,0,0,0,1,0,0
track_1227101,0,0,0,0,1,0
track_0991717,0,1,0,0,0,0
track_1115636,1,0,0,0,0,0
track_1267132,1,0,0,0,0,0
track_0202186,0,1,0,0,0,0
track_1067699,0,0,0,0,0,1
track_0018865,1,1,0,0,0,0
track_0151141,1,0,0,0,0,0
track_1264197,0,0,0,1,0,0
track_0986860,0,0,0,0,1,0
track_1186162,0,0,1,0,0,0
track_0352691,1,0,0,0,0,0
track_1339230,1,0,0,0,0,0
track_1098401,0,0,0,0,1,0
track_1107251,0,0,0,1,0,0
track_0387422,0,0,0,0,1,0
track_1398420,0,0,0,1,0,0
track_1375203,1,0,1,0,0,0
track_1414965,1,0,0,0,0,0
track_1012592,0,0,0,1,0,0
track_0347638,0,0,1,0,0,0
track_0565795,0,0,0,1,1,0
track_0151019,1,0,0,0,0,0
track_1398413,0,0,0,1,0,0
track_1027899,0,0,0,0,0,1
track_0275863,1,0,0,0,0,0
track_0897320,0,0,0,1,0,0
track_1186993,0,0,0,0,0,1
track_0810895,0,0,0,0,0,1
track_0608912,0,0,0,0,1,0
track_1182881,0,1,0,0,0,1
track_1096088,0,0,0,0,0,1
track_1030099,0,1,0,0,0,0
track_0646647,1,0,0,0,0,0
track_1162379,0,1,0,0,0,0
track_1065623,0,1,0,0,0,0
track_1416232,1,0,0,0,0,1
track_0962591,0,0,0,1,1,0
track_0784879,0,0,0,0,0,1
track_0607862,0,0,0,0,0,1
track_0891609,0,1,0,1,0,0
track_1372502,0,0,1,0,0,0
track_1221307,1,0,0,0,0,0
track_0752115,0,0,0,0,0,1
track_0246452,0,0,1,0,0,1
track_1148259,1,0,0,0,0,1
track_0565803,0,0,0,1,1,0
track_1074904,1,0,0,0,0,0
track_1202189,0,0,0,1,0,0
track_0361003,0,0,1,0,0,0
track_0802279,0,0,0,1,1,0
track_1388865,0,0,0,0,1,0
track_0026228,0,0,0,0,1,0
track_0517483,1,0,0,0,0,0
track_0076977,0,0,1,0,0,0
track_1253423,1,0,0,0,0,0
track_1064329,0,1,1,0,0,0
track_0941154,0,0,1,0,0,0
track_1419495,1,0,0,0,0,0
track_1168808,0,1,0,0,0,0
track_0166577,0,0,1,0,0,0
track_1165530,0,1,0,1,0,0
track_1075187,0,1,0,1,0,0
track_1201476,0,0,0,1,0,0
track_0976784,0,1,0,0,1,0
track_1117572,0,0,0,0,1,0
track_1067257,1,0,0,0,0,0
track_1170737,0,0,1,0,0,0
track_0957461,0,0,1,0,0,0
track_0134799,0,0,1,0,0,0
track_1167578,0,0,0,0,1,0
track_0126063,0,1,0,0,0,0
track_0011773,0,0,0,0,1,0
track_0119404,0,0,0,0,0,1
track_1371097,0,1,0,0,0,0
track_0166592,0,0,1,0,0,1
track_1222011,0,0,1,0,0,0
track_1416533,1,0,0,0,0,0
track_0802295,0,0,0,1,0,0
track_1244713,0,1,0,0,0,0
track_0579644,0,0,1,0,0,0
track_1160114,0,0,1,0,0,0
track_0718301,0,0,0,0,1,0
track_0704690,0,0,0,0,1,0
track_0362253,0,0,0,0,1,0
track_1066893,0,0,0,0,1,0
track_0368742,0,0,0,0,0,1
track_1326800,0,0,0,1,0,0
track_1119020,0,0,0,0,0,1
track_1067290,0,0,0,0,0,1
track_1117565,0,0,0,0,1,0
track_1201480,0,0,0,1,0,0
track_1143218,0,0,0,0,0,1
track_1110512,0,1,0,0,0,0
track_1181303,0,0,1,0,0,0
track_0272986,1,0,0,0,0,0
track_1414154,0,0,0,0,1,0
track_1205065,0,1,0,0,0,0
track_0533166,1,0,0,0,0,0
track_1122016,1,0,0,0,0,0
track_1001312,1,0,0,0,0,0
track_1169840,0,1,0,0,0,0
track_1084190,1,0,0,0,0,0
track_1111827,0,1,0,0,0,0
track_0293162,0,0,1,0,0,1
track_0341608,0,1,0,0,0,0
track_1369696,0,0,0,0,0,1
track_1327796,0,0,0,0,0,1
track_0946948,0,1,0,0,0,0
track_1370863,0,0,0,0,1,0
track_1269562,1,0,0,0,0,0
track_1171564,0,0,0,0,0,1
track_0996966,0,0,1,0,0,0
track_1407842,0,0,0,0,0,1
track_1137242,1,1,0,0,0,0
track_1009600,1,0,0,0,0,0
track_1033183,0,0,0,0,1,0
track_0243702,1,0,0,0,0,0
track_1009065,1,0,0,0,0,0
track_1300020,0,1,0,0,0,0
track_1126693,0,0,0,0,1,0
track_0025225,1,0,0,0,0,0
track_0419879,0,1,0,0,0,0
track_1111980,1,1,0,0,0,0
track_0078733,0,0,1,0,0,1
track_1273057,0,0,1,0,0,0
track_1065624,0,1,0,0,0,0
track_1366167,0,0,0,0,1,0
track_1106792,1,0,0,0,0,0
track_0957939,0,1,0,0,0,1
track_1026349,0,1,0,0,0,0
track_1380655,0,0,0,0,0,1
track_1293737,0,0,0,1,0,0
track_1248620,0,1,0,1,0,0
track_0659886,0,0,0,1,0,0
track_1021755,0,0,0,1,0,0
track_0271875,1,0,0,0,0,0
track_1125824,0,0,1,0,0,1
track_1315934,0,0,1,0,0,0
track_1313338,0,1,0,1,0,0
track_1034277,0,0,0,0,0,1
track_0162038,0,0,1,0,0,0
track_0157676,0,1,0,0,0,0
track_1057806,1,0,1,0,0,0
track_1132793,1,0,0,0,0,0
track_1289133,1,0,0,0,1,0
track_1400608,0,0,1,0,0,1
track_1417342,1,0,0,0,0,0
track_1086259,0,0,0,0,1,0
track_0949223,1,0,0,0,0,0
track_0352684,1,0,0,0,0,0
track_0711253,0,0,0,1,1,0
track_1064323,0,1,1,0,0,0
track_1028800,0,0,0,1,1,0
track_1307834,0,0,1,0,0,0
track_0811117,1,0,0,0,0,0
track_1110523,0,1,0,0,0,0
track_0915277,0,1,0,0,0,0
track_0556375,0,0,0,1,1,0
track_1369647,0,0,0,0,1,1
track_1105661,0,0,0,1,0,0
track_0081215,0,1,0,1,0,0
track_1163324,0,0,0,0,1,0
track_1127154,0,0,0,0,0,1
track_1149237,0,1,0,0,0,0
track_1414155,0,0,0,0,1,0
track_1127377,0,0,1,0,0,0
track_0919478,0,1,0,0,0,1
track_1085243,1,0,0,0,0,0
track_1034453,0,1,0,0,0,0
track_1297801,1,0,0,0,0,0
track_1129034,0,0,0,0,1,0
track_1376054,0,0,0,0,1,0
track_0046039,0,0,0,0,0,1
track_1199053,0,1,0,1,0,0
track_0244237,0,0,1,0,0,0
track_1194765,0,0,0,1,0,0
track_1159947,0,0,1,0,0,0
track_1165513,0,1,0,1,0,0
track_1345307,1,1,0,0,0,0
track_1124968,0,1,0,0,0,1
track_0048724,0,0,0,0,1,0
track_1089277,0,0,0,0,1,0
track_1380595,0,1,0,0,0,0
track_1250198,0,1,0,0,0,0
track_1134642,0,0,0,0,0,1
track_0088562,1,0,0,0,1,0
track_1248275,0,0,0,1,0,0
track_1324671,0,1,0,0,0,0
track_0087488,1,0,0,0,0,0
track_1309756,0,0,1,0,0,0
track_1001895,0,1,0,0,0,0
track_1032331,0,0,0,0,0,1
track_1370158,0,1,0,0,0,0
track_1264192,0,0,0,1,0,0
track_1369953,0,0,1,0,0,1
track_1064041,1,0,0,0,0,0
track_1335393,1,0,0,0,0,0
track_0074750,0,0,1,0,0,0
track_1203431,0,0,1,0,0,0
track_1098682,0,0,0,0,1,0
track_0755593,0,0,0,0,1,0
track_1072573,0,0,0,0,1,0
track_1320006,0,0,0,1,0,0
track_1290965,0,1,0,0,0,0
track_0940730,0,1,0,0,0,0
track_1068245,0,0,0,0,0,1
track_0086244,0,1,0,0,0,0
track_1193203,0,0,0,0,1,0
track_0880666,0,1,0,0,0,0
track_0835996,0,0,1,0,0,0
track_1171075,0,1,0,0,0,0
track_0996961,0,0,1,0,0,0
track_0537761,1,0,0,0,0,0
track_0136839,1,0,0,0,0,0
track_1156055,0,0,1,0,0,0
track_1023270,1,0,0,0,0,0
track_0014017,1,0,0,0,0,0
track_1177893,0,0,1,0,0,0
track_0449861,1,0,0,0,1,0
track_0151122,1,0,0,0,0,0
track_1060667,0,1,0,0,0,0
track_1321059,0,0,0,0,0,1
track_0376422,1,0,0,0,0,0
track_0703933,1,0,0,0,0,0
track_1122560,1,0,0,0,1,0
track_0982384,0,0,0,0,0,1
track_0571477,0,0,0,1,1,0
track_0026222,0,0,0,0,1,0
track_1319240,0,0,0,0,1,0
track_1368385,0,0,0,0,1,0
track_1065631,0,0,0,0,0,1
track_1264971,1,0,0,0,0,0
track_1124480,1,0,0,0,1,0
track_0031429,0,0,0,0,0,1
track_0438316,1,0,0,0,0,0
track_1299806,1,0,0,0,0,0
track_1198189,0,0,0,0,0,1
track_1367769,0,0,1,0,0,0
track_0014019,1,0,0,0,0,0
track_1057258,1,0,0,0,0,0
track_1277825,1,0,0,0,0,0
track_1128846,0,0,1,0,0,0
track_1360553,0,0,1,0,0,0
track_0081809,0,1,0,0,1,0
track_1133268,0,1,0,0,0,0
track_1395500,0,0,1,0,0,0
track_1203780,0,0,0,0,1,0
track_1268057,0,0,1,0,0,0
track_0482267,0,0,0,0,0,1
track_0585151,0,0,0,1,0,0
track_0785629,0,0,1,0,0,0
track_1015044,0,1,0,0,0,0
track_0973382,0,0,0,0,0,1
track_1053492,0,0,0,0,1,0
track_1201478,0,0,0,1,0,0
track_0948722,0,0,1,0,0,0
track_1088079,0,0,0,0,1,0
track_1374691,0,0,0,0,0,1
track_1054347,0,0,1,0,0,0
track_0553255,0,0,0,1,0,0
track_0080804,0,1,0,0,0,0
track_1136905,0,1,0,0,0,0
track_0280162,1,0,0,0,0,0
track_1071407,0,0,0,0,1,0
track_0962061,0,0,0,0,1,0
track_0425765,1,1,0,0,0,0
track_1078783,0,1,1,0,0,0
track_1028802,0,0,0,1,1,0
track_1078822,1,1,0,0,0,0
track_1336344,0,1,0,0,0,0
track_0302304,0,0,0,0,1,1
track_1112052,1,1,0,0,0,0
track_1341272,1,0,0,0,1,0
track_1069080,0,1,0,0,0,0
track_0150965,1,0,0,0,0,0
track_1211484,0,0,1,0,0,0
track_1320630,0,0,0,1,0,0
track_1134581,1,0,0,0,0,0
track_1061374,0,1,0,0,0,1
track_0005090,0,0,0,0,1,0
track_1379854,0,1,0,0,0,0
track_1274711,1,0,0,0,0,0
track_1070598,0,0,0,1,1,0
track_1397782,1,0,0,0,0,0
track_1076578,0,0,0,1,0,0
track_0602715,0,0,0,0,1,0
track_1348664,0,0,0,0,1,0
track_0873548,0,0,0,0,1,0
track_1369724,0,0,0,0,1,0
track_1369044,0,0,0,1,0,0
track_0594265,0,0,1,0,0,0
track_0891599,0,1,0,1,0,0
track_1244951,0,0,1,0,0,0
track_1041354,0,0,0,1,0,0
track_0202179,0,0,1,0,0,0
track_0014018,1,0,0,0,0,0
track_1163965,0,0,1,0,0,0
track_1320015,0,0,0,1,0,0
track_0941160,0,0,1,0,0,0
track_1320031,0,0,0,1,0,0
track_1358844,0,1,0,0,0,0
track_0011756,0,0,0,0,1,0
track_0967566,1,0,0,0,0,0
track_0867662,0,0,1,0,0,1
track_1075186,0,1,0,1,0,0
track_1088089,0,0,0,0,1,0
track_1096877,0,0,0,0,1,0
track_0347852,0,0,1,0,0,0
track_0286107,0,1,0,0,0,0
track_1078446,0,0,1,0,0,1
track_0579646,0,0,1,0,0,0
track_1235361,0,0,1,0,0,1
track_1227372,0,0,0,0,1,0
track_1141670,0,0,0,0,0,1
track_1274153,1,0,0,0,0,0
track_1168169,0,0,0,1,0,0
track_0080764,0,1,0,0,0,0
track_1192421,0,0,0,0,0,1
track_1249927,0,0,0,1,0,0
track_0264446,0,1,0,1,0,0
track_0711262,0,0,0,1,1,0
track_0811658,0,0,0,0,0,1
track_1171725,0,0,0,0,0,1
track_1397150,0,0,0,0,0,1
track_1146533,1,0,0,0,0,0
track_1206165,1,0,0,0,0,0
track_0659888,0,0,0,1,0,0
track_1221848,0,0,0,0,0,1
track_0704685,1,0,0,0,0,0
track_1165743,0,1,0,0,0,0
track_0571488,0,0,0,1,1,0
track_1112009,1,0,0,0,0,0
track_1054257,0,1,0,0,0,0
track_1244950,0,0,1,0,0,0
track_0146587,1,0,0,0,0,0
track_0606114,0,0,0,0,0,1
track_1046568,1,0,0,0,0,0
track_0202177,0,0,1,0,0,0
track_1367655,0,1,0,0,0,0
track_0786778,0,1,0,0,0,0
track_1374946,0,0,0,0,0,1
track_0647525,0,0,0,1,0,0
track_0352930,1,0,0,0,0,1
track_1380601,1,0,0,0,0,0
track_1207616,0,0,0,0,1,0
track_0565799,0,0,0,1,1,0
track_1109897,0,1,0,0,0,0
track_0417576,0,0,1,0,0,0
track_1124871,0,0,0,0,1,0
track_0918875,0,1,0,0,0,0
track_0976792,0,1,0,0,1,0
track_0149489,1,0,0,0,0,0
track_0318670,0,0,0,0,0,1
track_1158020,0,0,1,0,0,0
track_1230632,0,0,0,0,0,1
track_1206777,0,0,0,0,1,0
track_0962583,0,0,0,1,1,0
track_0521030,0,1,0,1,0,0
track_1158503,0,0,0,0,1,0
track_0585147,0,0,0,1,0,0
track_1407885,0,0,1,0,1,0
track_0150944,1,0,0,0,0,0
track_1114714,0,1,0,0,0,0
track_1396930,0,0,0,0,0,1
track_0950797,0,0,0,0,0,1
track_0243734,0,0,1,0,0,0
track_1130995,0,0,1,0,0,1
track_0855408,0,1,0,0,0,0
track_1170408,1,0,0,0,0,0
track_1379191,1,0,0,0,0,0
track_0957458,0,0,1,0,0,0
track_1275145,1,0,0,0,0,0
track_1062887,0,1,0,0,0,0
track_0236416,0,1,0,0,1,0
track_1253431,0,0,0,0,0,1
track_1227103,0,0,0,0,1,0
track_0918917,0,1,0,0,0,0
track_1154733,0,0,0,0,0,1
track_0802282,0,0,0,1,1,0
track_1133483,0,0,0,0,0,1
track_1225866,0,0,1,0,0,0
track_1265324,1,0,0,0,0,0
track_1167696,0,0,1,0,0,0
track_1231035,0,0,0,1,0,0
track_1289085,0,0,1,0,0,0
track_0117549,0,1,0,0,0,0
track_1115916,0,0,0,0,0,1
track_1248270,0,0,0,1,0,0
track_1009673,0,0,1,0,0,0
track_1339670,1,0,0,0,0,0
track_1189963,0,1,0,0,0,0
track_1309358,0,0,0,0,1,0
track_1329188,0,0,0,1,0,0
track_1167079,1,0,0,0,0,0
track_1203425,0,0,1,0,0,0
track_1324674,1,1,0,0,0,0
track_1322172,0,0,0,0,0,1
track_1109859,0,0,0,1,0,0
track_1199048,0,1,0,0,0,1
track_0417581,0,0,1,0,0,0
track_1159743,0,0,1,0,0,0
track_0383589,0,0,0,1,0,0
track_1070645,1,0,0,0,0,0
track_1092180,0,1,0,0,0,0
track_0941957,0,0,0,0,0,1
track_1057411,0,0,0,0,0,1
track_0459184,0,0,1,0,0,0
track_0675853,1,0,0,0,0,0
track_1379486,0,1,0,0,0,0
track_1096796,0,1,0,0,0,0
track_1302604,0,1,0,0,0,0
track_0210606,1,0,0,0,0,0
track_1125575,0,1,0,0,0,0
track_1083409,1,0,0,0,0,0
track_1155992,0,0,0,0,0,1
track_0022550,0,0,0,0,1,0
track_0986869,0,0,0,0,1,0
track_0553090,0,0,0,1,0,0
track_0890978,0,0,0,0,1,0
track_1149535,0,0,1,0,0,0
track_1106379,0,0,1,0,0,0
track_1148776,0,0,0,1,1,0
track_1272786,0,0,0,0,1,0
track_1100508,0,1,0,1,0,0
track_0113857,1,0,0,0,0,0
track_1279781,0,0,1,0,0,0
track_1372870,0,0,1,0,0,0
track_0675841,1,0,0,0,0,0
track_1165474,0,0,1,0,0,0
track_1162017,0,0,0,0,0,1
track_0947022,1,0,0,0,0,0
track_0949032,0,0,1,0,0,0
track_1082918,0,1,0,0,0,0
track_0957931,0,1,0,0,0,1
track_1137259,0,0,1,0,0,0
track_1174465,0,0,0,1,0,0
track_1265323,1,0,0,0,0,0
track_1419783,0,1,0,0,0,0
track_0139624,0,0,0,0,0,1
track_0638279,0,0,0,0,0,1
track_1355018,0,0,1,0,0,0
track_1373035,0,0,0,0,1,0
track_1138684,0,0,1,0,0,1
track_1084676,0,0,1,0,0,0
track_1375206,1,0,1,0,0,0
track_1054122,0,1,0,0,0,0
track_0741682,0,0,0,0,1,0
track_0359658,1,0,0,0,0,0
track_1236870,0,1,0,0,0,1
track_1329475,0,0,1,0,0,0
track_0114773,0,0,0,0,1,0
track_1208346,1,0,0,0,0,0
track_1076568,0,0,0,1,0,0
track_0147713,1,0,0,0,0,0
track_0395473,0,1,0,0,0,0
track_0347841,0,0,1,0,0,0
track_1050084,1,0,0,0,0,0
track_0345143,0,0,0,0,0,1
track_0510377,0,0,1,0,0,0
track_0026233,0,0,0,0,1,0
track_0976814,0,0,0,0,0,1
track_1061369,0,1,0,0,0,1
track_1261463,0,1,0,0,0,1
track_1164478,1,0,0,0,0,0
track_1401344,0,0,1,0,0,0
track_0890485,0,1,0,0,0,0
track_1156975,0,0,0,1,0,0
track_1075212,0,1,0,1,0,0
track_1381589,0,0,1,0,0,0
track_0297689,0,0,1,0,0,0
track_1060322,1,0,0,0,0,0
track_0575226,0,0,1,0,0,0
track_1061367,0,1,0,0,0,0
track_1221525,0,0,0,0,0,1
track_1265912,0,0,0,0,0,1
track_1131558,0,1,0,0,0,0
track_1326533,0,0,1,0,0,0
track_0936357,0,1,0,0,0,1
track_1164987,0,0,1,0,0,0
track_0083425,0,1,0,0,0,0
track_1163316,0,0,0,0,1,0
track_0934046,0,0,1,0,0,0
track_1076581,0,0,0,1,0,0
track_0242640,0,0,1,0,0,0
track_1129382,0,1,0,0,0,0
track_0259683,1,0,0,0,0,0
track_0057860,0,0,0,0,1,0
track_1071502,1,0,0,0,0,0
track_0048721,0,0,0,0,1,0
track_0618451,0,0,0,1,1,0
track_1156039,0,0,0,0,0,1
track_1227375,0,0,0,0,1,0
track_1133344,0,1,0,1,0,0
track_1248604,0,1,0,1,0,0
track_0209149,0,0,1,0,0,0
track_0321554,1,0,0,0,0,0
track_0996963,0,0,1,0,0,0
track_1095730,1,0,0,0,0,0
track_0347557,0,0,1,0,0,0
track_1222852,1,0,0,0,0,0
track_1100053,1,0,0,0,0,0
track_1225735,0,1,0,0,0,0
track_1364933,0,0,1,0,0,0
track_1075215,0,1,0,1,0,0
track_0893402,1,0,0,0,0,0
track_0046538,1,0,0,0,0,0
track_1189956,0,0,1,0,0,0
track_0259834,1,0,0,0,0,0
track_1168546,0,1,0,0,0,0
track_1165529,0,1,0,1,0,0
track_0151020,1,0,0,0,0,0
track_1056125,0,0,0,0,0,1
track_1126695,0,0,0,0,1,0
track_1235165,0,0,0,1,0,0
track_1335980,0,1,0,0,0,0
track_1221262,0,0,0,0,1,0
track_0571487,0,0,0,1,1,0
track_1216209,0,1,0,0,0,0
track_0873819,0,0,1,0,0,1
track_1089822,0,0,0,0,0,1
track_1018532,0,0,1,0,0,0
track_1320634,0,0,0,1,0,0
track_1106462,0,1,0,0,0,0
track_1277910,1,0,0,0,0,0
track_0133515,0,0,1,0,0,1
track_1330384,1,0,0,0,0,0
track_1133285,1,1,0,0,0,0
track_1105057,0,0,1,0,0,0
track_0950015,0,1,0,0,0,0
track_1154903,0,0,0,0,1,0
track_1087539,0,0,0,0,0,1
track_1289131,1,0,0,0,0,0
track_1319994,0,0,0,1,0,0
track_1326473,0,0,0,1,0,0
track_1192553,0,0,0,0,1,0
track_1132971,0,0,1,0,0,0
track_1101382,0,1,0,0,0,0
track_1331835,1,0,0,0,1,0
track_0719848,0,0,0,0,1,0
track_1264979,1,0,0,0,0,0
track_1102229,0,0,0,0,1,0
track_1163964,0,0,1,0,0,0
track_0943391,0,0,0,0,1,0
track_0356423,0,0,0,0,0,1
track_1295767,0,0,0,0,0,1
track_1160055,0,0,0,0,0,1
track_1057804,1,0,1,0,0,0
track_1351135,0,0,1,0,0,0
track_1248263,0,0,0,1,0,0
track_0363853,0,0,0,0,1,0
track_0698666,0,0,0,0,0,1
track_1163205,0,0,1,0,0,0
track_1206771,0,0,0,0,1,0
track_1039569,0,1,0,0,0,0
track_1320000,0,0,0,1,0,0
track_0783503,1,0,0,0,0,0
track_1201676,0,0,0,0,0,1
track_1270581,0,0,0,0,1,0
track_0356931,0,0,0,0,0,1
track_1129452,0,1,0,0,0,0
track_0644846,0,0,1,0,0,0
track_0914773,0,0,1,0,0,0
track_1348160,0,1,0,0,0,0
track_1169939,0,0,0,1,0,0
track_1189648,0,0,1,0,0,0
track_0383578,0,0,0,1,0,0
track_1248613,0,1,0,1,0,0
track_1173259,0,0,1,0,0,0
track_1089165,0,0,0,0,1,0
track_1125673,0,0,0,0,0,1
track_1079317,0,0,0,1,0,0
track_1057728,1,0,0,0,1,0
track_0205089,0,1,0,1,1,0
track_1398421,0,0,0,1,0,0
track_0038756,0,1,0,1,0,0
track_1085618,0,0,0,1,0,0
track_0326493,1,0,0,0,0,0
track_1052677,1,0,0,0,0,0
track_1097025,0,0,0,0,1,0
track_1210707,0,1,0,0,0,0
track_0080822,0,1,0,0,0,0
track_1053491,0,0,0,0,1,0
track_0847339,0,1,0,0,0,0
track_0080758,0,1,0,0,0,0
track_1330504,1,0,0,0,0,0
track_1330298,0,0,1,0,0,0
track_1101582,0,0,0,1,1,0
track_0819163,0,0,0,0,1,0
track_1156028,0,0,0,0,0,1
track_0571479,0,0,0,1,1,0
track_0151087,1,0,0,0,0,0
track_1331789,1,1,0,0,0,0
track_1389037,0,0,0,0,0,1
track_1185320,1,0,0,0,0,0
track_0084125,0,0,1,0,0,1
track_1066197,1,0,0,0,0,0
track_1352970,1,0,0,0,0,0
track_0802175,0,0,0,1,0,0
track_1153115,0,1,0,0,0,0
track_0943385,1,0,0,0,0,0
track_1380660,0,0,0,0,0,1
track_1115536,1,0,0,0,0,0
track_1157595,0,0,0,1,0,0
track_1039114,0,0,0,0,0,1
track_0647536,0,0,0,1,0,0
track_1127561,0,0,0,1,0,0
track_0936441,0,1,0,0,0,0
track_1209642,0,0,0,0,1,0
track_1105663,0,0,0,1,0,0
track_1234356,0,0,0,0,0,1
track_1084817,0,0,0,0,0,1
track_0693471,0,1,0,0,0,0
track_1126031,0,0,0,1,0,0
track_0026224,0,0,0,0,1,1
track_1234245,0,0,1,0,0,0
track_0088557,0,0,0,0,1,0
track_0659901,0,0,0,1,0,0
track_1269095,0,0,0,0,1,1
track_1119023,0,0,0,0,0,1
track_1030102,0,0,0,0,0,1
track_0353494,0,0,1,0,0,0
track_1340367,0,0,0,0,1,0
track_1353362,0,0,0,0,0,1
track_1054098,0,1,0,0,0,0
track_1137411,0,1,0,0,0,0
track_0780391,0,1,0,1,0,0
track_0461016,0,0,0,0,0,1
track_1121433,0,1,0,0,0,0
track_0888494,0,1,0,0,0,0
track_0150767,0,0,0,0,1,0
track_1162744,0,0,1,0,0,0
track_1265309,1,0,0,0,0,0
track_1135390,0,1,0,0,0,0
track_1321064,0,0,0,0,0,1
track_1098671,0,0,0,0,1,0
track_1109869,0,0,0,1,0,0
track_1038159,1,0,0,0,0,0
track_1069825,0,0,0,0,1,0
track_1288562,1,1,0,0,0,0
track_0019202,0,0,0,0,0,1
track_1127782,0,0,0,1,0,0
track_0272923,1,0,0,0,0,0
track_1041557,0,0,1,0,0,0
track_0867445,1,0,0,0,0,0
track_1102240,0,1,0,0,0,0
track_1248257,0,0,0,1,0,0
track_1101579,0,0,0,1,0,0
track_1129160,0,0,0,0,1,0
track_1014399,0,0,0,0,0,1
track_1147704,0,1,0,0,0,0
track_1076562,0,0,0,1,0,0
track_1324988,0,0,0,0,0,1
track_0846450,0,1,0,0,0,0
track_0811128,0,1,0,0,0,0
track_1202875,1,0,0,0,0,0
track_1029956,1,0,0,0,0,0
track_1250210,0,0,0,0,0,1
track_0106224,0,0,0,0,0,1
track_0844331,0,0,0,0,1,0
track_1392653,0,0,0,0,0,1
track_1057412,0,0,0,0,0,1
track_1395032,0,0,1,0,0,0
track_1313454,0,0,0,1,0,0
track_0915293,0,1,0,0,0,0
track_0464042,1,0,0,0,0,0
track_1243726,0,1,0,1,0,0
track_1147082,0,0,0,0,0,1
track_1149539,0,0,1,0,0,0
track_1171149,1,0,0,0,0,0
track_1056506,0,0,0,0,0,1
track_1036705,0,0,0,1,0,0
track_1396500,1,0,0,0,0,0
track_1316646,0,1,0,1,0,0
track_0150945,1,0,0,0,0,0
track_1168166,0,0,0,1,0,0
track_0585150,0,0,0,1,0,0
track_0464020,1,0,0,0,0,0
track_1098670,0,0,0,0,1,0
track_1084196,1,0,0,0,0,0
track_0915295,0,1,0,0,0,0
track_1402233,1,0,0,0,0,0
track_1366160,0,0,0,0,1,0
track_1028904,1,0,0,0,0,0
track_1086429,1,0,0,0,0,0
track_0373300,0,1,0,0,0,0
track_1210145,0,0,0,1,0,0
track_1264198,0,0,0,1,0,0
track_1242270,0,0,1,0,0,1
track_0502325,1,0,0,0,0,0
track_1123202,1,0,0,0,1,0
track_1033185,0,0,0,0,1,0
track_1146205,0,1,0,0,0,0
track_1069871,0,0,0,0,1,0
track_1065620,0,1,0,0,0,0
track_1369727,0,0,0,0,1,0
track_1075210,0,1,0,1,0,0
track_1165503,0,1,0,1,0,0
track_1075199,0,1,0,1,0,0
track_1270994,0,1,0,0,0,0
track_1234444,0,0,1,0,0,0
track_1221588,0,0,0,0,1,0
track_0369462,1,0,0,0,0,0
track_1154338,0,1,0,0,0,0
track_1075181,0,1,0,1,0,0
track_0387501,0,0,0,0,0,1
track_0151100,1,0,0,0,0,0
track_0516745,1,0,0,0,0,0
track_1275609,1,0,0,0,0,0
track_0460242,1,0,0,0,0,0
track_1118534,0,0,0,0,0,1
track_0827276,0,1,0,0,0,0
track_1041558,0,0,1,0,0,0
track_1148778,0,0,0,1,1,0
track_1112028,1,0,0,0,0,0
track_1227555,0,0,1,0,0,1
track_1077727,0,0,1,0,0,0
track_0259362,1,0,0,0,0,0
track_1133073,1,0,0,0,0,0
track_1320016,0,0,0,1,0,0
track_0783227,1,0,0,0,0,0
track_1330451,0,0,0,1,0,0
track_1369065,0,0,0,1,0,0
track_1393399,0,0,0,0,0,1
track_0205090,0,1,0,1,1,0
track_0726601,0,0,0,1,0,0
track_1133180,0,0,1,0,0,1
track_1023322,1,0,0,0,0,0
track_1362587,0,1,0,0,0,1
track_0128852,0,1,0,0,1,0
track_1371592,0,1,0,1,0,0
track_1163229,0,0,1,0,0,0
track_0891905,0,1,0,0,0,0
track_0873553,0,0,0,0,1,0
track_1032332,0,0,0,0,0,1
track_1370865,0,0,0,0,1,0
track_1162363,0,1,0,0,0,0
track_1165475,0,0,1,0,0,0
track_1111979,1,1,0,0,0,0
track_1322166,0,0,0,0,0,1
track_0920493,0,0,1,0,0,0
track_1023087,1,0,0,0,0,0
track_1242264,0,0,1,0,0,1
track_1352263,0,0,0,0,1,0
track_1382260,0,0,0,0,0,1
track_0802287,0,0,0,1,0,0
track_0856980,0,1,1,0,0,0
track_1041556,0,0,1,0,0,0
track_1408398,0,0,0,0,1,0
track_1063326,0,0,0,0,0,1
track_0801678,0,0,0,0,0,1
track_1186443,0,0,0,1,0,0
track_1121188,0,0,0,1,0,0
track_0953634,0,0,0,0,0,1
track_1370162,0,1,0,0,1,0
track_1076450,0,0,1,0,0,1
track_0936358,0,1,0,0,0,1
track_1241405,1,0,0,0,1,0
track_0230860,0,0,0,0,0,1
track_0482274,0,0,0,0,0,1
track_0014016,1,0,0,0,0,0
track_0464040,1,0,0,0,0,0
track_1370144,0,0,0,0,1,0
track_1292389,0,1,0,0,0,0
track_1278317,0,0,1,0,0,0
track_1223074,0,0,0,0,1,0
track_1065962,0,0,1,0,0,0
track_0778561,1,0,0,0,0,0
track_0751971,1,0,0,0,0,0
track_1097129,0,1,0,0,0,0
track_1122009,1,0,0,0,0,0
track_1133264,0,1,0,0,0,0
track_1218783,0,0,0,0,0,1
track_0259836,1,0,0,0,0,0
track_1079391,1,0,0,0,0,0
track_1397147,0,0,0,0,0,1
track_1156009,0,0,0,0,0,1
track_1236643,0,1,0,0,0,0
track_1222007,0,0,1,0,0,0
track_0731428,0,0,0,0,1,0
track_0401849,1,0,0,0,0,0
track_0811663,0,0,0,0,1,1
track_1180087,0,0,0,0,1,1
track_0625209,0,0,0,0,1,0
track_1300049,0,0,0,0,1,0
track_1376048,0,0,0,0,1,0
track_1037050,0,0,1,0,0,0
track_1179408,0,0,0,0,0,1
track_0700216,1,0,0,0,0,0
track_0711259,0,0,0,1,1,0
track_1084682,0,0,1,0,0,0
track_0606117,0,0,0,0,0,1
track_0553249,0,0,0,1,0,0
track_1098471,0,0,0,0,1,0
track_1223700,0,0,1,0,0,0
track_0789887,0,1,0,0,0,0
track_0921951,1,0,0,0,0,0
track_1377971,0,1,0,0,0,0
track_1130033,0,0,0,0,1,0
track_0802285,0,0,0,1,1,0
track_0162031,0,0,1,0,0,1
track_1061466,0,0,1,0,0,0
track_1169719,1,0,0,0,0,0
track_0553254,0,0,0,1,0,0
track_0957946,0,1,0,0,0,1
track_1131490,0,0,0,0,1,0
track_0897312,0,0,0,1,0,0
track_0873811,0,0,1,0,0,1
track_0919934,0,1,0,0,0,0
track_1084681,0,0,1,0,0,0
track_0950037,0,1,0,0,0,0
track_0636014,0,0,1,0,0,0
track_0026230,0,0,0,0,1,0
track_1118536,0,0,0,0,0,1
track_1130597,0,0,1,0,0,0
track_1385318,0,1,0,0,0,0
track_0663860,0,0,1,0,0,0
track_0078729,0,0,1,0,0,1
track_1158981,0,1,0,0,0,0
track_1361145,1,0,0,0,0,1
track_0585156,0,0,0,1,0,0
track_1081258,1,0,0,0,0,0
track_1027900,0,0,0,0,0,1
track_1321062,0,0,1,0,0,0
track_1313334,0,1,0,1,0,0
track_1248609,0,1,0,1,0,0
track_1372284,0,0,0,1,0,0
track_1086644,1,0,0,0,0,0
track_0368179,1,0,0,0,0,0
track_1066662,0,1,0,0,0,0
track_1128046,1,0,0,0,0,0
track_1052560,0,0,0,1,1,0
track_1093295,0,1,0,0,0,0
track_1309754,0,0,1,0,0,0
track_1046570,1,0,0,0,0,0
track_1121432,0,1,0,0,0,0
track_1374703,0,0,1,0,0,0
track_1248272,0,0,0,1,0,1
track_1165502,0,1,0,1,0,0
track_1383721,0,0,0,0,0,1
track_1179111,0,1,0,0,0,0
track_1350850,1,0,0,0,0,0
track_1337388,0,1,0,0,0,0
track_0842756,1,0,0,0,0,0
track_0768428,0,0,0,1,1,0
track_1121406,0,0,1,0,0,0
track_0585152,0,0,0,1,0,0
track_0034858,0,0,0,0,1,0
track_1231350,0,1,0,0,0,0
track_0414117,1,0,0,0,0,0
track_0325374,0,0,1,0,0,0
track_0941161,0,0,1,0,0,0
track_0079759,0,1,0,0,0,0
track_1159699,0,0,1,0,0,0
track_1147362,1,0,0,0,0,1
track_0032618,0,1,0,0,0,0
track_1350755,1,0,0,0,1,0
track_1176230,0,0,1,0,0,0
track_0605518,1,0,0,0,0,0
track_1098675,0,0,0,0,1,0
track_1096951,0,0,0,0,1,0
track_1371564,0,1,0,0,0,0
track_1295454,0,0,0,0,0,1
track_0686753,0,0,0,0,1,0
track_1248279,0,0,0,1,0,0
track_1231993,0,0,0,1,0,0
track_1159157,0,1,0,0,0,0
track_1242779,0,0,0,1,0,0
track_0215566,0,0,0,0,0,1
track_0991710,0,0,0,0,1,0
track_1332741,0,1,0,0,1,1
track_1123276,0,1,0,1,0,0
track_1371495,0,0,0,0,0,1
track_1109857,0,0,0,1,0,0
track_1012591,0,0,0,1,0,0
track_0162033,0,0,0,0,0,1
track_1163207,0,0,1,0,0,0
track_0196255,1,0,0,0,0,0
track_1326818,0,1,0,0,0,0
track_1076603,0,1,0,0,0,0
track_0371282,0,1,0,0,0,1
track_1239740,0,0,1,0,0,0
track_1110263,1,1,0,0,0,0
track_1222935,0,1,0,0,0,0
track_1026881,0,0,0,0,1,0
track_0482391,0,0,0,0,1,0
track_1076391,0,1,0,0,0,0
track_0556383,0,0,0,1,1,0
track_1419382,0,0,0,1,0,0
track_1397806,0,0,1,0,0,1
track_1029546,0,1,0,0,0,0
track_0947790,0,0,0,0,0,1
track_1057817,0,1,0,0,0,0
track_1109614,0,1,0,0,0,0
track_1086828,1,0,0,0,0,0
track_1330200,0,1,0,0,0,0
track_0383572,0,0,0,1,0,0
track_0398853,0,1,0,0,0,0
track_1046642,0,0,1,0,0,0
track_0081815,0,1,0,0,1,0
track_1189914,0,0,1,0,0,0
track_1100425,0,1,0,0,0,0
track_0081179,0,1,0,1,0,0
track_0897310,0,0,0,1,0,0
track_1186430,0,0,0,1,0,0
track_1405570,0,0,1,0,0,0
track_0326513,1,0,0,0,0,0
track_0305536,1,0,0,0,1,0
track_1076887,0,1,0,0,0,0
track_1230995,0,0,0,1,0,0
track_1149217,0,1,0,0,0,0
track_1170731,0,0,1,0,0,0
track_0113815,0,1,0,0,0,0
track_0628412,0,0,0,0,0,1
track_1203894,1,0,0,0,0,0
track_0734439,0,1,0,0,0,0
track_1080094,0,0,0,0,1,0
track_1026873,0,0,0,0,1,0
track_1329978,0,1,0,0,0,0
track_0075180,0,1,0,0,0,0
track_0242857,0,0,1,0,0,1
track_1417888,0,0,1,0,0,0
track_1281212,0,0,0,1,0,0
track_0371273,1,1,0,0,0,0
track_1197333,0,1,0,0,0,0
track_1129345,0,1,0,0,0,0
track_1310110,0,1,0,0,0,0
track_0922584,0,0,0,0,1,0
track_1354125,0,0,0,0,1,0
track_0719854,0,0,0,0,1,0
track_1275458,0,1,0,0,0,0
track_0802321,0,0,0,1,0,0
track_1051172,0,0,1,0,0,0
track_0962588,0,0,0,1,1,0
track_1273896,0,0,0,1,0,0
track_1372082,0,0,0,1,0,0
track_1405044,0,0,1,0,0,0
track_1400603,0,0,1,0,0,0
track_1041676,0,0,1,0,0,0
track_0155955,0,1,0,1,0,0
track_1197332,0,1,0,0,0,0
track_1147843,0,1,0,0,0,0
track_0081037,1,0,0,0,0,1
track_1266579,0,1,0,0,0,0
track_1330456,0,0,0,1,0,0
track_0349960,0,0,0,0,1,0
track_1122014,1,0,0,0,0,0
track_1078435,0,1,0,0,0,1
track_0897317,0,0,0,1,0,0
track_1379399,0,0,1,0,0,0
track_1369043,0,1,0,1,0,0
track_0470746,1,0,0,0,0,0
track_0147666,1,0,0,0,0,0
track_0075179,0,1,0,0,0,1
track_0018233,0,1,0,0,0,0
track_1176151,0,0,1,0,0,1
track_0976780,0,1,0,0,1,0
track_1376087,0,0,0,0,1,0
track_1224354,0,0,0,0,0,1
track_1345303,1,1,0,0,0,0
track_1165779,0,1,0,0,0,0
track_1136576,0,1,0,0,0,0
track_1117460,0,0,0,0,1,0
track_1222626,1,0,0,0,0,0
track_0275244,1,0,0,0,0,0
track_1208952,1,0,0,0,0,0
track_1194594,0,0,0,0,0,1
track_0272851,1,0,0,0,0,0
track_0066946,0,0,1,0,0,0
track_1374155,0,1,0,0,0,0
track_1138826,0,0,0,1,0,0
track_1380667,0,0,0,0,0,1
track_1400796,0,1,0,0,0,0
track_1348114,1,0,0,0,0,0
track_1027968,0,1,0,0,0,0
track_0618455,0,0,0,1,1,0
track_0802288,0,0,0,1,0,0
track_1035354,0,0,0,0,1,0
track_1160141,0,0,1,0,0,0
track_0976787,0,1,0,0,1,0
track_1346211,0,1,0,0,0,0
track_1164991,0,0,1,0,0,0
track_0589414,1,0,0,0,0,0
track_1086035,0,1,0,0,0,0
track_0873561,0,0,0,0,1,0
track_1269807,0,0,1,0,0,0
track_1009064,1,0,0,0,0,0
track_0801443,0,0,0,0,0,1
track_1130017,0,0,0,0,1,0
track_1163237,0,0,1,0,0,0
track_1269101,0,1,0,0,0,0
track_0078311,0,0,0,0,0,1
track_1403727,1,0,0,0,0,0
track_1372087,0,1,0,1,0,0
track_1300044,0,0,0,0,1,0
track_1287556,0,1,0,0,1,0
track_1248262,0,0,0,1,0,0
track_0957934,0,1,0,0,0,1
track_1137202,0,1,0,0,0,0
track_1372076,0,0,0,1,0,0
track_1080218,0,0,0,1,0,0
track_1256025,0,0,0,1,0,0
track_1076451,0,0,1,0,0,1
track_1110775,0,1,0,0,0,0
track_1372767,0,1,0,0,0,0
track_1241542,1,0,0,0,0,0
track_0466210,0,0,1,0,0,0
track_0556353,0,0,0,1,1,0
track_1112334,0,1,0,0,0,0
track_1074678,0,0,1,0,0,1
track_0964537,0,0,0,0,1,0
track_1127147,0,0,0,0,0,1
track_1320028,0,0,0,1,0,0
track_1397814,0,0,1,0,0,1
track_1153113,0,0,0,1,0,0
track_0978811,0,1,0,0,0,0
track_0811661,0,0,0,0,0,1
track_0429055,0,1,0,0,0,1
track_1109852,0,0,0,1,0,0
track_0773685,0,0,1,0,0,0
track_0094760,0,0,0,0,0,1
track_1134859,1,0,0,0,0,0
track_0500415,0,0,0,0,0,1
track_1218920,1,0,0,0,0,1
track_1329944,0,0,1,0,0,0
track_1138778,0,0,0,1,0,0
track_1078449,0,0,0,0,0,1
track_1415223,1,0,0,0,0,0
track_1371899,1,0,0,0,1,0
track_1041559,0,0,1,0,0,0
track_0889264,0,1,0,0,0,1
track_1077777,0,1,0,0,0,0
track_1207612,0,0,0,0,1,0
track_1345987,1,0,0,0,0,0
track_0618457,0,0,0,1,1,0
track_1171018,1,0,0,0,0,0
track_1057733,1,0,0,0,0,0
track_0008562,1,0,0,0,1,0
track_0350870,0,1,0,0,0,1
track_0247649,0,0,0,0,0,1
track_1121428,0,1,0,0,0,0
track_1092251,0,0,0,0,0,1
track_1399790,1,0,0,0,0,0
track_1027876,0,0,0,1,0,0
track_1081181,0,0,0,0,0,1
track_1129316,1,0,0,0,1,0
track_0084189,0,0,1,0,0,1
track_1076570,0,0,0,1,0,0
track_1145351,0,1,0,0,0,0
track_1162942,1,0,0,0,0,0
track_0802324,0,0,0,1,0,0
track_1330386,1,0,0,0,1,0
track_1067689,0,0,0,0,0,1
track_0381098,0,0,0,1,0,0
track_1128212,0,0,1,0,0,1
track_1341107,1,0,0,0,1,0
track_1215950,0,0,1,0,0,0
track_1052161,0,1,0,0,0,0
track_1304480,0,1,0,0,0,0
track_1160224,0,0,1,0,0,0
track_0359663,1,0,0,0,0,0
track_0952918,0,1,0,0,0,1
track_1397812,0,0,1,0,0,1
track_0236347,0,1,0,0,0,1
track_1356241,1,0,1,0,0,0
track_1151197,0,0,0,0,1,0
track_1359472,0,0,0,1,0,0
track_0133521,0,1,0,0,0,1
track_0965304,1,0,0,0,0,0
track_0865676,0,0,1,0,0,0
track_0466209,0,0,1,0,0,0
track_1158632,0,0,0,0,0,1
track_0422558,0,1,0,0,0,0
track_0147664,1,0,0,0,0,0
track_0965316,1,0,0,0,0,0
track_0685845,0,1,0,0,0,0
track_1100510,0,0,0,1,1,0
track_0352694,1,0,0,0,0,0
track_0965451,1,0,0,0,0,0
track_0981229,0,1,0,0,0,0
track_0973993,0,0,0,0,1,1
track_0911615,0,0,1,0,0,0
track_0556377,0,0,0,1,1,0
track_1319991,0,0,0,1,0,0
track_1417804,0,0,0,0,0,1
track_1352161,0,1,0,0,0,0
track_1161431,0,0,1,0,0,0
track_1165522,0,1,0,1,0,0
track_0015162,0,0,0,0,0,1
track_0734456,0,1,0,0,0,0
track_0873822,0,0,1,0,0,0
track_1417337,1,0,0,0,0,0
track_1137233,0,1,0,1,0,0
track_1027607,0,1,0,0,1,0
track_1012005,1,0,0,0,0,0
track_0329682,0,0,0,0,0,1
track_0949609,0,0,0,0,0,1
track_0636016,0,0,1,0,0,0
track_1146585,0,1,0,0,0,0
track_0565794,0,0,0,1,1,0
track_1274435,0,0,0,0,0,1
track_1248622,0,1,0,1,0,0
track_1074702,0,0,1,0,0,1
track_0347534,1,0,0,0,0,0
track_1284739,0,0,1,0,0,0
track_0897983,0,0,0,1,1,0
track_0653702,0,1,0,0,0,0
track_0450991,0,1,0,0,0,1
track_0182038,0,0,0,0,1,0
track_1147081,0,0,0,0,0,1
track_1379123,0,1,0,0,0,0
track_0532253,0,0,0,0,1,0
track_0482263,0,1,0,0,0,1
track_1110106,1,0,0,0,0,0
track_1239110,0,0,0,0,1,0
track_0076661,0,0,1,0,0,0
track_0108592,0,1,0,0,0,0
track_0394415,1,0,0,0,0,0
track_0675874,0,1,0,0,0,0
track_0962721,0,0,0,0,0,1
track_1383149,0,0,1,0,0,0
track_1417802,0,0,0,0,0,1
track_1346112,0,0,1,0,0,0
track_1208347,1,0,0,0,0,0
track_0017492,0,0,0,0,1,0
track_0922858,0,0,0,0,0,1
track_1277893,0,0,0,1,0,0
track_1222348,1,0,0,0,0,0
track_1352257,0,0,0,0,1,0
track_0081038,1,0,0,0,0,1
track_1112051,1,1,0,0,0,0
track_1306402,0,0,1,0,0,0
track_1290444,0,0,1,0,0,0
track_0891053,0,0,0,0,1,0
track_0986872,0,0,0,0,1,0
track_1276486,1,0,1,0,0,0
track_0830893,1,0,0,0,0,0
track_1372278,0,0,0,1,0,0
track_1417886,0,0,1,0,0,0
track_1131489,0,0,0,0,1,0
track_0571485,0,0,0,1,1,0
track_1222008,0,0,1,0,0,1
track_1088385,0,0,0,0,1,0
track_1115632,1,0,0,0,0,0
track_1330508,1,0,0,0,0,0
track_1359486,0,0,0,1,0,0
track_0743963,0,0,0,0,1,0
track_0801484,0,0,0,0,0,1
track_0133520,0,0,0,0,0,1
track_1075193,0,1,0,1,0,0
track_1348660,0,0,0,0,1,0
track_0034853,0,0,0,0,1,0
track_1078425,0,0,0,0,0,1
track_1294440,0,1,0,0,0,0
track_0628411,0,0,0,0,0,1
track_0976819,0,0,0,0,0,1
track_1129459,0,1,0,0,0,0
track_0339196,0,0,0,0,1,0
track_1030279,0,0,0,0,1,0
track_1243727,0,1,0,1,0,0
track_1241410,1,0,0,0,0,0
track_1392651,0,0,0,0,0,1
track_0810889,0,1,0,0,0,0
track_1168523,0,0,0,0,1,0
track_1225293,0,0,1,0,0,0
track_1056611,1,0,0,0,0,0
track_1414670,0,0,0,0,0,1
track_1157325,0,0,1,0,0,0
track_1114718,0,1,0,0,0,0
track_1064517,0,1,0,0,0,0
track_1167922,0,0,1,0,0,1
track_0565800,0,0,0,1,1,0
track_1197340,0,1,0,0,0,0
track_1350759,1,0,0,0,1,0
track_0941156,0,0,1,0,0,0
track_0206014,0,0,0,0,1,1
track_0149487,1,0,0,0,0,0
track_1079385,1,0,0,0,0,0
track_0246737,0,1,0,0,0,0
track_0961258,1,0,0,0,0,0
track_1260047,0,1,0,0,0,0
track_1299808,1,0,0,0,0,0
track_0897311,0,0,0,1,0,0
track_1376056,0,0,0,0,1,0
track_1168499,0,1,0,0,0,0
track_1402706,0,1,0,0,0,0
track_1164985,0,0,1,0,0,0
track_1372192,0,0,0,0,0,1
track_0934047,0,0,1,0,0,0
track_1156032,0,0,0,0,0,1
track_0399401,0,1,0,0,0,0
track_1355395,1,0,0,0,0,1
track_1150489,0,0,0,1,0,0
track_1165498,0,1,0,1,0,0
track_0501674,0,1,0,0,1,0
track_1125822,0,0,1,0,0,1
track_0447147,0,1,0,0,0,0
track_0976817,0,0,0,0,0,1
track_1172447,1,0,1,0,0,0
track_0867665,0,0,1,0,0,1
track_1168541,0,1,0,0,0,0
track_0799819,0,0,1,0,0,0
track_1107277,0,0,0,0,1,0
track_1110764,0,1,0,0,0,0
track_0293156,0,0,0,0,0,1
track_1032702,0,0,0,0,0,1
track_1170730,0,0,1,0,0,0
track_1049828,0,0,0,0,0,1
track_1119592,0,0,1,0,0,0
track_1193254,0,0,0,0,1,0
track_1169941,0,0,0,1,0,0
track_1149533,0,0,1,0,0,0
track_0725496,0,1,0,0,0,0
track_1171314,0,0,0,0,1,0
track_0442828,0,1,0,0,0,0
track_1318103,1,0,0,0,0,0
track_0711271,0,0,0,1,1,0
track_1096957,0,0,0,0,1,0
track_0725504,0,1,0,0,0,0
track_1415750,1,0,0,0,0,0
track_0498815,0,0,0,0,0,1
track_1380006,0,1,0,0,0,0
track_0162043,0,0,1,0,0,1
track_1159740,0,0,1,0,0,0
track_0939241,0,0,0,0,0,1
track_1052564,0,0,0,1,0,0
track_0106223,0,0,0,0,0,1
track_1396244,1,1,0,0,0,0
track_1192426,1,1,0,0,0,0
track_1329943,0,0,1,0,0,0
track_0700217,1,0,0,0,0,0
track_0082424,0,0,0,0,0,1
track_1242780,0,0,0,0,1,0
track_1023481,1,0,0,0,0,0
track_1119923,1,0,0,0,0,0
track_1306265,1,0,0,0,0,0
track_1161434,0,0,1,0,0,0
track_1102233,0,0,0,0,1,0
track_1287157,0,0,0,0,0,1
track_0259936,1,0,0,0,0,0
track_0577044,0,0,1,0,0,0
track_1355015,0,0,1,0,0,0
track_1275612,1,0,0,0,0,0
track_1321089,1,0,0,0,0,0
track_1037051,0,0,1,0,0,0
track_1159695,0,0,1,0,0,0
track_1369863,1,0,1,0,0,0
track_1231037,0,0,0,1,0,0
track_1150900,0,0,0,0,0,1
track_0049027,1,0,0,0,0,0
track_1335983,0,0,0,1,0,0
track_1109853,0,0,0,1,0,0
track_1331525,0,1,0,0,0,0
track_1294018,0,0,0,1,0,0
track_1235602,0,0,0,0,1,0
track_0956551,1,0,0,0,0,0
track_1001892,0,1,0,0,0,0
track_1115569,0,1,0,0,0,0
track_1270574,0,0,0,0,1,0
track_0080785,0,1,0,0,0,0
track_1253054,0,0,0,1,0,0
track_1136882,0,0,0,1,1,0
track_1028807,0,0,0,1,1,0
track_1419626,0,0,0,0,1,0
track_1189925,0,0,1,0,0,0
track_0941406,0,0,0,0,0,1
track_1300335,1,0,0,0,1,0
track_1274079,1,0,0,0,0,0
track_1397802,0,0,1,0,0,1
track_1119473,0,1,0,0,0,0
track_0246749,0,1,0,0,0,0
track_1332189,0,0,1,0,0,0
track_1125825,0,0,1,0,0,1
track_0166338,0,0,0,0,1,0
track_0715783,0,1,0,0,0,0
track_0345908,1,0,0,0,1,0
track_1096089,0,0,0,0,0,1
track_0663859,0,0,0,0,1,0
track_1332637,1,0,0,1,0,0
track_1326539,0,0,1,0,0,0
track_1016180,0,0,0,1,0,0
track_0737328,0,0,0,0,1,0
track_0017491,0,0,0,0,1,0
track_1235016,0,0,0,0,1,0
track_0043881,0,0,0,0,0,1
track_1375970,0,0,0,0,1,0
track_0030220,0,0,0,0,0,1
track_0594261,0,0,1,0,0,0
track_0996972,0,0,1,0,0,0
track_0004890,0,0,0,0,1,0
track_0711261,0,0,0,1,1,0
track_0084142,0,0,1,0,0,1
track_1316288,0,0,0,0,1,0
track_1221580,0,0,0,0,1,0
track_1243740,0,1,0,1,0,0
track_1085602,0,0,1,0,0,0
track_0168997,0,1,0,0,1,0
track_0131628,0,0,0,0,0,1
track_0938055,0,0,1,0,0,0
track_1371330,1,0,0,0,1,0
track_1275963,0,1,0,0,0,0
track_0900796,0,0,0,0,0,1
track_1092183,0,1,0,0,0,0
track_0908555,1,0,0,0,0,0
track_0939260,0,0,0,1,1,0
track_1348129,1,0,0,0,0,0
track_1307838,0,0,1,0,0,1
track_1396976,0,0,0,0,0,1
track_0897315,0,0,0,1,0,0
track_0950579,1,0,0,0,0,0
track_1292549,0,0,1,0,0,0
track_1418009,0,0,0,1,0,0
track_0346315,0,1,0,0,0,0
track_1221916,1,0,0,0,0,0
track_1204454,0,1,0,0,0,0
track_1201477,0,0,0,1,0,0
track_0423239,0,1,0,0,0,0
track_1077043,0,0,1,0,0,0
track_0080790,0,1,0,0,0,0
track_1326827,0,0,0,0,1,0
track_0966860,0,0,1,0,0,0
track_1076571,0,0,0,1,0,0
track_1063657,1,0,0,0,0,0
track_0976788,0,1,0,0,1,0
track_1086300,0,0,1,0,0,0
track_1150738,0,0,1,0,0,0
track_0982115,0,0,0,0,0,1
track_1169996,1,0,0,0,0,0
track_1161438,0,0,1,0,0,0
track_1241409,1,0,0,0,0,0
track_1171566,0,0,0,0,1,0
track_1225307,0,0,1,0,0,0
track_1245144,0,1,0,0,0,0
track_1044190,0,0,1,0,0,0
track_0934050,0,0,1,0,0,0
track_1356320,0,1,0,0,0,0
track_0345907,0,0,0,0,1,0
track_1162945,1,0,0,0,0,0
track_1350754,1,0,0,0,1,0
track_0773686,0,0,1,0,0,0
track_1126698,0,0,0,0,1,0
track_0176091,0,1,0,0,0,0
track_1028803,0,0,0,1,1,0
track_1152621,0,0,0,0,0,1
track_1041555,0,0,1,0,0,0
track_0915384,0,0,0,0,1,0
track_1041461,0,1,0,0,0,0
track_1219597,0,0,0,0,1,0
track_1397145,0,0,0,0,0,1
track_0259810,1,0,0,0,0,0
track_1131487,0,0,0,0,1,0
track_1348085,1,0,0,0,0,0
track_1326537,0,0,1,0,0,0
track_0711267,0,0,0,1,1,0
track_0553252,0,0,0,1,0,0
track_1418016,1,0,0,0,0,0
track_1115076,0,0,0,0,0,1
track_1162380,0,1,0,0,0,0
track_1254614,0,0,1,0,0,0
track_0046541,1,0,0,0,0,0
track_1093631,0,0,0,0,1,0
track_1273900,0,0,0,1,0,0
track_1306052,1,0,0,0,1,0
track_1159700,0,0,1,0,0,0
track_1131096,0,0,0,0,0,1
track_1039756,0,0,0,0,1,0
track_0867663,0,0,0,0,1,0
track_1243730,0,1,0,1,0,0
track_0789886,0,1,0,0,0,0
track_1360750,0,0,0,1,0,0
track_0661753,0,0,0,1,1,0
track_1157597,0,0,0,1,0,0
track_0155953,0,1,0,0,0,0
track_1125818,0,0,1,0,0,1
track_0976781,0,1,0,0,1,0
track_0855267,0,1,0,0,0,0
track_1164346,1,0,0,0,0,0
track_1402654,1,0,0,0,0,0
track_1201668,0,0,0,0,0,1
track_0073124,0,0,0,0,1,0
track_1160056,0,0,1,0,0,1
track_1078635,0,0,0,0,0,1
track_1076456,0,0,1,0,0,1
track_1159748,0,0,1,0,0,0
track_1227553,0,0,1,0,0,1
track_1131497,0,0,0,0,1,0
track_1173871,0,1,0,0,0,0
track_1209616,0,0,1,0,0,0
track_1166930,0,0,1,0,0,0
track_0381192,0,0,0,1,0,0
track_1244711,0,1,0,0,0,0
track_0450993,0,1,0,0,0,1
track_0953636,0,0,0,0,0,1
track_0957451,0,0,1,0,0,0
track_1285608,0,0,1,0,0,0
track_1316289,0,0,0,0,1,0
track_1163212,0,0,1,0,0,0
track_1078478,0,0,1,0,0,1
track_1328163,0,0,1,0,0,0
track_0875313,1,0,0,0,0,0
track_1092335,1,0,0,0,0,0
track_0835794,0,0,1,0,0,0
track_1193205,0,0,0,0,1,0
track_1098679,0,0,0,0,1,0
track_1166109,0,0,1,0,0,0
track_1374299,1,0,0,0,1,0
track_1294933,1,0,0,0,0,0
track_0202927,1,0,0,0,0,0
track_0222132,1,0,0,0,0,0
track_0038767,1,0,0,0,0,0
track_1130022,0,0,0,0,1,0
track_0346254,0,1,0,0,0,0
track_1126025,0,0,0,1,0,0
track_1366863,0,0,0,0,0,1
track_1089251,0,0,0,0,1,0
track_1372073,0,0,0,1,0,0
track_0553257,0,0,0,1,0,0
track_0347593,0,0,1,0,0,0
track_0389431,1,0,0,0,0,0
track_1121429,1,0,0,0,0,0
track_0674304,0,0,0,0,0,1
track_1393397,0,0,0,0,0,1
track_1231888,1,0,0,0,0,0
track_1355013,0,0,1,0,0,0
track_1189646,0,0,1,0,0,0
track_1166106,0,0,1,0,0,0
track_1388809,0,0,1,0,0,0
track_0147665,1,0,0,0,0,0
track_1041563,0,0,1,0,0,0
track_1309761,0,0,1,0,0,0
track_1321298,0,0,0,0,0,1
track_1038728,0,1,0,0,0,0
track_0293160,0,0,1,0,0,1
track_1078368,0,0,1,0,0,0
track_1296153,0,1,0,0,0,0
track_1296931,0,0,1,0,0,0
track_0873554,0,0,0,0,1,0
track_1091337,0,1,0,0,0,0
track_1264196,0,0,0,1,0,0
track_0579642,0,0,1,0,0,1
track_0618819,0,0,0,0,0,1
track_1249957,0,0,0,0,0,1
track_1309739,0,0,1,0,0,0
track_1077723,0,0,1,0,0,0
track_0723358,0,0,0,0,0,1
track_1116401,1,0,0,0,0,0
track_0896604,0,0,0,1,0,0
track_1345291,0,0,1,0,0,0
track_1163963,0,0,1,0,0,0
track_0980883,0,1,0,0,0,0
track_1123273,0,1,0,1,0,0
track_1383728,0,0,0,0,0,1
track_1089086,1,0,0,0,0,0
track_1380678,0,0,0,0,0,1
track_1054342,0,0,1,0,0,0
track_1034944,0,0,0,0,0,1
track_0166391,0,0,0,1,0,0
track_1098676,0,0,0,0,1,0
track_0324619,0,0,0,0,1,0
track_1142158,0,0,0,1,0,0
track_1164984,0,0,1,0,0,0
track_0189589,0,0,0,0,1,0
track_0150781,1,0,0,0,0,0
track_1079300,0,0,0,0,0,1
track_1165531,0,1,0,1,0,0
track_1069749,0,0,0,0,1,0
track_1151618,1,0,0,0,0,0
track_0858540,1,0,0,0,1,0
track_1066896,0,0,0,0,1,0
track_0324614,0,0,0,0,1,0
track_0771292,0,1,0,1,0,0
track_1194981,1,0,0,1,0,0
track_0850188,1,0,0,0,0,0
track_1127562,0,0,0,1,0,0
track_1419628,0,0,0,0,1,0
track_1110779,0,1,0,0,0,0
track_1168162,0,0,0,1,0,0
track_0405788,0,0,1,0,0,1
track_0989875,0,1,0,1,0,0
track_0066945,0,0,1,0,0,0
track_1265150,1,0,0,0,0,0
track_1353670,0,0,0,0,0,1
track_0659892,0,0,0,1,0,0
track_0056450,0,1,0,0,1,0
track_1123272,0,1,0,1,0,0
track_1159951,0,0,1,0,0,0
track_1351142,0,0,1,0,0,1
track_1279774,0,0,0,0,0,1
track_0361031,0,0,1,0,0,0
track_0919479,0,1,0,0,0,1
track_0899143,1,0,0,0,0,0
track_1206160,0,1,0,0,0,0
track_1168520,1,0,0,0,0,0
track_0824627,0,1,0,0,0,0
track_0700214,1,0,0,0,0,0
track_1372088,0,1,0,1,0,0
track_0991713,0,1,0,0,0,0
track_1409378,0,1,0,0,0,0
track_1117411,1,0,0,0,0,0
track_0891907,0,1,0,0,0,0
track_1264997,1,0,0,0,0,0
track_1407059,1,0,0,0,0,0
track_1396105,0,0,1,0,0,1
track_1208809,0,0,0,0,1,0
track_1133263,0,1,0,0,0,0
track_1362259,0,0,1,0,0,0
track_0401852,1,0,0,0,0,0
track_1319841,1,0,0,0,1,0
track_0679894,0,0,0,0,0,1
track_0914034,0,1,0,0,0,0
track_1076573,0,0,0,1,0,0
track_0778519,1,0,0,0,0,0
track_0259901,1,0,0,0,0,0
track_1158982,0,1,0,0,0,0
track_1227554,0,0,1,0,0,1
track_1166921,0,0,1,0,0,0
track_1030277,0,0,0,0,1,0
track_1122287,1,0,0,0,1,0
track_0897977,0,0,0,1,1,0
track_0618452,0,0,0,1,1,0
track_1084198,1,0,0,0,0,0
track_0470724,0,1,0,0,0,0
track_1186550,0,0,0,1,0,0
track_1374951,0,0,0,0,0,1
track_1374305,1,0,0,0,1,0
track_1126058,0,0,0,0,1,0
track_1267844,0,1,0,0,0,0
track_0125455,0,0,0,0,0,1
track_1251463,0,0,0,0,0,1
track_1154731,0,0,1,0,0,0
track_1171145,1,0,0,0,0,0
track_1012600,0,0,0,1,0,0
track_1058134,0,0,0,1,0,0
track_1156971,0,0,0,1,0,0
track_0482266,0,0,1,0,0,0
track_1160423,1,0,1,0,0,0
track_0663133,0,1,0,0,0,0
track_1210134,0,0,0,1,0,0
track_1220577,0,0,0,1,0,0
track_1326529,0,0,1,0,0,0
track_0565793,0,0,0,1,1,0
track_0537755,1,0,0,0,0,0
track_1023306,1,0,0,0,0,0
track_1397810,0,0,1,0,0,1
track_1130991,0,0,1,0,0,1
track_0494617,1,0,0,0,0,0
track_0326505,1,0,0,0,0,0
track_0151033,1,0,0,0,0,0
track_1122008,1,0,0,0,0,0
track_1284354,0,0,1,0,0,0
track_1248621,0,1,0,1,0,0
track_0565796,0,0,0,1,1,0
track_1248255,0,0,0,1,0,0
track_0128861,0,1,0,0,1,0
track_1157596,0,0,0,1,0,0
track_1275158,1,0,0,0,0,0
track_1053400,0,1,0,0,0,0
track_1071929,1,0,0,0,0,0
track_0073151,0,0,0,0,0,1
track_1095695,0,0,0,0,0,1
track_1129092,0,1,0,0,0,0
track_0618460,0,0,0,1,1,0
track_1269148,0,1,0,0,0,0
track_1387151,0,0,0,0,0,1
track_1388859,0,0,1,0,0,0
track_1229544,0,0,0,1,1,0
track_1101380,0,1,0,0,0,0
track_0875384,0,1,0,0,0,0
track_0974000,0,0,0,0,1,1
track_1138775,0,0,0,1,0,0
track_0196219,1,0,0,0,0,0
track_0764958,0,0,0,0,0,1
track_1109891,0,1,0,0,0,0
track_1370862,0,0,0,0,1,0
track_1083513,0,0,0,0,1,0
track_1166679,0,0,0,0,0,1
track_1369048,0,0,0,1,0,0
track_1354846,1,0,0,0,0,0
track_1268989,0,1,0,0,0,0
track_1156128,0,0,0,0,1,0
track_1414117,0,0,0,0,0,1
track_0015660,0,1,0,0,1,0
track_0965595,1,0,0,0,0,0
track_1084815,0,0,0,0,0,1
track_0259908,1,0,0,0,0,0
track_1137240,0,1,0,1,0,0
track_1332734,1,0,0,0,1,0
track_1131566,0,1,0,0,0,0
track_1044781,0,0,0,0,0,1
track_1374688,0,0,1,0,0,1
track_1061370,0,1,0,0,0,1
track_0989876,0,1,0,1,0,0
track_1056127,0,0,0,0,0,1
track_0964535,0,0,0,0,1,0
track_0040347,0,1,0,0,0,0
track_1267849,0,1,0,0,0,0
track_0500420,0,0,0,0,0,1
track_1155896,1,0,0,0,0,0
track_1156130,0,0,0,0,1,0
track_1069338,0,0,0,1,0,0
track_1253430,0,0,0,0,0,1
track_1046573,1,0,0,0,0,0
track_0903598,1,0,0,0,0,0
track_1065759,0,1,0,0,0,0
track_0686752,0,0,0,0,1,0
track_1149757,1,0,0,0,0,0
track_1234242,0,0,1,0,0,0
track_1079299,0,0,0,0,0,1
track_0659898,0,0,0,1,0,0
track_1075180,0,1,0,1,0,0
track_0743966,0,0,0,0,1,0
track_1189912,0,0,0,0,0,1
track_0741317,0,1,0,0,0,1
track_0891612,0,1,0,1,0,0
track_1370137,1,0,0,0,0,0
track_0556378,0,0,0,1,1,0
track_0518469,0,0,1,0,0,0
track_0345906,0,0,0,0,1,0
track_1294938,0,0,1,0,0,0
track_1416532,1,0,0,0,0,0
track_1131101,0,0,0,0,0,1
track_0244956,1,1,0,0,0,0
track_1051196,0,0,1,0,0,0
track_1354688,0,0,0,0,0,1
track_0095581,0,1,0,0,0,0
track_0618449,0,0,0,1,1,0
track_1277849,1,0,0,0,0,0
track_1369052,0,1,0,1,0,0
track_0080806,0,1,0,0,0,0
track_1164197,0,1,0,0,0,0
track_0096887,0,0,0,0,1,0
track_1035344,0,0,0,0,0,1
track_0965318,1,0,0,0,0,0
track_1340798,0,1,0,1,0,0
track_1061871,0,0,0,1,0,0
track_1121431,0,1,0,0,0,0
track_1288835,0,1,0,0,0,0
track_1345850,0,1,0,0,0,1
track_0275232,1,0,0,0,0,0
track_0345904,0,0,0,0,1,0
track_0811240,1,0,0,0,0,0
track_0271565,1,0,0,0,0,0
track_1147359,0,0,1,0,0,1
track_0324411,0,0,0,0,1,0
track_1053497,0,0,0,0,1,0
track_1376057,0,0,0,0,1,0
track_1339442,1,0,0,0,0,0
track_1317903,0,0,0,0,0,1
track_1069824,0,0,0,0,1,0
track_1113513,0,0,0,0,0,1
track_0066944,0,0,1,0,0,1
track_1376454,0,0,0,0,0,1
track_1154729,0,0,1,0,0,0
track_1243722,0,1,0,1,0,0
track_0166341,0,0,0,0,1,0
track_0865775,0,0,1,0,0,0
track_1397731,1,0,0,0,0,0
track_1133078,1,0,0,0,0,0
track_1385297,1,0,0,0,0,0
track_1159203,0,1,0,0,0,0
track_0147596,1,0,0,0,0,0
track_1386495,0,0,0,0,0,1
track_1075196,0,1,0,1,0,0
track_1075188,0,1,0,1,0,0
track_0162041,0,0,1,0,0,0
track_1027884,0,0,0,1,0,0
track_1266508,0,1,0,0,0,0
track_1107279,0,0,0,0,1,0
track_1061380,0,1,0,0,0,1
track_1330505,1,0,0,0,0,0
track_0146591,1,0,0,0,0,0
track_1156121,0,0,0,0,1,0
track_1376059,0,0,0,0,1,0
track_1361108,0,0,0,0,0,1
track_1241227,0,1,0,0,0,0
track_1397805,0,0,1,0,0,1
track_1215952,0,0,1,0,0,0
track_1342570,0,0,1,0,0,0
track_1126009,0,0,0,1,0,0
track_1170734,0,0,1,0,0,0
track_1115570,0,1,0,0,0,0
track_1208449,0,0,0,1,0,0
track_1393011,0,0,0,0,0,1
track_1277835,1,0,0,0,0,0
track_1126032,0,0,0,1,0,0
track_1086301,0,0,1,0,0,1
track_1074894,0,0,1,0,0,0
track_1109901,0,1,0,0,0,0
track_1345077,0,1,0,0,0,0
track_0973388,0,0,0,0,0,1
track_1274152,1,0,0,0,0,0
track_1418291,0,0,1,0,0,0
track_1029325,0,0,0,1,0,0
track_0625210,0,0,0,0,1,0
track_1032698,0,0,0,0,0,1
track_0074753,0,0,1,0,0,0
track_1304665,0,0,0,0,1,0
track_0081814,0,1,0,0,1,0
track_1095023,0,1,0,0,0,1
track_1066661,0,1,0,0,0,0
track_0151126,1,0,0,0,0,0
track_1126088,0,1,0,0,0,0
track_1159368,0,1,0,0,0,0
track_1149696,0,0,0,0,0,1
track_1127764,0,0,0,1,0,0
track_0810896,0,0,0,0,0,1
track_1075170,0,1,0,1,0,0
track_1383742,0,1,0,0,0,0
track_1077044,0,0,1,0,0,0
track_0128305,0,1,0,0,0,0
track_1208331,1,0,0,0,0,0
track_0205076,0,1,0,1,1,0
track_0662444,0,1,0,0,0,0
track_1138776,0,0,0,1,1,0
track_1253659,0,1,0,0,0,0
track_1105066,1,0,0,0,0,0
track_0019204,0,0,0,0,0,1
track_1281202,0,0,0,1,0,0
track_1365238,0,0,0,0,0,1
track_0686756,0,0,0,0,1,0
track_1401336,0,1,0,0,0,0
track_1414673,0,0,0,0,0,1
track_1127776,0,0,0,1,0,0
track_0464044,1,0,0,0,0,0
track_1157023,0,1,0,0,0,0
track_1070641,1,0,0,0,0,0
track_0259505,1,0,0,0,0,0
track_0565804,0,0,0,1,1,0
track_1169707,1,0,0,0,0,0
track_1397151,0,1,0,0,0,1
track_1207614,0,0,0,0,1,0
track_0949229,1,0,0,0,0,0
track_1084381,0,0,0,0,1,0
track_1085244,1,0,0,0,0,0
track_1069336,0,0,0,1,0,0
track_0947016,1,0,0,0,0,0
track_0043886,0,0,0,0,0,1
track_1089266,1,0,0,0,0,0
track_1374442,0,0,0,0,0,1
track_0786777,0,1,0,0,0,0
track_1158967,0,0,1,0,0,0
track_0202150,0,0,1,0,0,0
track_1388812,0,0,1,0,0,0
track_1042998,0,0,0,0,0,1
track_1401338,1,0,0,0,0,0
track_1109909,0,1,0,0,0,0
track_0084141,0,0,1,0,0,1
track_1102232,0,0,0,0,1,0
track_1374704,0,0,0,0,0,1
track_1279771,0,0,0,0,0,1
track_0166337,0,0,0,0,1,0
track_1251687,0,1,0,0,0,0
track_1223083,0,0,1,0,0,0
track_1210705,0,1,0,1,0,0
track_0801570,0,0,0,0,0,1
track_0839521,0,0,0,0,1,0
track_1234989,0,0,0,0,1,0
track_0874646,1,0,0,0,0,0
track_0034517,0,0,0,0,1,0
track_1173141,1,0,0,0,0,0
track_0383586,0,0,0,1,0,0
track_1079398,1,0,0,0,0,0
track_0873807,0,0,1,0,0,0
track_1168164,0,0,0,1,0,0
track_0242410,0,0,1,0,0,0
track_1402298,1,0,0,0,0,0
track_0073117,0,0,0,0,1,0
track_0031430,0,0,0,0,0,1
track_1078471,0,0,0,0,0,1
track_1227397,0,0,0,0,1,0
track_1375201,1,0,1,0,0,0
track_1097842,0,0,0,0,0,1
track_0669146,1,0,0,0,0,0
track_1225296,0,0,1,0,0,0
track_0139566,0,0,0,0,0,1
track_1029327,0,0,0,1,0,0
track_1196181,1,0,1,0,0,0
track_0950933,1,0,0,0,0,0
track_0581059,1,0,0,0,0,0
track_1124972,0,1,0,0,0,1
track_1151196,0,0,0,0,1,0
track_1131492,0,0,0,0,1,0
track_1401969,0,0,0,0,0,1
track_0284171,0,1,0,0,0,0
track_0023866,0,0,0,0,0,1
track_1171707,0,0,0,0,1,0
track_1038475,0,0,0,0,1,0
track_0114924,0,0,0,0,1,0
track_1044780,0,0,0,0,0,1
track_1067253,1,0,0,0,0,0
track_1039516,0,0,0,0,0,1
track_1077720,0,0,1,0,0,0
track_0768432,0,0,0,1,1,0
track_0084060,0,0,1,0,0,1
track_1063878,0,0,0,0,0,1
track_1110330,0,1,0,0,0,0
track_0048726,0,0,0,0,1,0
track_0400860,0,1,0,0,0,0
track_1273069,0,0,1,0,0,0
track_1078779,0,1,1,0,0,0
track_1345311,1,0,0,0,0,0
track_0940729,0,1,0,0,0,0
track_1146534,0,1,0,0,0,0
track_1169943,0,0,0,1,0,0
track_1129943,0,0,0,0,1,0
track_0585149,0,0,0,1,0,0
track_1129988,0,0,0,0,1,0
track_1154904,0,0,0,0,1,0
track_1112013,1,0,0,0,0,0
track_0943386,1,0,0,0,0,0
track_1345290,0,0,1,0,0,0
track_0381092,0,0,0,1,0,0
track_1289127,1,0,0,0,1,0
track_0417585,0,0,1,0,0,0
track_0618453,0,0,0,1,1,0
track_0347538,1,0,0,0,0,0
track_1202188,0,0,0,1,0,0
track_1109851,0,0,0,1,0,0
track_1159617,0,0,1,0,0,0
track_0494616,1,0,0,0,1,0
track_1199593,1,0,0,0,0,0
track_1126030,0,0,0,1,0,0
track_0802292,0,0,0,1,0,0
track_1114956,0,1,0,0,0,0
track_1366164,0,0,0,0,1,0
track_1026345,0,1,0,0,0,0
track_0890565,1,1,0,0,0,0
track_1072430,0,1,0,0,0,1
track_1072428,0,1,0,0,0,1
track_0151099,1,0,0,0,0,0
track_1115615,0,1,0,0,0,0
track_0921953,1,0,0,0,0,0
track_1393224,0,0,1,0,0,0
track_1148305,1,0,0,0,0,0
track_1407330,0,0,0,1,0,0
track_0037815,0,1,0,0,0,0
track_1028814,0,0,0,1,1,0
track_1243738,0,1,0,1,0,0
track_1134861,1,0,0,0,0,0
track_1136523,0,1,0,0,0,0
track_1066130,0,1,0,0,0,0
track_1023323,1,0,0,0,0,0
track_1399626,0,1,0,0,0,0
track_0113564,0,1,0,0,0,0
track_0659894,0,0,0,1,0,0
track_1217515,0,1,0,0,0,0
track_0798199,1,0,0,0,0,0
track_0571489,0,0,0,1,1,0
track_1403729,1,0,0,0,0,0
track_1275146,1,0,0,0,0,0
track_0762197,1,0,0,0,0,0
track_0839517,0,0,0,0,1,0
track_1270578,0,0,0,0,1,0
track_1081843,0,1,0,0,0,0
track_0944142,1,0,0,0,0,0
track_1160010,0,0,1,0,0,0
track_1053500,0,0,0,0,1,0
track_1348666,0,0,0,0,1,0
track_0326515,1,0,0,0,0,0
track_0873806,0,0,1,0,0,0
track_1294943,1,0,0,0,0,0
track_1158985,0,1,0,0,0,0
track_1071925,1,0,0,0,0,0
track_1124971,0,1,0,0,0,1
track_1026040,0,0,0,0,1,0
track_1365778,0,0,0,1,0,0
track_1274154,1,0,0,0,0,0
track_0260191,1,0,0,0,0,0
track_1357553,0,0,0,0,0,1
track_1077531,0,0,0,0,0,1
track_1034942,0,1,0,0,1,1
track_1109742,0,0,0,1,0,1
track_1320030,0,0,0,1,0,0
track_1219473,0,0,1,0,0,0
track_0768436,0,0,0,1,1,0
track_1159660,0,0,1,0,0,0
track_0080770,0,1,0,0,0,0
track_1133406,0,1,0,0,0,0
track_0306091,0,1,0,0,0,1
track_0416417,1,0,0,0,0,0
track_1115633,1,0,0,0,0,0
track_0659890,0,0,0,1,0,0
track_1166070,1,0,0,0,0,0
track_1148777,0,0,0,1,1,0
track_0205093,0,1,0,1,1,0
track_1209628,0,0,1,0,0,0
track_0572381,0,1,0,0,0,1
track_1136443,0,0,0,0,0,1
track_1171567,0,0,0,0,1,0
track_1385555,0,0,0,0,1,0
track_1384187,1,0,0,0,0,0
track_1203657,0,0,0,0,0,1
track_1185306,1,0,0,0,0,0
track_1150490,0,0,0,1,0,0
track_1234393,0,0,0,0,1,0
track_0953786,0,1,0,0,0,0
track_1137422,0,1,0,0,0,0
track_1329187,0,0,0,1,0,0
track_1281955,1,0,0,0,0,0
track_1319996,0,0,0,1,0,0
track_1126027,0,0,0,1,0,0
track_1082100,1,0,0,0,0,0
track_0947797,0,0,0,0,0,1
track_1057709,1,0,0,0,0,0
track_0873558,0,0,0,0,1,0
track_0647532,0,0,0,1,0,0
track_1320570,0,0,1,0,0,1
track_1202183,0,0,0,1,0,0
track_1080219,0,0,0,1,0,0
track_0839513,0,0,0,0,1,0
track_1148775,0,0,0,1,1,0
track_0470732,1,1,0,0,0,0
track_1192549,0,0,0,0,1,0
track_1159623,0,0,1,0,0,0
track_1278253,0,0,0,0,1,0
track_0897322,0,0,0,1,0,0
track_1286537,0,0,1,0,0,0
track_0962722,0,0,1,0,0,1
track_0881100,1,0,0,0,0,0
track_0435842,1,0,0,0,0,0
track_1302680,0,0,1,0,0,0
track_0154636,0,1,0,0,1,0
track_1347949,0,1,0,0,0,0
track_1320005,0,0,0,1,0,0
track_1372208,0,0,0,0,1,0
track_0260195,1,0,0,0,0,0
track_0913287,0,1,0,0,0,1
track_0565801,0,0,0,1,1,0
track_0556352,0,0,0,1,1,0
track_0168832,1,0,0,0,0,0
track_1136875,0,0,0,1,1,0
track_1030905,0,0,0,0,0,1
track_1243737,0,1,0,1,0,0
track_1248616,0,1,0,1,0,0
track_1185881,0,1,0,0,0,0
track_1096134,0,1,0,0,0,0
track_1219596,1,0,0,0,1,0
track_0911795,0,0,0,0,0,1
track_1219878,1,0,0,0,0,0
track_0973992,0,0,0,0,1,1
track_1131105,0,0,0,0,0,1
track_0515594,0,0,0,0,0,1
track_1326552,0,0,1,0,0,0
track_0448680,0,0,0,0,0,1
track_1193225,0,0,0,0,1,0
track_0373268,0,1,0,0,0,0
track_1127778,0,0,0,1,0,0
track_0811232,0,0,1,0,0,0
track_1069596,0,1,0,0,0,0
track_0081288,0,1,0,1,0,0
track_1314853,0,0,0,0,0,1
track_1109862,0,0,0,1,0,0
track_0884408,0,0,0,0,1,0
track_0126060,0,1,0,0,0,0
track_0666619,0,0,0,0,0,1
track_1127774,0,0,0,1,0,0
track_1281203,0,0,0,1,0,0
track_0711266,0,0,0,1,1,0
track_1030281,0,0,0,0,1,0
track_1254006,1,0,0,0,0,0
track_1283855,1,0,0,0,0,0
track_1098429,0,0,0,0,1,0
track_0973996,0,0,0,0,1,1
track_0057266,0,0,0,0,1,0
track_1075179,0,1,0,1,0,0
track_0151069,1,0,0,0,0,0
track_0150954,1,0,0,0,0,0
track_0579643,0,0,1,0,0,1
track_0259894,1,0,0,0,0,0
track_1307642,0,0,0,0,0,1
track_0959154,1,0,0,0,0,0
track_1271851,0,1,0,0,0,0
track_0784877,1,0,0,0,0,0
track_1131098,0,0,0,0,0,1
track_0996962,0,0,1,0,0,0
track_0471257,0,0,0,0,0,1
track_1211803,0,1,0,0,0,0
track_1405035,0,0,1,0,0,0
track_0370179,0,0,0,0,0,1
track_1038512,0,1,0,0,0,0
track_0011845,1,0,0,0,0,0
track_0188574,0,0,0,0,0,1
track_0571472,0,0,0,1,1,0
track_0020743,0,0,0,0,1,0
track_0773675,0,0,1,0,0,0
track_1340882,1,0,0,0,0,0
track_0603762,0,0,0,0,0,1
track_0401844,1,0,0,0,0,0
track_0553256,0,0,0,1,0,0
track_1351140,0,0,1,0,0,1
track_1121408,0,0,0,0,1,0
track_1155995,0,0,0,0,0,1
track_1096811,0,1,0,0,0,0
track_1401334,0,1,0,0,0,0
track_0297869,0,0,1,0,0,0
track_1371880,0,0,0,0,0,1
track_1018535,0,0,1,0,0,0
track_0948211,0,1,0,0,0,0
track_1316663,0,1,0,1,0,0
track_0275249,1,0,0,0,0,0
track_1371864,1,0,0,0,0,0
track_1320017,0,0,0,1,0,0
track_0088559,1,0,0,0,1,0
track_1116586,0,0,0,1,0,0
track_1088388,0,0,0,0,1,0
track_0959152,1,0,0,0,0,0
track_1273391,0,0,0,1,0,0
track_1138691,0,0,0,0,1,0
track_0922857,0,0,0,0,0,1
track_0147597,1,0,0,0,0,0
track_0154632,0,1,0,0,1,0
track_0962063,0,0,0,0,1,0
track_1133181,0,0,1,0,0,1
track_1288961,1,0,0,0,0,0
track_1127153,0,0,0,0,0,1
track_1321145,0,0,0,0,1,0
track_1289128,1,0,0,0,1,0
track_0996974,0,0,1,0,0,0
track_1124381,0,1,0,0,0,0
track_1194317,0,0,1,0,0,1
track_1075174,0,1,0,1,0,0
track_1353976,1,0,0,0,0,0
track_0370260,0,0,0,0,1,0
track_1100246,0,1,0,0,0,0
track_0810575,0,0,1,0,0,0
track_0647538,0,0,0,1,0,0
track_0381101,0,0,0,1,0,0
track_1069340,0,1,1,0,0,0
track_1247296,1,0,0,0,0,0
track_0871996,0,1,0,0,0,0
track_1289373,0,0,1,0,0,1
track_1078389,0,1,0,0,0,1
track_0192880,1,0,0,0,0,0
track_1242269,0,0,1,0,0,1
track_1192548,0,0,0,0,1,0
track_0653703,0,1,0,0,0,0
track_1122569,1,0,0,0,1,0
track_1100192,1,0,0,0,0,0
track_0201320,1,0,0,0,0,0
track_1264209,0,0,0,1,0,0
track_0661756,0,0,0,1,1,0
track_1346567,1,1,0,0,0,0
track_1313333,0,1,0,1,0,0
track_1323010,1,0,0,0,0,0
track_0789881,0,1,0,0,0,0
track_1095025,0,1,0,0,0,1
track_1159950,0,0,1,0,0,0
track_1283759,0,0,0,0,0,1
track_1398416,0,0,0,1,0,0
track_1270569,0,0,0,0,1,0
track_0741318,0,1,0,0,0,1
track_0941398,0,0,0,0,0,1
track_1202954,0,0,1,0,0,0
track_1351589,0,0,0,0,0,1
track_1366176,0,0,0,0,1,0
track_1177395,0,0,0,1,0,0
track_0659900,0,0,0,1,0,0
track_1330499,1,0,0,0,0,0
track_0000382,1,0,0,0,0,0
track_0202151,0,0,1,0,0,0
track_1162099,0,0,1,0,0,0
track_1231490,0,0,0,0,1,0
track_0202199,0,1,0,0,0,0
track_1172113,0,1,0,0,0,0
track_0964542,0,0,0,0,1,0
track_1013135,0,0,0,0,0,1
track_0151096,1,0,0,0,0,0
track_1190959,0,0,1,0,0,0
track_0081032,1,0,0,0,0,1
track_0188294,1,0,0,0,0,0
track_0802276,0,0,0,1,1,0
track_1340258,1,0,0,0,0,0
track_1340257,1,0,0,0,0,0
track_1133178,0,0,1,0,0,1
track_1026859,0,0,0,0,1,0
track_1330056,0,0,1,0,0,0
track_0292530,0,1,0,0,0,0
track_0802322,0,0,0,1,0,0
track_0944928,0,0,1,0,0,0
track_1294778,0,1,0,0,0,0
track_1159946,0,0,1,0,0,0
track_0296240,1,1,0,0,0,0
track_0556372,0,0,0,1,1,0
track_0347604,0,0,1,0,0,0
track_1137273,0,0,0,1,1,0
track_1168171,0,0,0,1,0,0
track_1208450,0,0,0,1,0,0
track_1187344,1,0,0,0,0,0
track_0405790,0,0,1,0,0,1
track_0457236,0,0,1,0,0,0
track_0004887,0,1,0,0,1,0
track_1281209,0,0,0,1,0,0
track_1276510,0,0,1,0,0,0
track_1080154,0,0,0,0,0,1
track_0946946,0,1,0,0,0,0
track_1355022,1,0,0,0,0,0
track_1086337,0,1,0,0,0,0
track_1203429,0,0,1,0,0,0
track_0405787,0,0,1,0,0,1
track_0938058,0,0,1,0,0,0
track_1194316,0,0,1,0,0,1
track_1028816,0,0,0,1,1,0
track_0130611,0,1,0,0,0,0
track_0710533,0,1,0,0,0,0
track_1033094,0,0,0,0,1,0
track_1236853,0,0,1,0,0,0
track_0764952,0,0,0,0,0,1
track_1084374,1,0,0,0,0,0
track_0632093,0,0,1,0,0,0
track_0752147,0,1,0,0,0,0
track_1240413,0,0,0,0,1,0
track_0934043,0,0,1,0,0,0
track_1167884,0,0,0,0,0,1
track_0939259,0,0,0,1,1,0
track_1156056,0,0,1,0,0,0
track_1322956,0,0,0,0,1,0
track_0278358,1,0,0,0,0,0
track_1319227,0,0,0,0,1,0
track_1270604,0,0,0,0,1,0
track_1313340,0,1,0,1,0,0
track_1219234,0,0,0,0,0,1
track_0891602,0,1,0,1,0,0
track_1291475,0,0,1,0,0,0
track_1414842,0,0,0,0,0,1
track_1165518,0,1,0,1,0,0
track_0081183,0,0,0,1,0,0
track_0914767,0,0,1,0,0,0
track_1322923,1,1,0,0,0,0
track_1189929,0,0,1,0,0,0
track_1369698,0,0,0,0,0,1
track_1154247,0,1,0,1,1,0
track_0135845,0,0,1,0,0,0
track_1053176,0,1,0,0,0,0
track_1330448,0,0,0,1,0,0
track_1145350,0,1,0,0,0,0
track_1173258,0,0,1,0,0,0
track_0038769,1,0,0,0,0,0
track_1176150,0,0,1,0,0,1
track_0257021,0,0,0,0,1,1
track_0989878,0,1,0,1,0,0
track_0862394,0,1,0,0,0,0
track_0604137,0,0,1,0,0,0
track_1159753,0,0,1,0,0,0
track_1047453,1,0,0,0,0,0
track_0711269,0,0,0,1,1,0
track_1051205,0,0,1,0,0,0
track_1314627,0,1,0,0,0,0
track_1219559,0,0,0,0,1,0
track_0481709,0,0,1,0,0,0
track_1089264,1,0,0,0,0,0
track_1375199,1,0,1,0,0,0
track_0299483,0,1,0,1,1,0
track_0865776,0,0,1,0,0,0
track_1328103,0,0,0,0,1,0
track_0000958,0,1,0,0,0,0
track_1089166,0,0,0,0,1,0
track_0534561,0,1,0,0,0,1
track_0867660,0,0,1,0,0,1
track_1415560,0,0,0,0,0,1
track_1227556,0,0,1,0,0,1
track_0305168,1,0,0,0,0,0
track_1267344,0,0,0,0,0,1
track_1340343,0,0,0,0,0,1
track_1051898,0,1,0,0,0,0
track_0881044,0,1,0,0,0,0
track_1103449,1,0,0,0,1,0
track_1363272,1,0,0,0,0,0
track_1108513,1,0,0,0,0,0
track_0243568,0,0,1,0,0,1
track_0915279,0,1,0,0,0,0
track_1248602,0,1,0,1,0,0
track_0075174,0,1,0,0,0,1
track_1087729,0,0,0,0,1,0
track_0897313,0,0,0,1,0,0
track_0733157,0,0,0,0,1,0
track_1264194,0,0,0,1,0,0
track_0046038,0,0,0,0,0,1
track_0944150,1,0,0,0,0,0
track_0162024,0,0,1,0,0,1
track_1206768,0,0,0,0,1,0
track_1086514,0,0,0,0,0,1
track_1043815,1,0,0,0,0,0
track_1069786,0,0,0,0,1,0
track_1094954,0,0,0,0,1,0
track_1169057,0,0,0,0,0,1
track_1380662,0,0,0,0,1,1
track_1156094,0,0,0,0,1,0
track_0919941,0,0,0,1,0,0
track_1150079,0,1,0,0,0,0
track_0511100,0,0,1,0,0,0
track_1355462,0,1,0,1,0,0
track_1295654,1,0,0,0,0,0
track_1031433,0,1,0,0,0,1
track_1183747,0,0,0,0,1,0
track_0066949,0,0,1,0,0,0
track_1369049,0,1,0,1,0,0
track_0896611,0,0,0,1,0,0
track_1235604,0,0,0,0,1,0
track_1154907,0,0,0,0,1,0
track_1407331,0,0,0,1,0,0
track_1103171,0,0,0,1,0,0
track_1089262,0,0,0,0,1,0
track_1414153,0,0,0,0,1,0
track_0113574,0,1,0,0,0,0
track_1325771,0,0,0,0,0,1
track_1127768,0,0,0,1,0,0
track_1158966,0,1,1,0,0,0
track_1076575,0,0,0,1,0,0
track_1204431,0,1,0,1,0,0
track_1320003,0,0,0,1,0,0
track_1361471,0,0,0,1,0,1
track_0663852,0,0,1,0,0,1
track_0731396,0,0,0,0,1,0
track_0802293,0,0,0,1,0,0
track_1289019,0,1,0,0,0,0
track_1185797,0,0,1,0,0,0
track_1160029,0,0,1,0,0,0
track_1208803,0,0,0,0,1,0
track_1104857,0,0,0,1,0,1
track_0785632,0,0,1,0,0,1
track_1257248,0,0,0,0,0,1
track_0989874,0,1,0,1,0,0
track_0888635,0,1,0,0,0,0
track_1129159,0,0,1,0,1,0
track_1030903,0,0,0,0,0,1
track_1166928,0,0,1,0,0,0
track_0639525,0,0,0,1,0,0
track_1044925,0,0,0,0,0,1
track_1279775,0,0,0,0,0,1
track_0038758,0,1,0,1,0,0
track_1187039,0,1,0,0,0,0
track_1108282,0,1,0,0,0,0
track_1166678,0,0,0,0,1,0
track_0783232,1,0,0,0,0,0
track_0044671,0,0,1,0,0,0
track_1096788,0,1,0,0,0,0
track_1357456,1,0,0,0,0,0
track_1368389,0,0,0,0,1,0
track_0021984,0,0,0,0,0,1
track_1101590,0,0,0,0,1,0
track_0962727,0,0,0,0,0,1
track_1393617,0,1,0,0,0,0
track_1041496,0,0,1,0,0,0
track_1138559,0,0,0,0,0,1
track_0242903,0,0,1,0,0,1
track_0080782,0,1,0,0,0,0
track_1077388,1,0,0,0,0,0
track_1084124,0,0,0,0,0,1
track_0365609,1,1,0,0,0,0
track_0729307,1,0,0,0,0,0
track_1270630,0,0,0,0,1,0
track_0734385,0,0,0,0,0,1
track_1292567,0,0,1,0,0,0
track_1397744,0,0,1,0,0,0
track_1225306,0,0,1,0,0,0
track_0749616,0,1,0,0,0,0
track_0936439,0,1,0,0,0,0
track_0895956,1,0,0,0,0,0
track_1169733,1,0,0,0,0,0
track_1135071,0,1,0,0,0,0
track_1277606,0,0,0,0,0,1
track_0625213,0,0,0,0,1,0
track_1089239,0,0,0,0,1,0
track_1293572,1,0,0,0,0,0
track_1189944,0,0,1,0,0,0
track_1048226,0,0,1,0,0,0
track_0661754,0,0,0,1,1,0
track_0302357,0,0,0,0,1,1
track_1165501,0,1,0,1,0,0
track_0908551,1,0,1,0,1,0
track_1371096,0,1,0,0,0,0
track_0957453,0,0,1,0,0,0
track_1093794,0,1,0,1,0,0
track_0711257,0,0,0,1,1,0
track_1351136,0,0,1,0,0,0
track_0839514,0,0,0,0,1,0
track_1040558,1,0,0,0,0,0
track_1011994,1,0,0,0,0,0
track_0041965,1,1,0,0,0,0
track_1211483,0,0,1,0,0,0
track_0976790,0,1,0,0,1,0
track_1168278,0,1,0,0,0,0
track_1105053,0,0,1,0,0,0
track_1244885,0,1,0,0,0,0
track_0553089,0,0,0,1,0,0
track_1190960,0,0,1,0,0,0
track_1163322,0,0,0,0,1,0
track_0981206,1,0,0,0,0,0
track_0949606,0,0,0,0,0,1
track_1030283,0,0,0,0,1,0
track_1245136,0,0,1,0,0,0
track_1243720,0,1,0,1,0,0
track_1305120,0,1,0,0,0,0
track_1321124,1,0,0,0,0,0
track_1338427,1,0,0,0,0,0
track_1221530,0,0,0,0,0,1
track_0628409,0,0,0,0,0,1
track_1115630,1,0,0,0,0,0
track_0891996,0,0,0,0,1,0
track_1119574,0,0,0,0,0,1
track_0111012,0,1,0,0,0,0
track_0723355,0,0,0,0,0,1
track_1098411,0,0,0,0,1,0
track_0365590,1,1,0,0,0,0
track_1116404,1,0,0,0,0,0
track_1161433,0,0,1,0,0,0
track_1086258,0,0,0,0,1,0
track_1320004,0,0,0,1,0,0
track_1137245,0,1,0,1,0,0
track_1133988,0,0,0,0,0,1
track_1124970,0,1,0,0,0,1
track_1015404,0,1,0,1,0,0
track_0299588,0,1,0,0,1,0
track_0771291,0,1,0,1,0,0
track_1328332,0,0,0,0,0,1
track_1310211,0,0,1,0,0,0
track_1269900,0,0,1,0,0,0
track_0034852,0,0,0,0,1,0
track_1168804,0,1,0,0,1,0
track_1153110,0,0,0,1,0,0
track_1168491,0,1,0,0,0,0
track_1389457,1,0,0,0,0,0
track_0959961,0,0,0,0,0,1
track_1390985,0,1,0,0,0,0
track_1047939,0,1,0,0,0,0
track_0603755,0,0,0,0,0,1
track_1409370,1,0,0,0,0,0
track_1416233,0,0,0,0,0,1
track_0988518,1,0,0,0,0,0
track_0950932,1,0,0,0,0,0
track_1358717,1,0,0,0,0,0
track_0571486,0,0,0,1,1,0
track_0938056,0,0,1,0,0,0
track_1227364,0,0,0,0,1,0
track_1272452,0,0,0,0,1,0
track_1376061,0,0,0,0,1,0
track_1347008,1,0,0,0,0,0
track_1343593,0,1,0,0,0,0
track_1112012,1,0,0,0,0,0
track_0166398,0,1,0,0,0,0
track_1335982,0,1,0,0,0,0
track_1090144,0,0,0,0,0,1
track_0556355,0,0,0,1,1,0
track_0026235,0,0,0,0,1,0
track_1009671,0,1,0,0,0,1
track_0565798,0,0,0,1,1,0
track_0081214,0,1,0,1,0,0
track_1250208,0,0,1,0,0,0
track_0832632,0,0,0,0,0,1
track_1133348,0,1,0,1,0,0
track_0383574,0,0,0,1,0,0
track_0162025,0,0,1,0,0,1
track_0935511,0,0,0,0,0,1
track_0957463,0,0,0,0,1,0
track_0205092,0,1,0,1,1,0
track_1210702,0,1,0,0,0,0
track_0950929,1,0,0,0,0,0
track_1186853,0,1,0,0,0,0
track_1177892,0,0,0,0,0,1
track_1394567,0,0,0,0,1,0
track_1032337,0,0,0,0,0,1
track_1129797,0,0,0,1,0,0
track_1300028,0,1,0,0,0,0
track_1284738,0,0,1,0,0,0
track_1371500,0,0,0,0,0,1
track_1277707,1,0,0,0,0,0
track_0103656,0,1,0,0,0,0
track_1253141,0,0,0,0,0,1
track_1345285,0,0,1,0,0,0
track_0662422,0,1,0,0,0,0
track_1126645,0,0,0,0,1,0
track_1049742,0,0,0,0,0,1
track_1096817,0,1,0,0,0,0
track_1393408,0,0,0,0,0,1
track_0502330,1,0,0,0,0,0
track_1276513,0,0,0,0,0,1
track_1163782,0,1,0,0,0,0
track_0768444,0,0,0,1,1,0
track_0133519,0,0,0,0,0,1
track_0090066,0,0,0,0,0,1
track_0242908,0,0,1,0,0,1
track_1382111,0,0,0,0,0,1
track_1109963,0,1,0,0,0,0
track_1149755,1,0,0,0,0,0
track_1208337,1,0,0,0,0,0
track_0080779,0,1,0,0,0,0
track_0733158,0,0,0,0,1,0
track_0238203,1,0,0,0,0,0
track_0751969,1,0,0,0,0,0
track_0166394,0,1,0,0,0,0
track_0976777,0,1,0,0,1,0
track_1414156,0,0,0,0,1,0
track_0076660,0,0,1,0,0,0
track_1248258,0,0,0,1,0,0
track_0996968,0,0,1,0,0,0
track_0865772,1,0,0,0,0,0
track_1293996,0,0,1,0,0,0
track_1374316,0,0,1,0,0,0
track_0026227,0,0,0,0,1,0
track_1315891,0,0,0,0,0,1
track_1086271,0,0,0,0,1,0
track_1316755,0,0,0,0,0,1
track_0914769,0,0,1,0,0,0
track_1160274,1,0,0,0,0,0
track_1400597,0,0,0,0,0,1
track_1065761,0,1,0,0,0,0
track_1121562,0,0,0,0,1,0
track_1296927,0,0,1,0,0,0
track_0710539,0,1,0,0,0,0
track_1084201,1,0,0,0,0,0
track_0577324,0,1,0,0,0,0
track_1341281,1,0,0,0,1,0
track_1276508,0,0,0,0,0,1
track_0579308,0,0,1,0,0,1
track_0056448,0,1,0,0,0,0
track_1397163,1,0,0,0,0,0
track_1155998,0,0,0,0,0,1
track_1127149,0,0,0,0,0,1
track_1127779,0,0,0,1,0,0
track_0150783,1,0,0,0,0,0
track_1291607,0,1,0,0,0,0
track_0211412,0,0,0,0,0,1
track_1320002,0,0,0,1,0,0
track_1313339,0,1,0,1,0,0
track_0888640,0,1,0,0,0,0
track_1388580,0,1,0,0,1,0
track_1227371,0,0,0,0,1,0
track_1071948,1,0,0,0,0,0
track_0094708,0,0,0,0,1,0
track_0977117,0,0,0,0,0,1
track_0162030,0,0,1,0,0,0
track_1149542,0,0,1,0,0,1
track_1159663,0,0,1,0,0,0
track_1332945,1,0,0,0,1,0
track_1075204,0,1,0,1,0,0
track_1056824,0,0,0,0,0,1
track_1076458,0,0,1,0,0,1
track_1109861,0,0,0,1,0,0
track_1341108,1,0,0,0,1,0
track_1395614,0,1,0,0,0,0
track_1165514,0,1,0,1,0,0
track_1137669,0,0,0,0,0,1
track_0081803,0,1,0,0,1,0
track_1104756,0,0,1,0,0,0
track_1348731,0,0,0,0,0,1
track_0151027,1,0,0,0,0,0
track_1272515,0,0,1,0,0,0
track_0989433,1,0,0,0,0,0
track_1039777,0,0,0,1,0,0
track_1080210,0,0,0,1,0,0
track_1079571,0,0,0,1,1,0
track_1284741,0,0,1,0,0,0
track_1188972,0,0,1,0,0,1
track_1228857,0,0,0,0,1,0
track_0516730,1,0,0,0,0,0
track_1124969,0,1,0,0,0,1
track_0579912,0,0,1,0,0,0
track_1316323,0,0,0,0,1,0
track_1217789,0,0,0,1,0,0
track_0202938,1,0,0,0,0,0
track_0785434,0,0,1,0,0,0
track_1113992,1,0,0,0,0,0
track_1073158,0,1,0,0,0,0
track_0962584,0,0,0,1,1,0
track_1309874,0,0,0,0,0,1
track_1208807,0,0,0,0,1,0
track_1159692,0,0,1,0,0,0
track_0151135,1,0,0,0,0,0
track_0049030,1,0,0,0,0,0
track_1149475,0,1,0,0,0,0
track_0034861,0,0,0,0,1,0
track_1351586,0,0,0,0,0,1
track_1109777,0,1,0,0,0,0
track_1405568,0,0,1,0,0,0
track_0166312,0,0,0,0,1,0
track_1330054,0,0,1,0,0,0
track_0875374,0,1,0,0,0,0
track_1364091,1,0,0,0,0,0
track_0275224,1,0,0,0,0,0
track_1374948,0,0,0,0,0,1
track_0264287,0,1,0,0,0,0
track_1359884,0,0,0,1,0,1
track_0947799,0,0,0,0,0,1
track_1076579,0,0,0,1,0,0
track_0595367,0,1,0,0,0,0
track_0151143,1,0,0,0,0,0
track_0944925,0,0,1,0,0,0
track_0666758,0,1,0,0,1,0
track_1382270,0,0,1,0,0,0
track_0966864,0,0,1,0,0,0
track_1250241,0,0,0,0,0,1
track_0779036,0,0,0,0,1,0
track_1231042,0,0,0,1,0,0
track_0972775,0,1,0,0,0,0
track_1070640,1,0,0,0,0,0
track_1225146,0,0,0,0,1,0
track_1160192,0,0,1,0,0,0
track_1119407,1,0,0,0,0,0
track_1249628,0,0,0,1,0,0
track_1330894,0,0,0,0,1,0
track_1028813,0,0,0,1,1,0
track_1238932,1,0,0,0,0,0
track_0594269,0,0,1,0,0,0
track_1355460,0,0,0,1,0,0
track_1088398,0,0,1,0,0,0
track_0940732,0,1,0,0,0,0
track_0470742,1,0,0,0,0,0
track_1030280,0,0,0,0,1,0
track_0108653,0,0,0,0,0,1
track_1230829,0,0,0,0,0,1
track_1112436,0,0,0,0,0,1
track_1158987,0,1,0,0,0,0
track_0976791,0,1,0,0,1,0
track_1039359,0,1,0,0,0,0
track_0032322,0,0,0,0,0,1
track_0571476,0,0,0,1,1,0
track_0919475,0,1,0,0,0,0
track_0345912,0,0,0,0,1,0
track_0902226,0,0,1,0,0,0
track_1289102,0,0,0,0,0,1
track_1098065,0,1,0,1,0,0
track_1113644,0,0,0,0,1,0
track_1328131,0,0,0,0,1,0
track_1248273,0,0,0,1,0,0
track_0802184,0,0,0,1,0,0
track_1194603,0,0,0,0,1,0
track_0734509,0,1,0,0,0,0
track_1000084,1,0,0,0,0,0
track_1320733,0,0,0,0,1,0
track_1164588,0,0,0,1,0,0
track_1305117,0,1,0,0,0,0
track_1026044,0,0,0,0,1,0
track_0840599,0,0,0,0,0,1
track_0922586,0,0,0,0,1,0
track_1163235,0,1,0,0,0,0
track_0865774,0,0,1,0,0,0
track_0066942,0,0,1,0,0,0
track_1210874,0,0,0,0,0,1
track_1330454,0,0,0,1,0,0
track_1392057,1,0,0,0,0,0
track_1023271,1,0,0,0,0,0
track_1340595,0,1,0,0,0,1
track_1127773,0,0,0,1,0,0
track_1030900,0,0,0,0,1,1
track_1324907,0,0,0,0,1,0
track_1157601,0,0,0,1,0,0
track_0466370,0,0,0,0,1,0
track_0383568,0,0,0,1,0,0
track_0207501,0,0,0,0,0,1
track_1162365,0,1,0,0,0,0
track_0207532,0,0,0,0,0,1
track_1048149,1,0,0,0,0,0
track_0949037,0,0,1,0,0,1
track_0976774,0,1,0,0,1,0
track_1399693,0,1,0,0,0,0
track_0088462,0,0,0,0,1,0
track_0897991,0,0,0,1,1,0
track_1119590,0,0,0,0,1,0
track_1367882,0,0,0,0,0,1
track_0802318,0,0,0,1,0,0
track_0873810,0,0,1,0,0,0
track_1340354,0,0,0,0,1,0
track_1353666,0,0,0,0,0,1
track_1079280,0,0,0,1,0,0
track_1277855,1,0,0,0,0,0
track_1376051,0,0,0,0,1,0
track_1320637,0,0,0,1,0,0
track_1397816,0,0,1,0,0,1
track_1114036,0,0,0,0,0,1
track_1249955,0,0,0,0,0,1
track_1069341,0,1,1,0,0,0
track_0150791,1,0,0,0,0,0
track_1156098,0,0,0,0,1,0
track_1082917,0,1,0,0,0,0
track_1165521,0,1,0,1,0,0
track_1368393,0,0,0,0,1,0
track_1228628,0,1,0,0,0,1
track_1169701,0,0,1,0,0,0
track_1337944,1,0,0,0,0,0
track_1127563,0,0,0,1,0,0
track_0672533,0,1,0,0,0,0
track_0636312,1,0,0,0,0,0
track_0247279,1,0,0,0,0,0
track_1275966,0,1,0,0,0,0
track_0371280,0,1,0,0,0,1
track_1075168,0,1,0,1,0,0
track_0890454,0,1,0,0,0,0
track_1110511,0,1,0,0,0,0
track_1183078,0,0,0,1,0,0
track_0172186,0,0,0,0,1,1
track_1129035,1,0,0,0,0,0
track_1248610,0,1,0,1,0,0
track_1109858,0,0,0,1,0,0
track_0080821,0,1,0,0,0,0
track_1179721,0,0,0,0,0,1
track_0951890,1,0,0,0,0,0
track_0810904,0,0,0,0,0,1
track_1255972,0,0,0,0,1,0
track_1070124,0,0,1,0,0,0
track_1319997,0,0,0,1,0,0
track_1243729,0,1,0,1,0,0
track_1326855,0,0,0,0,1,0
track_0109962,1,0,0,0,0,0
track_0066947,0,0,1,0,0,1
track_1086690,1,0,0,0,0,0
track_1295557,1,0,0,0,1,0
track_1136341,0,1,0,0,0,0
track_0711272,0,0,0,1,1,0
track_0263463,0,1,0,0,0,0
track_1164229,0,1,0,0,0,0
track_1009063,1,0,0,0,0,0
track_1296365,0,1,0,0,0,0
track_1148178,0,1,0,0,0,1
track_1081840,0,1,0,0,0,0
track_1244448,0,0,0,1,0,0
track_1248615,0,1,0,1,0,0
track_0785424,0,0,1,0,0,0
track_1238765,0,1,0,0,0,0
track_1357405,1,0,0,0,0,0
track_1070701,0,0,0,0,0,1
track_1396089,1,0,0,0,0,0
track_1193228,0,0,0,0,1,0
track_1056141,0,0,0,0,1,0
track_1119475,0,1,0,0,0,0
track_1388813,0,0,1,0,0,0
track_1300328,1,0,0,0,1,0
track_1217519,0,1,0,0,0,1
track_1084197,1,0,0,0,0,0
track_0839520,0,0,0,0,1,0
track_0733169,0,0,0,0,1,0
track_1204821,0,0,0,0,0,1
track_1221850,0,0,1,0,0,0
track_1375969,0,0,0,1,0,0
track_0296241,1,1,0,0,0,0
track_1300042,0,0,0,0,1,0
track_1126033,0,0,0,1,0,0
track_1330055,0,0,1,0,0,0
track_1231644,0,0,0,0,1,0
track_0038776,1,0,0,0,0,0
track_1118602,0,1,0,0,0,0
track_0768430,0,0,0,1,1,0
track_0026226,0,0,0,0,1,0
track_0264448,0,1,0,1,0,0
track_0150793,1,0,0,0,0,0
track_0751968,1,0,0,0,0,0
track_0370257,0,0,0,0,1,0
track_1409347,0,0,1,0,0,0
track_1221526,0,0,0,0,0,1
track_1110770,0,1,0,0,0,0
track_1027881,0,0,0,1,0,0
track_1041498,0,0,1,0,0,0
track_1136344,0,1,0,0,0,0
track_1395041,1,0,0,0,0,0
track_1160059,0,0,0,0,0,1
track_0771590,0,1,0,0,0,0
track_1330502,1,0,0,0,1,0
track_0325391,0,0,1,0,0,0
track_1217513,0,1,0,0,0,0
track_1194980,1,0,0,1,0,0
track_0663131,0,1,0,0,0,0
track_0501673,0,1,0,0,1,0
track_1227376,0,0,0,0,1,0
track_1179403,0,0,1,0,0,0
track_1345078,0,1,0,0,0,0
track_0018230,0,1,0,0,0,0
track_0073121,0,0,0,0,1,0
track_1379931,0,0,0,0,0,1
track_1159698,0,0,1,0,0,0
track_0459359,0,0,1,0,0,0
track_1169705,1,0,0,0,0,0
track_1178801,0,1,0,0,0,0
track_1095476,0,1,0,0,0,0
track_0974001,0,0,0,0,1,1
track_0352931,0,0,0,0,0,1
track_1168540,0,1,0,0,0,0
track_1126094,0,1,0,0,0,0
track_0556351,0,0,0,1,1,0
track_1345289,0,0,1,0,0,0
track_0347590,0,0,1,0,0,0
track_0779037,0,0,0,0,1,0
track_0518472,0,0,0,0,0,1
track_1100973,0,1,0,0,1,0
track_1171624,0,0,0,0,1,0
track_0992508,0,0,1,0,0,0
track_0080783,0,1,0,0,0,0
track_0976827,0,0,0,0,0,1
track_1295534,0,0,0,0,1,0
track_0965311,1,0,0,0,0,0
track_0734440,0,1,0,0,0,0
track_0950302,1,0,0,0,0,0
track_1380116,0,1,0,0,0,0
track_1361521,0,0,0,1,1,0
track_1231990,0,0,0,1,0,0
track_1346677,0,1,0,0,0,0
track_1221855,0,0,1,0,0,0
track_1156053,0,0,1,0,0,0
track_0205097,0,1,0,1,1,0
track_1292796,1,0,0,0,0,0
track_1420085,0,0,0,0,0,1
track_1209634,0,0,0,0,1,0
track_1255524,0,0,0,1,0,0
track_0459388,0,0,1,0,0,0
track_0957455,0,0,1,0,0,0
track_0036697,1,1,0,0,0,0
track_1274169,1,0,0,0,0,0
track_0897980,0,0,0,1,1,0
track_0934045,0,0,1,0,0,0
track_0389852,1,0,0,0,0,0
track_1105056,0,0,1,0,0,0
track_1340333,0,0,1,0,0,0
track_1125820,0,0,1,0,0,1
track_1061763,0,0,0,0,0,1
track_1357550,0,0,1,0,0,0
track_1060007,0,1,0,0,0,0
track_1074709,0,1,0,0,0,0
track_1141677,0,0,0,0,1,0
track_1119518,0,1,0,0,0,0
track_0393581,0,1,0,0,0,0
track_0873566,0,0,0,0,1,0
track_1222344,0,0,0,0,1,0
track_0169205,1,0,0,0,0,0
track_0973994,0,0,0,0,1,1
track_1277846,1,0,0,0,0,0
track_1288581,0,1,0,0,0,0
track_0982385,0,0,0,0,0,1
track_0996960,0,0,1,0,0,0
track_1098069,0,0,0,1,0,0
track_1078391,0,1,0,0,0,1
track_1207613,0,0,0,0,1,0
track_0297871,0,0,1,0,0,0
track_1162944,1,0,0,0,0,0
track_1012597,0,0,0,1,0,0
track_0133522,0,0,1,0,0,0
track_1287557,0,1,0,0,1,0
track_1155559,0,0,1,0,0,0
track_1372834,1,0,0,0,0,0
track_1125821,0,0,1,0,0,1
track_0663130,0,1,0,0,0,0
track_1075936,0,1,0,0,0,0
track_1084673,0,0,1,0,0,1
track_1221529,0,0,0,0,0,1
track_0989713,1,0,0,0,0,0
track_1269902,0,0,1,0,0,0
track_0982390,0,0,0,0,1,0
track_1161437,0,0,1,0,0,0
track_1077040,0,0,1,0,0,0
track_0556357,0,0,0,1,1,0
track_0618454,0,0,0,1,1,0
track_1222000,0,0,1,0,0,0
track_1169942,0,1,0,1,0,0
track_1414121,0,0,0,0,0,1
track_1288980,0,1,0,0,0,0
track_1111209,1,0,0,0,0,1
track_0151120,1,0,0,0,0,0
track_1228856,0,0,0,0,1,0
track_1415796,0,1,0,0,0,0
track_0389700,1,0,0,0,1,0
track_1235166,0,0,0,1,0,0
track_1118533,0,0,0,0,0,1
track_0768435,0,0,0,1,1,0
track_0133516,0,0,0,0,0,1
track_1417341,1,0,0,0,0,0
track_0369461,1,0,0,0,0,0
track_1170599,1,0,0,0,0,0
track_0258844,1,0,0,0,0,0
track_0875003,0,0,0,0,0,1
track_0305527,1,0,0,0,0,0
track_1123295,1,0,0,0,0,0
track_1320008,0,0,0,1,0,0
track_1098674,0,0,0,0,1,0
track_1185987,0,0,0,0,1,0
track_0326496,1,0,0,0,0,0
track_0802278,0,0,0,1,1,0
track_0134777,0,0,1,0,0,0
track_0579639,0,0,1,0,0,0
track_0768433,0,0,0,1,1,0
track_0565788,0,0,0,1,1,0
track_0571490,0,0,0,1,1,0
track_1369050,0,1,0,1,0,0
track_1049274,0,0,0,0,1,0
track_1414376,0,0,0,0,0,1
track_0000390,1,0,0,0,0,0
track_1201479,0,0,0,1,0,0
track_0996969,0,0,1,0,0,0
track_1075173,0,1,0,1,0,0
track_1339441,0,0,0,0,0,1
track_0209006,0,0,1,0,0,0
track_1110772,0,1,0,0,0,0
track_1417907,0,0,0,1,0,0
track_1243721,0,1,0,1,0,0
track_0571478,0,0,0,1,1,0
track_0957413,0,0,1,0,0,0
track_1165778,0,1,0,0,0,0
track_1032226,0,1,0,0,0,0
track_1223933,0,0,1,0,0,0
track_1028808,0,0,0,1,1,0
track_1156096,0,0,0,0,1,0
track_1168545,0,1,0,0,0,0
track_0072839,0,0,0,0,0,1
track_1300330,1,0,0,0,1,0
track_1418020,1,0,0,0,0,0
track_0260190,1,0,0,0,0,0
track_1078468,0,0,0,0,0,1
track_0967241,0,0,0,0,0,1
track_1395501,0,0,1,0,0,0
track_0272976,1,0,0,0,0,0
track_0347854,0,0,0,0,0,1
track_1276894,0,0,0,1,0,0
track_1248091,0,1,0,0,0,0
track_0225363,0,1,0,0,0,0
track_0406262,0,0,1,0,0,1
track_0811245,1,0,0,0,0,0
track_1142735,0,0,0,0,0,1
track_1131958,0,0,0,0,0,1
track_0389520,0,0,0,0,1,0
track_1086302,0,0,1,0,0,1
track_1141444,0,0,1,0,0,1
track_1255882,0,0,1,0,0,0
track_1270582,0,0,0,1,1,0
track_0459377,0,0,1,0,0,0
track_1162943,1,0,0,0,0,0
track_1079295,0,0,0,0,0,1
track_1125819,0,0,1,0,0,1
track_1312070,0,1,0,0,0,1
track_1203322,0,0,0,1,0,0
track_1075192,0,1,0,1,0,0
track_1221919,1,0,0,0,0,0
track_0976807,0,0,0,0,0,1
track_1189911,0,0,1,0,0,0
track_1066918,0,0,0,0,1,0
track_1345073,0,1,0,0,0,0
track_0272371,1,0,0,0,0,0
track_0891613,0,1,0,1,0,0
track_1130913,0,0,0,1,0,0
track_1077277,0,0,1,0,0,0
track_1002052,0,0,1,0,0,0
track_1158968,0,1,1,0,0,0
track_0280157,1,0,0,0,0,0
track_1053338,0,0,0,1,0,0
track_1253146,0,0,0,0,0,1
track_1372059,0,1,0,1,0,0
track_1110516,0,1,0,0,0,0
track_1035560,0,1,0,0,0,1
track_0939261,0,0,0,1,1,0
track_0585153,0,0,0,1,0,0
track_0666614,0,1,0,0,0,0
track_0799229,1,0,0,0,0,0
track_1111540,0,0,1,0,0,0
track_1109633,0,0,0,0,1,0
track_1315527,0,1,0,0,0,0
track_1369859,1,0,1,0,0,0
track_0873928,0,1,0,0,0,0
track_1156410,0,1,0,0,0,0
track_1356015,1,0,0,0,0,0
track_1359473,0,0,0,0,0,1
track_0500419,0,0,0,0,0,1
track_1121281,0,0,0,1,0,0
track_0875038,0,0,0,0,0,1
track_1397811,0,0,1,0,0,1
track_0965600,1,0,0,0,0,0
track_1071285,0,0,0,0,1,0
track_1307839,0,0,1,0,0,0
track_0802298,0,0,0,1,0,0
track_1374696,0,0,1,0,0,1
track_1126035,0,0,0,1,0,0
track_1365281,0,0,0,0,0,1
track_1150487,0,0,0,1,0,0
track_1395224,0,0,0,0,0,1
track_0718514,0,0,1,0,0,0
track_1077824,0,1,0,0,0,0
track_1137244,0,1,0,1,0,0
track_1343816,0,0,1,0,0,0
track_1165523,0,1,0,1,0,0
track_1137235,0,1,0,1,0,0
track_0642404,0,1,0,0,0,0
track_1129640,0,1,0,0,0,0
track_1084683,0,0,1,0,0,0
track_1177013,0,0,1,0,0,1
track_1316272,0,0,0,0,1,0
track_1026039,0,0,0,0,1,0
track_1416535,1,0,0,0,0,0
track_1185422,0,1,0,0,0,0
track_0860802,0,1,0,0,0,0
track_0207517,0,0,0,0,0,1
track_0015170,0,1,0,0,0,0
track_0799262,1,0,0,0,0,0
track_1134737,1,0,0,0,0,1
track_1372876,0,0,1,0,0,0
track_0162027,0,1,1,0,0,0
track_1076574,0,0,0,1,0,0
track_1149531,0,0,1,0,0,1
track_1376060,0,0,0,0,1,0
track_1374695,0,0,1,0,0,0
track_0641597,0,0,0,0,1,0
track_1075195,0,1,0,1,0,0
track_1109866,0,0,0,1,0,0
track_1341280,1,0,0,0,1,0
track_0771288,0,1,0,1,0,0
track_1110487,0,1,0,0,0,0
track_0150949,1,0,0,0,0,0
track_0081812,0,1,0,0,1,0
track_0324615,0,0,0,0,1,0
track_1133176,0,0,1,0,0,1
track_1051706,0,0,0,0,0,1
track_1039112,0,0,0,0,0,1
track_1189937,0,0,1,0,0,0
track_0762058,0,0,0,0,0,1
track_1345052,0,1,0,0,0,0
track_1077721,0,0,1,0,0,0
track_1396255,1,1,0,0,0,0
track_1220946,0,0,0,0,0,1
track_0131645,0,0,0,0,1,0
track_0967237,0,0,1,0,0,1
track_1156057,0,0,1,0,0,0
track_1166622,0,0,1,0,0,0
track_0991724,0,1,0,0,0,0
track_0956216,1,1,0,0,0,0
track_1087136,0,0,0,0,1,0
track_1338385,0,0,0,1,0,0
track_0921508,0,0,0,0,1,0
track_0553246,0,0,0,1,0,0
track_0150798,1,0,0,0,0,0
track_1075175,0,1,0,1,0,0
track_1075189,0,1,0,1,0,0
track_1152648,0,0,0,0,0,1
track_1219560,0,0,0,0,1,0
track_1028799,0,0,0,1,1,0
track_1088148,0,0,0,0,1,0
track_1166102,0,0,1,0,0,0
track_1338303,1,0,0,0,0,0
track_1032334,0,0,0,0,0,1
track_1346206,0,1,0,0,0,0
track_0081807,0,1,0,0,1,0
track_0565792,0,0,0,1,1,0
track_1381592,0,0,1,0,0,0
track_1045257,0,0,0,1,0,0
track_0082645,0,1,0,0,0,0
track_0951886,1,0,0,0,0,0
track_1039523,0,0,1,0,0,0
track_1035539,0,1,0,0,0,1
track_1283107,0,0,0,0,0,1
track_1205915,0,0,0,0,0,1
track_0361044,0,0,1,0,0,0
track_1321147,0,0,0,0,1,0
track_0095237,0,0,0,0,1,0
track_1136575,0,1,0,0,0,0
track_1221754,0,0,1,0,0,0
track_0088564,1,0,0,0,1,0
track_0466207,0,0,1,0,0,0
track_1328169,0,0,0,0,1,0
track_1136676,0,0,0,0,0,1
track_1242271,0,0,1,0,0,1
track_0034859,0,0,0,0,1,0
track_1253375,0,0,0,1,0,0
track_1204956,0,1,0,0,0,1
track_0986591,0,0,1,0,0,0
track_0934044,0,0,1,0,0,0
track_0242610,0,0,1,0,0,0
track_1159620,0,0,1,0,0,0
track_0347546,0,0,1,0,0,0
track_1358778,0,1,0,1,0,0
track_1189654,0,0,1,0,0,0
track_1126026,0,0,0,1,0,0
track_0414116,1,0,0,0,0,0
track_0918868,0,1,0,0,0,0
track_1064757,0,0,0,0,1,0
track_1248107,0,1,0,0,0,0
track_1415617,0,1,0,0,0,0
track_0625212,0,0,0,0,1,0
track_0711264,0,0,0,1,1,0
track_0202160,0,0,1,0,0,0
track_0714711,0,1,0,0,0,0
track_0150963,1,0,0,0,0,0
track_1054275,0,1,0,0,0,0
track_0341549,0,0,1,0,0,0
track_1328152,0,0,0,0,1,0
track_0032360,0,1,0,0,0,0
track_0873824,0,0,1,0,0,0
track_1279793,0,0,0,0,0,1
track_0211417,0,0,0,0,0,1
track_0873803,0,0,1,0,0,0
track_0081019,0,1,0,0,0,0
track_1397348,1,0,0,0,0,0
track_1077045,0,0,1,0,0,0
track_0202156,0,0,1,0,0,0
track_1041924,0,0,0,0,0,1
track_0897306,0,0,0,1,0,0
track_1354596,0,0,0,0,0,1
track_1066302,0,0,0,0,0,1
track_1133339,0,1,0,1,0,0
track_1281201,0,0,0,1,0,0
track_0802319,0,0,0,1,0,0
track_1050671,0,0,1,0,0,0
track_0501300,1,0,0,0,0,0
track_0259829,1,0,0,0,0,0
track_0702745,0,0,0,0,0,1
track_1284735,0,0,1,0,0,0
track_1009674,0,1,0,0,0,1
track_1071434,0,0,0,0,1,0
track_1078694,0,0,1,0,0,0
track_0172316,0,0,0,0,0,1
track_0471254,0,0,0,0,0,1
track_0579645,0,0,1,0,0,1
track_1419493,1,0,0,0,0,0
track_0956535,0,0,0,0,0,1
track_1253041,0,1,0,0,0,0
track_1127770,0,0,0,1,0,0
track_1264206,0,0,0,1,0,0
track_0605992,0,0,1,0,0,0
track_1112023,1,0,0,0,0,0
track_1264215,0,0,1,1,0,0
track_1152644,0,1,0,0,0,0
track_1046853,0,0,0,0,0,1
track_0326506,1,0,0,0,0,0
track_1056504,0,0,0,0,0,1
track_0352693,1,0,0,0,0,0
track_0773677,0,0,1,0,0,0
track_0460235,1,0,0,0,0,0
track_0359664,1,0,0,0,0,0
track_1352821,0,0,0,0,0,1
track_1320029,0,0,0,1,0,0
track_0806983,0,0,0,0,0,1
track_0721200,0,1,0,0,0,0
track_1341268,1,0,0,0,1,0
track_1156050,0,0,1,0,0,0
track_1414122,0,0,0,0,0,1
track_1051717,0,0,0,0,0,1
track_0387011,0,0,1,0,0,0
track_1157022,0,1,0,0,0,0
track_1418655,0,0,0,0,0,1
track_0974623,0,0,0,0,0,1
track_0682358,1,0,0,0,0,0
track_1029334,0,0,0,1,0,0
track_1336657,0,0,0,0,0,1
track_0793920,1,0,0,0,0,0
track_0317867,1,0,0,0,0,0
track_0773672,0,0,1,0,0,0
track_1114719,0,1,0,0,0,0
track_0711256,0,0,0,1,1,0
track_1307741,0,0,0,1,0,0
track_1275150,0,0,0,0,1,0
track_1012644,1,0,0,0,0,0
track_1338387,0,0,0,1,0,0
track_0151109,1,0,0,0,0,0
track_1401968,0,0,0,0,0,1
track_0302310,0,0,0,0,1,1
track_1068955,0,0,1,0,0,0
track_1169064,0,0,0,0,0,1
track_1127775,0,0,0,1,0,0
track_1127564,0,0,0,1,0,0
track_1164342,1,0,0,0,0,0
track_1293742,0,0,0,1,0,0
track_1087019,0,1,0,0,0,0
track_0802300,0,0,0,1,0,0
track_1066916,0,0,0,0,1,0
track_1277827,1,0,0,0,0,0
track_1294827,0,0,1,0,0,0
track_0075175,0,1,0,0,0,1
track_1309758,0,0,1,0,0,0
track_0939254,0,0,0,1,1,0
track_1161435,0,0,1,0,0,0
track_1112339,0,1,0,0,0,0
track_1068253,0,0,0,0,0,1
track_1226951,0,0,0,1,0,0
track_1328101,0,0,0,0,1,0
track_1134038,0,0,0,0,0,1
track_1360446,0,1,0,0,0,0
track_0078308,0,0,1,0,0,1
track_1047224,0,0,1,0,0,0
track_0950930,1,0,0,0,0,0
track_1227362,0,0,0,0,1,0
track_0647524,0,0,0,1,0,0
track_1294971,0,0,0,0,1,0
track_0780390,0,1,0,1,0,0
track_1133995,0,0,0,0,0,1
track_0911794,0,0,0,0,0,1
track_0619886,0,0,0,0,1,0
track_0370259,0,0,0,0,1,0
track_1399778,0,0,0,1,0,0
track_0319625,0,0,0,0,1,0
track_1128220,0,0,1,0,0,1
track_1407555,0,0,1,0,0,0
track_1231043,0,0,0,1,0,0
track_0752519,1,0,0,0,0,0
track_1398415,0,0,0,1,0,0
track_1162011,0,1,0,0,0,1
track_1075213,0,1,0,1,0,0
track_1235600,0,0,0,0,1,0
track_1394595,0,1,0,0,0,0
track_0989850,1,0,0,0,0,0
track_0128857,0,1,0,0,1,0
track_1384384,1,0,0,0,0,0
track_1128213,0,0,1,0,0,0
track_0607863,0,0,0,0,0,1
track_0957940,0,1,0,0,0,1
track_1084677,0,1,1,0,0,0
track_1209995,0,0,0,1,0,0
track_1236647,0,1,0,0,0,0
track_0151107,1,0,0,0,0,0
track_1104752,0,0,0,0,0,1
track_0084200,0,0,1,0,0,1
track_1071168,0,0,0,0,1,0
track_1207617,0,0,0,0,1,0
track_0988509,1,0,0,0,0,0
track_1136808,0,1,0,1,0,0
track_0873614,1,0,0,0,0,0
track_0383997,0,1,0,0,0,0
track_1068641,0,0,0,0,0,1
track_1159742,0,0,1,0,0,0
track_1160617,0,0,0,0,0,1
track_0806976,0,0,0,0,0,1
track_1213353,1,0,0,0,0,0
track_1320025,0,0,0,1,0,0
track_1136906,0,1,0,0,0,0
track_0011750,0,0,0,0,1,0
track_1231991,0,0,0,1,0,0
track_1248274,0,0,0,1,0,0
track_1133090,1,0,0,0,0,0
track_0967570,1,0,0,0,0,0
track_1295326,0,0,0,0,0,1
track_0925415,0,0,0,1,1,0
track_0925530,1,0,0,0,0,0
track_1291615,0,1,0,0,0,0
track_0575219,0,0,1,0,0,0
track_1148306,1,0,0,0,0,0
track_1115046,0,1,0,0,0,0
track_1274236,0,0,0,0,1,0
track_1231038,0,0,0,1,0,0
track_1109894,0,1,0,0,0,0
track_1203319,0,0,0,1,0,0
track_1225292,0,0,1,0,0,0
track_1320007,0,0,0,1,0,0
track_0647531,0,0,0,1,0,0
track_1281205,0,0,0,1,0,0
track_1393420,0,0,0,0,0,1
track_1281204,0,0,0,1,0,0
track_0659885,0,0,0,1,0,0
track_0711263,0,0,0,1,1,0
track_1291606,0,1,0,0,0,0
track_1194945,1,0,0,1,0,0
track_1075147,0,0,0,1,0,0
track_1122633,1,0,0,0,1,0
track_1380445,0,0,0,0,0,1
track_1287603,1,1,0,0,0,0
track_0659902,0,0,0,1,0,0
track_1096873,0,0,0,1,0,0
track_1248261,0,0,0,1,0,0
track_1127765,0,0,0,1,0,0
track_1114150,0,0,0,0,1,0
track_1345990,0,0,1,0,0,0
track_1115616,0,1,0,0,0,0
track_0934869,0,0,0,0,0,1
track_0608958,1,0,0,0,0,0
track_1219424,0,1,0,0,0,0
track_1096308,0,0,1,0,0,0
track_0768441,0,0,0,1,1,0
track_1037060,0,0,1,0,0,0
track_0081023,0,1,0,0,0,0
track_0934048,0,0,1,0,0,0
track_0873615,0,0,0,0,0,1
track_0873815,0,0,1,0,0,0
track_0542410,0,1,0,0,0,0
track_0908549,1,0,0,0,0,0
track_1103993,0,0,0,0,0,1
track_1243728,0,1,0,1,0,0
track_0008563,0,0,0,0,1,0
track_0243697,1,0,0,0,0,0
track_1366150,0,0,0,0,1,0
track_0259710,1,0,0,0,0,0
track_0860149,0,1,0,0,0,0
track_1418667,0,0,0,0,0,1
track_1400594,0,0,0,0,1,0
track_1240411,0,0,0,0,1,0
track_1270588,0,1,0,0,0,0
track_1250079,0,0,0,0,0,1
track_0523086,0,0,0,0,0,1
track_1214390,0,1,0,0,0,0
track_1168492,0,0,0,0,0,1
track_1353978,0,1,0,0,1,0
track_1303605,0,1,0,0,0,0
track_0369458,1,0,0,0,0,0
track_0260184,1,0,0,0,0,0
track_1248603,0,1,0,1,0,0
track_1138238,0,0,0,0,0,1
track_1029331,0,0,0,1,0,0
track_1105051,0,0,1,0,0,0
track_0908547,0,0,0,0,0,1
track_0973998,0,0,0,0,1,1
track_1324672,1,1,0,0,0,0
track_1349805,0,1,0,0,0,0
track_1163787,0,1,0,0,0,0
track_1402955,0,1,0,0,0,0
track_1093795,0,1,0,1,0,0
track_0846448,0,1,0,0,0,1
track_1313079,1,0,0,0,0,0
track_1085328,0,0,0,0,0,1
track_1361520,0,0,0,1,1,0
track_1129654,0,0,0,0,0,1
track_1119591,1,0,0,0,0,0
track_0166397,0,1,0,0,0,0
track_1164633,1,0,1,0,0,0
track_1078440,0,0,0,0,0,1
track_1155230,0,0,0,0,0,1
track_0949953,0,0,0,0,0,1
track_0151073,1,0,0,0,0,0
track_1029299,0,0,0,0,1,0
track_0997094,1,0,0,0,0,0
track_1347619,0,0,0,0,0,1
track_0897994,0,0,0,1,1,0
track_1388815,0,0,1,0,0,0
track_0020943,0,1,0,0,0,0
track_0891604,0,1,0,1,0,0
track_1036108,0,1,0,0,0,0
track_0401856,1,0,0,0,0,0
track_0585146,0,0,0,1,0,0
track_1079294,0,0,0,0,0,1
track_1147855,0,1,0,0,0,0
track_1322994,1,0,0,0,0,0
track_0011760,0,0,0,0,1,0
track_0944914,0,0,1,0,0,0
track_1236861,0,0,1,0,0,0
track_0373302,0,1,0,0,0,0
track_0264477,0,1,0,1,0,0
track_1084125,0,0,0,0,0,1
track_0959967,0,0,0,0,0,1
track_1183161,1,0,0,0,0,0
track_0151050,1,0,0,0,0,0
track_0603240,0,0,1,0,0,1
track_1346571,0,1,0,0,0,0
track_1126059,0,1,0,0,0,0
track_1116403,1,0,0,0,0,0
track_0957454,1,0,1,0,0,0
track_1123782,0,0,0,0,0,1
track_1075167,0,1,0,1,0,0
track_1136338,0,1,0,0,0,0
track_1203414,0,0,1,0,0,0
track_1272518,0,0,1,0,0,0
track_0433148,0,0,0,0,0,1
track_0802177,0,0,0,1,0,0
track_1007901,0,0,0,0,1,0
track_1146547,0,1,0,0,0,0
track_0133656,0,0,0,0,0,1
track_0757500,1,0,0,0,0,0
track_1208444,0,0,0,1,0,0
track_1077039,0,0,1,0,0,0
track_1076387,0,1,0,0,0,0
track_0081802,0,1,0,0,1,0
track_0319824,0,0,1,0,0,0
track_1157599,0,0,0,1,0,0
track_0381195,0,0,0,1,0,0
track_1265316,1,0,0,0,0,0
track_0356842,0,0,0,0,0,1
track_1149538,0,0,1,0,0,0
track_1127769,0,0,0,1,0,0
track_1049276,0,1,0,0,1,0
track_0081017,0,1,0,0,0,0
track_0734388,0,0,0,0,1,1
track_1373040,0,0,0,0,1,0
track_0345903,0,0,0,0,1,0
track_0802317,0,0,0,1,0,0
track_1100243,0,1,0,0,0,0
track_1069872,0,0,0,0,1,0
track_1088134,0,0,0,0,1,0
track_0114765,0,0,0,0,1,0
track_1028913,1,0,0,0,0,0
track_1366157,0,0,0,0,1,0
track_0542360,0,0,0,0,0,1
track_1273901,0,0,0,1,0,0
track_0711268,0,0,0,1,1,0
track_1192523,0,0,0,0,1,0
track_1231902,1,0,0,0,0,0
track_0439625,0,0,0,0,0,1
track_1164206,0,1,0,0,0,0
track_1330455,0,0,0,1,0,0
track_1342912,1,0,0,0,0,0
track_1374201,1,0,0,0,0,0
track_0151022,1,0,0,0,0,0
track_0984997,0,0,0,0,0,1
track_1072426,0,1,0,0,0,1
track_0855268,0,1,0,0,0,0
track_0350885,0,1,0,0,1,0
track_0280156,1,0,0,0,0,0
track_0151061,1,0,0,0,0,0
track_0785267,0,0,1,0,0,0
track_0565809,0,0,0,1,1,0
track_0498816,0,0,0,0,0,1
track_0049028,1,0,0,0,0,0
track_1193234,0,0,0,0,1,0
track_1346846,0,0,0,1,0,0
track_1284334,0,0,0,0,1,0
track_1203896,1,0,0,0,0,0
track_1084433,0,0,0,0,0,1
track_0780396,0,1,0,1,0,0
track_1101292,0,0,0,0,1,0
track_1056142,0,0,0,0,1,0
track_0108603,0,1,0,0,0,0
track_0902710,0,0,0,0,0,1
track_1135199,0,1,0,0,0,0
track_1269915,0,1,0,0,0,0
track_0383587,0,0,0,1,0,0
track_0369906,0,1,0,0,1,0
track_1112061,1,1,0,0,0,0
track_1132966,0,0,1,0,0,0
track_1157350,1,0,1,0,0,0
track_0919940,0,1,0,0,1,0
track_1336654,0,0,0,0,0,1
track_0976913,0,0,0,0,0,1
track_0196256,1,0,0,0,0,0
track_1195933,0,0,0,0,0,1
track_1159664,0,0,1,0,0,0
track_1109958,0,1,0,0,0,0
track_0230805,0,0,0,0,0,1
track_0089284,0,0,1,0,0,0
track_1037625,0,1,0,0,0,0
track_1322173,0,0,0,0,0,1
track_0891607,0,1,0,1,0,0
track_1371870,0,0,0,0,0,1
track_1311285,0,0,0,1,0,0
track_1012599,0,0,0,1,0,0
track_1210606,1,0,0,0,0,0
track_1057820,0,1,0,0,0,0
track_1284343,0,0,1,0,0,0
track_1114028,0,0,0,0,0,1
track_0246919,0,0,1,0,0,0
track_1355267,0,0,0,1,0,0
track_0296233,1,1,0,0,0,0
track_1179402,0,0,0,0,0,1
track_1028811,0,0,0,1,1,0
track_0975919,1,0,0,0,0,0
track_0811122,0,0,1,0,0,0
track_1302679,0,0,1,0,0,0
track_1414087,0,0,0,0,1,1
track_1049745,0,0,0,0,0,1
track_0025218,1,0,0,0,0,0
track_0218554,0,0,0,0,0,1
track_0686757,0,0,0,0,1,0
track_1223077,1,0,0,0,0,0
track_1052158,0,1,0,0,0,0
track_0243737,0,0,1,0,0,1
track_1167887,0,0,0,0,0,1
track_1127777,0,0,0,1,0,0
track_1018541,0,0,1,0,0,0
track_1228696,0,1,0,0,0,1
track_1416526,1,0,0,0,0,0
track_1012601,0,0,0,1,0,0
track_1397813,0,0,1,0,0,1
track_1316298,0,0,0,0,1,0
track_1321118,1,0,0,0,0,0
track_1063515,0,1,0,0,0,0
track_0302718,1,0,0,0,0,0
track_0347530,1,0,0,0,0,0
track_1137248,0,1,0,1,0,0
track_0635968,0,0,1,0,0,0
track_1053396,0,1,0,0,0,0
track_1159639,0,0,1,0,0,0
track_1205771,0,1,0,0,0,0
track_1138891,0,0,1,0,1,0
track_1331235,0,1,0,0,0,0
track_1202180,0,0,0,1,0,0
track_1148988,0,0,0,1,0,0
track_1109993,0,0,0,0,0,1
track_0090044,0,1,0,0,0,0
track_1177397,0,0,0,1,0,0
track_1248614,0,1,0,1,0,0
track_1084678,0,0,1,0,0,0
track_0075171,0,1,0,0,0,1
track_0802274,0,0,0,1,1,0
track_0636028,0,0,1,0,0,0
track_1380007,0,1,0,0,0,0
track_1379396,0,0,1,0,0,0
track_1167103,0,0,0,0,1,0
track_1086428,1,0,0,0,0,0
track_0556349,0,0,0,1,1,0
track_0973381,0,0,0,0,0,1
track_1125687,0,0,0,0,0,1
track_0293159,0,0,0,0,0,1
track_1104755,0,0,1,0,0,0
track_1119405,1,0,0,0,0,0
track_0284925,1,0,0,0,0,0
track_0306657,0,1,0,0,0,1
track_1400596,0,0,1,0,0,0
track_1139989,0,0,0,0,0,1
track_1114535,0,0,0,0,0,1
track_1267145,1,0,0,0,0,0
track_0088553,1,0,0,0,1,0
track_0048720,0,0,0,0,1,0
track_1031569,0,0,0,0,0,1
track_0361074,0,0,1,0,0,0
track_1413465,0,1,0,0,0,0
track_1150097,0,1,0,0,0,0
track_1129026,1,0,0,0,0,0
track_1380650,0,0,0,0,1,1
track_1248601,0,1,0,1,0,0
track_1153109,0,0,0,1,0,0
track_0019197,1,0,0,0,0,0
track_1379861,0,1,0,0,0,0
track_0998076,0,0,0,0,0,1
track_0938051,0,0,1,0,0,0
track_0318672,0,0,0,0,0,1
track_0500417,0,0,0,0,0,1
track_1268991,0,1,0,0,0,0
track_1159694,0,0,1,0,0,0
track_1071413,0,0,0,0,1,0
track_1109971,0,0,0,0,0,1
track_1170598,0,0,1,0,0,0
track_1218916,0,0,1,0,0,1
track_1127771,0,0,0,1,0,0
track_0944926,0,0,1,0,0,0
track_1417007,1,0,0,0,0,0
track_0921757,0,0,1,0,0,0
track_0150952,1,0,0,0,0,0
track_1284459,0,1,0,0,0,0
track_0275236,1,0,0,0,0,0
track_1381596,0,0,1,0,0,0
track_1121311,1,0,1,0,0,0
track_1150757,0,1,0,0,0,1
track_0150951,1,0,0,0,0,0
track_0207461,0,0,0,0,0,1
track_0936355,0,1,0,0,0,1
track_1134578,1,0,0,0,0,0
track_1170732,0,0,1,0,0,0
track_1076539,0,1,0,0,0,0
track_1189907,0,0,0,0,0,1
track_0553092,0,0,0,1,0,0
track_0801485,0,0,0,0,0,1
track_0847338,0,1,0,0,0,0
track_0618825,0,0,0,0,0,1
track_0368182,1,0,0,0,0,0
track_1023324,0,0,0,0,1,0
track_1354689,1,0,0,0,1,0
track_0934875,0,0,0,0,0,1
track_0891606,0,1,0,1,0,0
track_0206645,1,0,0,0,0,0
track_1171701,0,0,0,0,1,0
track_0733185,0,0,0,0,1,0
track_1149230,0,1,0,0,0,0
track_1077722,0,0,1,0,0,0
track_1269082,0,1,0,0,0,1
track_0133512,0,0,1,0,0,1
track_1075205,0,1,0,1,0,0
track_1083509,0,0,0,0,1,0
track_1215910,1,0,0,0,0,0
track_0661757,0,0,0,1,1,0
track_1018539,0,0,1,0,0,0
track_1319993,0,0,0,1,0,0
track_0647522,0,0,0,1,0,0
track_1319230,0,0,0,0,1,0
track_1007064,0,1,0,0,0,0
track_0466286,0,0,0,0,1,0
track_1216208,0,1,0,0,0,0
track_0081189,0,0,0,1,0,0
track_0902704,0,0,0,0,0,1
track_1216038,0,0,1,0,0,0
track_1085598,0,0,1,0,0,0
track_1098378,0,0,0,0,1,0
track_1107314,0,0,0,0,1,0
track_0571483,0,0,0,1,1,0
track_0150961,1,0,0,0,0,0
track_0114794,0,0,0,0,1,0
track_1244877,0,1,0,0,0,0
track_0036702,0,0,1,0,0,0
track_1159369,0,0,0,0,1,0
track_1347952,0,1,0,0,0,0
track_1081859,0,1,0,0,0,0
track_1248611,0,1,0,1,0,0
track_0661755,0,0,0,1,1,0
track_0089267,0,0,0,0,0,1
track_1078780,0,1,1,0,0,0
track_0875087,0,0,0,0,0,1
track_1111990,1,1,0,0,0,0
track_1370478,1,0,0,0,0,0
track_1096870,0,0,0,1,0,0
track_1369854,1,0,1,0,0,0
track_1018533,0,0,1,0,0,0
track_0731613,0,0,1,0,0,0
track_1032795,1,0,0,0,0,0
track_1400601,0,0,1,0,0,0
track_0802290,0,0,0,1,0,0
track_1372838,1,0,0,0,0,0
track_0647529,0,0,0,1,0,0
track_1312608,0,0,0,0,0,1
track_0769796,1,0,0,0,0,0
track_1387749,0,0,0,0,1,0
track_0976778,0,1,0,0,1,0
track_0271880,1,0,0,0,0,0
track_0802180,0,0,0,1,0,0
track_1314148,0,0,0,0,0,1
track_1159746,0,0,1,0,0,0
track_0810905,0,0,0,0,0,1
track_0381193,0,0,0,1,0,0
track_1266577,0,1,0,0,0,0
track_1012003,1,0,0,0,0,0
track_0553245,0,0,0,1,0,0
track_1387143,0,0,0,1,0,0
track_0854720,0,0,1,0,0,0
track_1082095,1,0,0,0,0,0
track_1158989,0,1,0,0,0,0
track_1109829,0,0,0,1,0,0
track_1169734,1,0,0,0,0,0
track_1287570,0,1,0,0,1,0
track_0020945,0,1,0,0,0,0
track_1248605,0,1,0,1,0,0
track_1317904,0,0,0,0,0,1
track_1366118,0,1,0,0,0,0
track_0306265,0,1,0,0,0,1
track_0271874,1,0,0,0,0,0
track_1088852,0,0,0,1,0,0
track_1110784,0,1,0,0,0,0
track_1338388,0,0,0,1,0,0
track_0802280,0,0,0,1,1,0
track_1326860,0,0,0,0,1,0
track_0768427,0,0,0,1,1,0
track_0371281,0,1,0,0,0,1
track_1275611,1,0,0,0,0,0
track_1372077,0,0,0,1,0,0
track_0594268,0,0,1,0,0,0
track_0154633,0,1,0,0,1,0
track_1396093,1,0,0,0,0,0
track_0381089,0,0,0,1,0,0
track_0110023,0,1,0,0,0,0
track_0865773,0,0,1,0,0,0
track_1194831,1,0,0,0,0,0
track_1076566,0,0,0,1,0,0
track_1097206,0,1,0,0,0,0
track_1328085,0,0,0,0,1,0
track_0017963,0,1,0,0,1,0
track_1316650,0,1,0,1,0,0
track_1112049,1,1,0,0,0,0
track_0242781,0,0,1,0,0,1
track_1119406,1,0,0,0,0,0
track_0711278,0,0,0,1,1,0
track_1113729,1,0,0,0,0,0
track_0997001,0,0,0,0,0,1
track_0785622,0,0,1,0,0,0
track_0896606,0,0,0,1,0,0
track_0381194,0,0,0,1,0,0
track_1088384,0,0,0,0,1,0
track_0635297,1,0,0,0,0,0
track_0119406,0,0,0,0,0,1
track_1227740,0,0,0,0,1,0
track_0897986,0,0,0,1,1,0
track_0094700,0,0,0,0,1,0
track_1379392,0,0,1,0,0,0
track_0786775,0,1,0,0,0,0
track_1251852,0,0,1,0,0,0
track_1133358,1,0,0,0,0,0
track_0168880,1,0,0,0,0,0
track_0162035,1,0,1,0,0,0
track_1320014,0,0,0,1,0,0
track_1340350,0,0,0,0,1,0
track_0081024,0,1,0,0,0,0
track_0659895,0,0,0,1,0,0
track_0873552,0,0,0,0,1,0
track_1149722,0,1,0,0,0,0
track_1160353,0,0,0,0,0,1
track_1041495,0,0,1,0,0,0
track_1127784,0,0,0,1,0,0
track_1146583,0,1,0,0,0,0
track_0802325,0,0,0,1,0,0
track_1244942,0,0,1,0,0,0
track_1121402,0,0,0,1,0,0
track_0048727,0,0,0,0,1,0
track_1369860,1,0,1,0,0,0
track_1253436,0,0,0,0,0,1
track_1095020,0,1,0,0,0,1
track_0381099,0,0,0,1,0,0
track_1253378,0,0,0,1,0,0
track_1194943,1,0,0,1,0,0
track_1185651,1,0,0,0,0,0
track_1012596,0,0,0,1,0,0
track_0553251,0,0,0,1,0,0
track_1127766,0,0,0,1,0,0
track_1032241,0,0,0,1,0,0
track_1034276,0,0,0,0,0,1
track_1126084,0,1,0,0,0,0
track_0342260,1,0,0,0,0,0
track_1203426,0,0,1,0,0,0
track_1056814,0,0,0,0,0,1
track_1123037,1,0,0,0,1,0
track_0034518,0,0,0,0,1,0
track_0470772,0,1,0,0,0,0
track_1125826,0,0,1,0,0,1
track_0973390,0,0,0,0,0,1
track_1102193,0,0,0,0,0,1
track_0080776,0,1,0,0,0,0
track_0865675,0,0,1,0,0,0
track_0840600,0,0,0,0,0,1
track_1028895,1,0,0,0,0,0
track_0810671,0,0,0,0,0,1
track_1369053,0,1,0,1,0,0
track_0399204,0,0,0,0,1,0
track_0625211,0,0,0,0,1,0
track_0162042,0,0,1,0,0,0
track_1040986,0,0,0,0,1,0
track_1210925,0,1,0,0,0,0
track_0271876,1,0,0,0,0,0
track_0230889,0,0,0,0,0,1
track_1374685,0,0,1,0,0,1
track_1202372,0,0,0,0,0,1
track_1013134,0,0,0,0,0,1
track_1109855,0,0,0,1,0,0
track_1416528,1,0,0,0,0,0
track_0989718,1,0,0,0,0,0
track_1150103,0,1,0,0,0,0
track_0659904,0,0,0,1,0,0
track_1046572,1,0,0,0,0,0
track_1316336,0,0,0,0,1,0
track_0922588,0,0,0,0,1,0
track_1283764,0,0,0,0,0,1
track_0150789,1,0,0,0,0,0
track_0811230,0,0,0,0,0,1
track_0594785,1,0,0,0,0,0
track_1163206,0,0,1,0,0,0
track_1109864,0,0,0,1,0,0
track_0485055,0,0,0,0,0,1
track_0976776,0,1,0,0,1,0
track_0989881,0,1,0,1,0,0
track_0897982,0,0,0,1,1,0
track_1322017,0,0,0,1,0,0
track_1087889,0,0,0,0,0,1
track_0594264,0,0,1,0,0,0
track_0381100,0,0,0,1,0,0
track_1134761,0,0,0,0,0,1
track_1098130,0,1,0,0,0,0
track_0911360,0,1,0,0,0,0
track_0961892,1,0,0,0,0,0
track_0700218,1,0,0,0,0,0
track_1085622,0,1,0,0,0,0
track_1208806,0,0,0,0,1,0
track_1042079,0,1,0,0,0,0
track_1137264,0,0,1,0,0,0
track_0799821,0,0,1,0,0,0
track_1130046,0,0,0,0,1,0
track_1123666,0,1,0,0,0,0
track_1369350,0,0,0,0,0,1
track_1296859,1,0,0,0,0,0
track_1415546,0,0,0,0,0,1
track_1205917,0,0,0,0,0,1
track_1306069,0,0,1,0,0,0
track_0259889,1,0,0,0,0,0
track_0259693,1,0,0,0,0,0
track_1372873,0,0,1,0,0,0
track_1156122,0,1,0,0,1,0
track_1189651,0,0,1,0,0,0
track_0873804,0,0,1,0,0,0
track_1047229,0,0,1,0,0,0
track_1407674,0,1,0,0,0,0
track_1165509,0,1,0,1,0,0
track_0957462,0,0,1,0,0,0
track_0078305,0,1,0,0,1,1
track_1089191,0,0,0,0,1,0
track_1165777,0,1,0,0,0,0
track_1369051,0,1,0,1,0,0
track_0708466,0,0,0,0,1,0
track_1356240,1,0,1,0,0,0
track_1110486,0,1,0,0,0,0
track_1327155,0,0,0,0,0,1
track_0147667,1,0,0,0,0,0
track_0181825,0,1,0,0,0,0
track_1289135,1,0,0,0,1,0
track_0275243,1,0,0,0,0,0
track_0802299,0,0,0,1,0,0
track_0996967,0,0,1,0,0,0
track_1364092,1,0,0,0,0,0
track_1094520,0,0,0,0,1,0
track_1138774,0,0,0,1,0,0
track_0373053,1,0,0,0,0,0
track_1118532,0,0,0,0,0,1
track_0260183,1,0,0,0,0,0
track_0768443,0,0,0,1,1,0
track_1153108,0,0,0,1,0,0
track_0090063,0,0,0,0,0,1
track_1374955,0,0,0,0,0,1
track_0973999,0,0,0,0,1,1
track_0790453,0,0,1,0,0,1
track_1115532,1,0,0,0,0,0
track_1315062,0,0,0,0,1,0
track_0607865,0,0,0,0,0,1
track_0976789,0,1,0,0,1,0
track_1133349,0,1,0,1,0,0
track_1076576,0,0,0,1,0,0
track_1219360,0,1,0,0,0,0
track_1243881,0,0,0,0,0,1
track_1329456,0,0,1,0,0,0
track_0868277,0,1,0,1,0,0
track_1336890,0,0,0,1,0,0
track_1315879,0,0,0,0,0,1
track_1137232,0,1,0,1,0,0
track_0768442,0,0,0,1,1,0
track_1360554,0,0,1,0,0,0
track_0162026,0,0,1,0,0,1
track_1388888,0,0,0,1,0,0
track_0988517,1,0,0,0,0,0
track_1138827,0,0,0,1,0,0
track_1012595,0,0,0,1,0,0
track_0073119,0,0,0,0,1,0
track_1376053,0,0,0,0,1,0
track_1161436,0,0,1,0,0,0
track_1127785,0,0,0,1,0,0
track_0188690,0,0,0,0,0,1
track_1064327,0,1,1,0,0,0
track_0780392,0,1,0,1,0,0
track_1080223,0,0,0,1,0,0
track_1039614,0,1,0,0,0,0
track_1075183,0,1,0,1,0,0
track_0844330,0,0,0,0,1,1
track_1167072,1,0,0,0,0,0
track_1072438,0,1,0,0,0,1
track_1104716,0,1,0,0,0,0
track_0134739,0,0,1,0,0,0
track_1064764,0,0,0,0,1,0
track_1345287,0,0,1,0,0,0
track_1029324,0,0,0,1,0,0
track_0983612,0,0,0,0,0,1
track_1357549,0,0,1,0,0,0
track_1159155,0,1,0,0,0,0
track_0922583,0,0,0,0,1,0
track_0011771,0,0,0,0,1,0
track_0034851,0,0,0,0,1,0
track_0094755,0,0,0,0,0,1
track_1115077,0,0,0,0,0,1
track_1207618,0,0,0,0,1,0
track_0453977,1,0,0,0,0,0
track_0913290,0,1,0,0,0,1
track_1406914,0,1,0,0,0,0
track_1165525,0,1,0,1,0,0
track_1076453,0,0,1,0,0,1
track_0166409,0,0,0,0,1,0
track_1377609,0,0,1,0,0,0
track_1147623,0,1,0,0,0,0
track_1306011,0,0,1,0,0,0
track_0647539,0,0,0,1,0,0
track_1084121,0,0,0,0,0,1
track_1132263,0,1,0,0,0,0
track_1248612,0,1,0,1,0,0
track_1094574,0,0,1,0,0,0
track_1317594,0,0,0,0,0,1
track_1066755,0,0,0,0,0,1
track_1196184,1,0,1,0,0,0
track_1163962,0,0,1,0,0,0
track_1158489,1,0,0,0,0,0
track_0680974,0,1,0,0,0,0
track_1251845,0,0,1,0,0,0
track_0297688,0,0,1,0,0,0
track_0636316,1,0,0,0,0,0
track_1361245,0,0,0,0,1,0
track_1340348,0,0,0,0,1,0
track_1320027,0,0,0,1,0,0
track_1057027,1,1,0,0,0,0
track_0188480,0,0,0,0,0,1
track_1129030,1,0,0,0,0,0
track_1011996,1,0,0,0,0,0
track_1032804,0,0,0,1,0,0
track_0771286,0,1,0,1,0,0
track_1396204,0,0,0,1,0,0
track_1130987,0,1,0,0,0,0
track_0385449,0,0,0,0,1,0
track_0875085,0,0,0,0,0,1
track_1414160,0,0,0,0,1,0
track_1340791,0,1,0,0,0,0
track_1391159,0,0,0,0,1,0
track_0230823,0,0,0,0,0,1
track_1168167,0,0,0,1,0,0
track_1194829,1,0,0,0,0,0
track_0667863,1,0,0,0,0,0
track_1415744,0,1,0,0,0,0
track_1388866,0,0,1,0,0,0
track_0259832,1,0,0,0,0,0
track_1044931,0,0,0,0,0,1
track_1248271,0,0,0,1,0,0
track_0802176,0,0,0,1,0,0
track_0891610,0,1,0,1,0,0
track_0007395,0,1,0,0,0,1
track_1159666,0,0,1,0,0,0
track_0799921,1,0,0,0,0,0
track_1272453,0,0,0,0,1,0
track_0903600,1,0,0,0,0,0
track_0094704,0,0,0,0,1,0
track_0719759,1,0,0,0,0,0
track_0507395,0,1,0,0,0,1
track_0618450,0,0,0,1,1,0
track_1051948,0,0,0,0,0,1
track_0219519,0,1,0,0,0,0
track_1327738,0,0,1,0,0,1
track_1171068,0,1,0,0,0,0
track_1179214,0,1,0,0,0,0
track_1366153,0,0,0,0,1,0
track_1170733,0,0,1,0,0,0
track_0500830,0,0,0,0,1,0
track_1197327,0,1,0,0,0,0
track_1170412,1,0,0,0,0,0
track_0602737,0,0,0,0,1,0
track_1217507,0,1,0,0,0,0
track_1079757,0,0,0,0,0,1
track_1061502,0,1,0,0,0,1
track_1372065,0,0,0,1,0,0
track_0066955,0,0,1,0,0,0
track_1415613,0,1,0,0,0,0
track_1324909,0,0,0,0,1,0
track_0780395,0,1,0,1,0,0
track_1093792,0,1,0,1,0,0
track_1189933,0,0,1,0,0,0
track_1128219,0,0,1,0,0,0
track_1370609,0,0,0,0,0,1
track_1416044,0,0,0,0,0,1
track_1155991,0,0,0,0,0,1
track_1247372,0,0,1,0,1,0
track_0890573,0,0,0,0,0,1
track_0721938,1,0,0,0,0,0
track_1103451,1,0,0,0,1,0
track_1027910,0,0,0,0,0,1
track_1066137,0,1,0,0,0,0
track_1123877,0,1,0,0,0,0
track_1397773,1,0,0,0,0,0
track_0162039,0,0,1,0,0,0
track_1157307,0,0,0,0,1,0
track_1127285,0,1,0,0,0,0
track_1125690,0,0,0,0,0,1
track_0095713,0,1,0,0,0,0
track_1274296,0,0,0,0,1,0
track_0381091,0,0,0,1,0,0
track_1230637,0,0,0,0,0,1
track_0076972,0,0,1,0,0,0
track_1324697,0,1,0,0,0,1
track_1269806,0,0,1,0,0,0
track_0957452,0,0,1,0,0,0
track_1027952,0,1,0,0,0,0
track_1083959,1,0,0,0,0,0
track_0553250,0,0,0,1,0,0
track_1058927,0,0,0,0,1,0
track_1133350,0,1,0,1,0,0
track_1116402,1,0,0,0,0,0
track_0370261,1,0,0,0,1,0
track_0166335,0,0,0,0,1,0
track_1248248,0,0,0,1,0,0
track_1080211,0,0,0,1,0,0
track_1066206,1,0,0,0,0,0
track_1299911,0,1,0,0,0,0
track_1076565,0,0,0,1,0,0
track_1300041,0,0,0,0,1,0
track_0986593,0,0,1,0,0,0
track_1107267,1,0,0,0,0,0
track_1123888,1,0,0,0,0,0
track_1061297,1,0,0,0,0,0
track_0962064,0,0,0,0,1,0
track_1141668,0,0,0,0,0,1
track_1160619,0,0,0,0,0,1
track_1236045,0,0,0,0,0,1
track_0647533,0,0,0,1,0,0
track_0342256,1,0,0,0,0,0
track_1393646,0,1,0,0,0,0
track_1173144,0,1,0,0,0,0
track_0658531,0,1,0,0,0,0
track_1331579,0,1,0,0,0,0
track_0986867,0,0,0,0,1,0
track_1296783,1,0,0,0,0,0
track_0154630,0,1,0,0,1,0
track_0272369,1,0,0,0,0,0
track_0206015,0,0,0,0,0,1
track_0947793,0,0,0,0,0,1
track_1136897,0,1,0,0,0,0
track_1089136,0,1,0,0,0,0
track_1346883,1,0,0,0,0,0
track_1283748,0,1,0,0,0,0
track_0077445,0,1,0,0,0,0
track_0919638,1,0,0,0,0,0
track_0399425,0,1,0,0,0,0
track_0950094,0,1,0,0,0,0
track_0339224,0,1,0,0,0,0
track_1189927,0,0,1,0,0,0
track_1086691,1,0,0,0,0,0
track_1096859,0,0,0,0,1,0
track_1109972,0,0,0,0,0,1
track_0080811,0,1,0,0,0,0
track_1023319,0,0,0,0,1,0
track_1349471,1,0,0,0,0,0
track_1037058,0,0,1,0,0,0
track_1351143,0,0,1,0,0,0
track_0011747,0,0,0,0,1,0
track_1194951,1,0,0,1,0,0
track_0025992,0,0,1,0,0,0
track_1235675,0,1,0,0,0,0
track_1104876,0,0,0,1,0,1
track_1417885,0,0,1,0,0,0
track_1111974,1,1,0,0,0,0
track_1078477,0,0,0,0,0,1
track_0888638,0,1,0,0,0,0
track_1150485,0,0,0,1,0,0
track_1353975,1,0,0,0,0,0
track_1153117,1,0,0,0,0,0
track_0072836,0,0,1,0,0,0
track_1137270,0,0,0,1,1,0
track_1336656,0,0,0,0,0,1
track_0789654,0,0,0,0,0,1
track_1352266,0,0,0,0,1,0
track_0365389,0,1,0,0,0,0
track_1154727,0,0,1,0,0,0
track_1186080,0,0,0,0,0,1
track_1324426,0,0,1,0,0,1
track_0891990,0,1,0,0,0,0
track_1036706,0,0,0,1,0,0
track_0873809,0,0,1,0,0,0
track_1102231,0,0,0,0,1,0
track_1197341,0,1,0,0,0,0
track_1320013,0,0,0,1,0,0
track_1196182,1,0,1,0,0,0
track_1296928,0,0,1,0,0,0
track_1415804,0,1,0,0,0,0
track_1041776,0,1,0,0,0,0
track_1056821,0,0,0,0,0,1
track_1079190,0,0,0,0,0,1
track_1339213,0,0,0,1,0,0
track_1037055,0,0,1,0,0,0
track_1328148,0,0,0,0,1,0
track_1208804,0,0,0,0,1,0
track_1278316,0,0,1,0,0,0
track_1164724,1,0,0,0,0,0
track_1286534,0,0,1,0,0,0
track_0802283,0,0,0,1,1,0
track_0802291,0,0,0,1,0,0
track_1374261,0,0,1,0,0,0
track_1162034,0,0,0,0,1,0
track_0740990,0,1,0,0,0,1
track_1134250,0,0,0,0,0,1
track_0982407,0,0,0,0,1,0
track_1353701,1,0,0,0,1,0
track_1294977,0,0,0,0,1,0
track_1359331,0,1,0,0,0,1
track_1012593,0,0,0,1,0,0
track_1194315,0,0,1,0,0,1
track_1112016,1,0,0,0,0,0
track_0259844,1,0,0,0,0,0
track_0702765,0,0,0,0,0,1
track_0785631,0,0,1,0,0,0
track_1033220,0,0,0,0,1,0
track_0280160,1,0,0,0,0,0
track_1167306,0,1,0,0,0,0
track_0594266,0,0,1,0,0,0
track_1231903,0,0,0,0,1,0
track_1388874,0,0,0,1,0,0
track_0594258,0,0,1,0,0,0
track_0874890,0,1,0,0,0,0
track_1134851,1,0,0,0,0,0
track_0321962,0,1,0,0,0,0
track_1320012,0,0,0,1,0,0
track_0939258,0,0,0,1,1,0
track_0292851,0,0,1,0,0,0
track_0414047,1,0,0,0,0,0
track_1032911,0,0,0,0,0,1
track_0989880,0,1,0,1,0,0
track_0736795,1,0,0,0,0,0
track_1083514,0,0,0,0,1,0
track_1054375,1,0,0,0,0,0
track_1380591,1,0,0,0,0,0
track_1370320,1,0,0,0,0,0
track_0038114,0,1,0,0,0,0
track_1345843,0,1,0,0,0,1
track_1028810,0,0,0,1,1,0
track_0460299,1,0,0,0,0,0
track_1051206,0,0,1,0,0,0
track_1171143,1,0,0,0,0,0
track_1056584,1,0,0,0,0,0
track_1149699,0,0,0,0,0,1
track_0729309,1,0,0,0,0,0
track_0371272,0,1,0,0,0,1
track_1088397,0,0,1,0,0,0
track_1090981,0,0,0,0,0,1
track_1389166,0,0,1,0,0,0
track_1416707,1,0,0,0,0,0
track_1357385,1,0,0,0,0,0
track_1243731,0,1,0,1,0,0
track_0461017,0,0,0,0,0,1
track_1156007,0,0,0,0,0,1
track_1345288,0,0,1,0,0,0
track_0207506,0,0,0,0,0,1
track_1365284,0,0,0,0,0,1
track_1164204,0,1,0,0,0,0
track_1234333,0,0,0,0,0,1
track_1380665,0,0,0,0,0,1
track_1248607,0,1,0,1,0,0
track_1292791,1,1,0,0,0,0
track_0661498,0,1,0,0,0,0
track_0875083,0,0,0,0,0,1
track_1075454,1,0,0,0,0,0
track_0518471,0,0,0,0,0,1
track_1355021,1,0,0,0,0,0
track_0986804,0,0,1,0,0,0
track_1144454,0,0,0,0,1,0
track_0129967,0,0,1,0,0,0
track_0293157,0,0,0,0,0,1
track_1137418,0,1,0,0,0,0
track_1178110,1,0,0,0,0,0
track_1203895,1,0,0,0,0,0
track_0799822,0,0,1,0,0,0
track_0945019,0,1,0,0,0,0
track_0086256,0,1,0,0,0,0
track_1348469,0,0,0,1,0,0
track_1376074,0,0,0,0,1,0
track_1348656,0,0,0,0,1,0
track_1027882,0,0,0,1,0,0
track_1400007,0,0,0,0,0,1
track_0619882,0,0,0,0,1,0
track_0957456,0,0,1,0,0,0
track_1195900,0,0,0,0,0,1
track_1349483,1,0,0,0,0,0
track_1234413,0,0,0,0,0,1
track_0711275,0,0,0,1,1,0
track_1076567,0,0,0,1,0,0
track_1150348,0,1,0,0,0,0
track_1264207,0,0,0,1,0,0
track_1097122,0,1,0,0,0,0
track_0858545,1,0,0,0,0,0
track_1064324,0,1,1,0,0,0
track_1186549,0,0,0,1,0,0
track_0015656,0,1,0,0,1,0
track_1225155,1,0,0,0,0,0
track_0277846,0,0,1,0,0,0
track_0008564,0,0,0,0,1,0
track_1113639,0,0,0,0,0,1
track_1289381,0,0,0,0,0,1
track_0026220,0,0,0,0,1,0
track_1087143,0,1,0,0,0,0
track_1163315,0,0,0,0,1,0
track_1158483,0,0,0,0,0,1
track_0036703,1,1,0,0,0,0
track_0934049,0,0,1,0,0,0
track_1340341,0,0,0,1,0,0
track_0330212,1,0,0,0,0,0
track_1127560,0,0,0,1,0,0
track_1088103,0,0,0,0,1,0
track_1112439,0,0,0,0,0,1
track_1399583,0,1,0,0,0,0
track_0353272,0,0,1,0,0,0
track_1248608,0,1,0,1,0,0
track_1418302,0,0,1,0,0,0
track_0265519,0,1,0,0,0,0
track_0342262,1,0,0,0,0,0
track_1132269,0,1,0,0,0,0
track_1287569,0,1,0,0,1,0
track_1189144,1,0,0,0,0,0
track_1369722,0,0,0,0,1,0
track_1393522,0,0,0,0,0,1
track_1319236,0,0,0,0,1,0
track_1171568,0,0,0,0,1,0
track_1270570,0,0,0,0,1,0
track_1141662,0,0,0,0,0,1
track_0321963,0,1,0,0,0,0
track_1162021,0,0,0,0,0,1
track_1159625,0,0,1,0,0,0
track_1337809,0,0,0,1,0,0
track_1146588,0,1,0,0,0,0
track_0965443,1,0,0,0,0,0
track_1101585,0,0,0,0,1,0
track_1389032,0,0,0,0,0,1
track_0150790,1,0,0,0,0,0
track_1159702,0,0,1,0,0,0
track_1328162,0,0,1,0,0,0
track_1155893,0,0,0,1,0,0
track_0328898,0,0,0,1,0,0
track_1170409,1,0,0,0,0,0
track_1085332,0,0,0,0,0,1
track_1137241,0,1,0,1,0,0
track_0806978,0,0,0,0,0,1
track_1074318,1,0,0,0,0,0
track_0565810,0,0,0,1,1,0
track_1067259,1,0,0,0,0,0
track_1190441,1,0,0,0,0,0
track_0667859,1,0,0,0,1,0
track_0114772,0,0,0,0,1,0
track_1303037,1,0,0,0,0,0
track_0847332,0,1,0,0,0,0
track_1075202,0,1,0,1,0,0
track_1096815,0,1,0,0,0,0
track_0992068,1,0,0,0,0,0
track_1168558,0,0,0,0,1,0
track_0151094,1,0,0,0,0,0
track_0476786,0,0,0,0,0,1
track_1384684,0,1,0,0,0,0
track_1080565,1,0,0,0,0,0
track_0373353,0,0,0,0,0,1
track_0152604,0,0,0,0,1,0
track_1371493,0,0,0,0,0,1
track_1007745,0,1,0,0,0,0
track_0037814,0,1,0,0,0,0
track_1155221,0,0,0,0,0,1
track_1387493,0,0,0,1,0,0
track_1157021,0,1,0,0,0,0
track_0243794,1,0,0,0,0,0
track_0081810,0,1,0,0,1,0
track_1160272,0,0,1,0,0,0
track_1122128,1,0,0,0,1,0
track_0785624,0,0,1,0,0,0
track_0585155,0,0,0,1,0,0
track_1075924,0,1,0,0,0,0
track_0603758,0,0,0,0,0,1
track_1090143,0,0,0,0,1,0
track_1102225,0,0,0,0,1,0
track_0740993,0,0,0,0,1,0
track_0048725,0,0,0,0,1,0
track_1389364,1,0,0,0,0,0
track_1093793,0,1,0,1,0,0
track_0247281,1,0,0,0,0,0
track_0293173,0,0,1,0,0,0
track_1320021,0,0,0,1,0,0
track_1045881,0,0,0,1,0,0
track_1039520,0,0,0,1,0,0
track_1340340,1,0,0,0,0,0
track_1375198,1,0,1,0,0,0
track_0965438,1,0,0,0,0,0
track_1138693,0,0,0,0,0,1
track_1369956,0,0,0,0,0,1
track_1086640,1,0,0,0,0,0
track_0292852,0,0,1,0,0,0
track_1384191,1,0,0,0,0,0
track_1051174,0,0,1,0,0,0
track_1194313,0,0,1,0,0,1
track_0711265,0,0,0,1,1,0
track_0151044,1,0,0,0,0,0
track_1365934,1,0,0,0,0,0
track_1129650,0,0,0,0,0,1
track_0230830,0,0,0,0,0,1
track_1132262,0,1,0,0,0,0
track_1137252,0,1,0,1,0,0
track_1113640,0,0,0,0,0,1
track_1374949,1,0,0,0,0,0
track_1292795,1,0,0,0,0,0
track_0802323,0,0,0,1,0,0
track_1123292,1,0,0,0,0,0
track_0459357,0,0,1,0,0,0
track_1222624,1,0,0,0,0,0
track_1162978,0,1,0,0,0,0
track_0694644,0,0,0,0,1,0
track_1396603,0,0,0,0,0,1
track_1104889,0,0,0,1,0,1
track_1070643,1,0,0,0,0,0
track_0919476,0,1,0,0,0,1
track_1137243,0,1,0,1,0,0
track_0941155,0,0,1,0,0,0
track_1320587,0,0,0,0,0,1
track_1270631,0,0,0,0,1,0
track_0073073,0,1,0,0,0,0
track_1164337,1,0,0,0,0,0
track_1098423,0,0,0,0,1,0
track_0088561,1,0,0,0,1,0
track_1181577,0,0,1,0,0,0
track_1347935,0,1,0,0,0,0
track_1396101,0,0,1,0,0,1
track_1195897,1,0,0,0,0,0
track_1346106,0,0,1,0,0,0
track_1158119,0,1,0,0,0,0
track_1125823,0,0,1,0,0,1
track_1067695,0,0,0,0,0,1
track_0780394,0,1,0,1,0,0
track_0941157,0,0,1,0,0,0
track_1172565,1,0,0,0,0,0
track_1155894,1,0,0,0,0,0
track_0123481,0,1,0,0,0,0
track_1369046,0,0,0,1,0,0
track_0976816,0,0,0,0,0,1
track_1273904,0,0,0,1,0,0
track_0082423,0,0,0,0,0,1
track_0811239,1,0,0,0,0,0
track_0571473,0,0,0,1,1,0
track_1295411,0,1,0,0,0,0
track_1159621,0,0,1,0,0,0
track_1330447,0,0,0,1,0,0
track_1380677,0,0,0,0,0,1
track_1374303,1,0,0,0,0,0
track_0888633,0,1,0,0,0,0
track_1129332,1,0,0,0,1,0
track_1203392,0,0,1,0,0,0
track_1077822,0,1,0,0,0,0
track_1372872,0,0,1,0,0,0
track_0151154,1,0,0,0,0,0
track_1277912,1,0,0,0,0,0
track_1243723,0,1,0,1,0,0
track_1027883,0,0,0,1,0,0
track_0242906,0,0,1,0,0,1
track_1320026,0,0,0,1,0,0
track_1357457,1,0,0,0,0,0
track_1322187,0,0,0,0,0,1
track_0043176,0,0,0,0,0,1
track_1225309,0,0,1,0,0,0
track_0721199,0,0,0,0,1,0
track_1075928,0,1,0,0,0,0
track_1394753,0,0,0,0,0,1
track_0913699,0,1,0,0,0,0
track_1171144,1,0,0,0,0,0
track_0902755,0,1,0,0,0,0
track_1208808,0,0,0,0,1,0
track_1151198,0,0,0,0,1,0
track_1314542,1,0,0,0,0,0
track_1235167,0,0,0,1,0,0
track_0114781,0,0,0,0,1,0
track_1252983,0,1,0,0,0,0
track_1110370,1,0,0,0,0,0
track_0956243,1,0,0,0,0,0
track_1187350,1,0,0,0,0,0
track_0032317,0,1,0,0,0,0
track_0715788,0,1,0,0,0,0
track_1323012,0,0,0,1,0,0
track_1159618,0,0,1,0,0,0
track_0902713,0,0,0,0,0,1
track_1075184,0,1,0,1,0,0
track_1202192,0,0,0,1,0,0
track_1417904,0,0,0,1,0,0
track_0236348,0,1,0,0,0,1
track_1396257,1,1,0,0,0,0
track_0305531,1,0,0,0,0,0
track_1418411,0,0,0,1,0,0
track_1327811,0,0,0,0,0,1
track_1227222,0,0,0,0,0,1
track_1055321,0,1,0,0,0,0
track_1271483,0,1,0,0,0,0
track_1057809,1,0,1,0,0,0
track_0466285,0,0,0,0,1,0
track_0644847,0,0,1,0,0,0
track_1126036,0,0,0,1,0,0
track_0890975,0,0,0,0,1,0
track_0962585,0,0,0,1,1,0
track_1177396,0,0,0,1,0,0
track_0034519,0,0,0,0,1,0
track_0482193,1,0,0,0,0,0
track_1080204,0,0,0,1,0,0
track_1250205,0,1,0,0,0,0
track_1337807,0,0,0,1,0,0
track_0172814,0,1,0,0,0,0
track_0209232,0,0,1,0,0,0
track_1027606,0,1,0,0,1,0
track_0108580,0,1,0,0,0,0
track_0939257,0,0,0,1,1,0
track_1110490,0,1,0,0,0,0
track_1193569,0,0,1,0,0,0
track_1353974,1,0,0,0,0,0
track_1381591,0,0,1,0,0,0
track_1137236,0,1,0,0,0,0
track_1084375,1,0,0,0,0,0
track_1340795,0,1,0,1,0,0
track_1063331,0,0,1,0,0,0
track_1122005,1,0,0,0,0,0
track_1027878,0,0,0,1,0,0
track_0758070,0,0,0,0,1,0
track_1114039,0,0,0,0,0,1
track_1208250,0,1,0,0,0,0
track_1039576,0,1,0,0,0,0
track_1274243,0,0,0,0,1,0
track_1393409,0,0,0,0,0,1
track_1339446,0,1,0,0,0,0
track_1247375,0,0,0,0,1,0
track_1282103,0,0,0,1,0,0
track_1360760,1,0,0,1,0,0
track_0728042,1,0,0,0,0,0
track_1078363,0,0,1,0,0,0
track_1339385,0,0,0,0,0,1
track_1061372,0,0,0,0,0,1
track_0802284,0,0,0,1,1,0
track_1077728,0,0,1,0,0,0
track_1245170,1,0,0,0,0,0
track_1015045,0,1,0,0,0,0
track_1234506,0,0,0,0,1,0
track_0944154,1,0,0,0,0,0
track_1107043,1,0,0,0,0,0
track_0802181,0,0,0,1,0,0
track_1341041,0,0,0,0,0,1
track_1128221,0,0,1,0,0,0
track_1165476,0,0,1,0,0,0
track_1329523,1,0,0,0,0,0
track_1066658,0,1,0,0,0,0
track_1092333,1,0,0,0,0,0
track_0859220,1,0,0,0,1,0
track_1172557,1,0,0,0,0,0
track_0135825,0,0,1,0,0,1
track_1250762,1,0,0,0,0,0
track_1163588,0,0,0,0,1,0
track_1109865,0,0,0,1,0,0
track_0081188,0,1,0,1,0,0
track_1092337,1,0,0,0,0,0
track_0873550,0,0,0,0,1,0
track_1374699,0,0,0,0,0,1
track_1066204,1,0,0,0,0,0
track_0461018,0,0,0,0,0,1
track_1342722,1,0,0,0,0,0
track_0939249,0,0,0,0,0,1
track_0096815,0,0,0,0,1,0
track_1156089,0,0,0,0,1,0
track_1110300,1,0,0,0,0,0
track_1375202,1,0,1,0,0,0
track_1053494,0,0,0,0,1,0
track_1149222,0,1,0,0,0,0
track_1147272,0,0,0,0,0,1
track_1189915,0,0,1,0,0,1
track_0938364,1,0,0,0,0,0
track_0008561,0,0,0,0,1,0
track_1283377,0,0,0,0,1,0
track_1133342,0,1,0,1,0,0
track_0323684,0,1,0,1,0,0
track_1129661,0,0,0,0,0,1
track_1159693,0,0,1,0,0,0
track_1159661,0,0,1,0,0,0
track_0078732,0,0,1,0,0,1
track_1070609,0,0,0,1,0,0
track_1364940,0,0,1,0,0,0
track_1085331,0,0,0,0,0,1
track_1078824,1,1,0,0,0,0
track_1156320,0,0,0,0,0,1
track_1095479,0,0,0,0,0,1
track_0491053,1,0,0,0,0,0
track_1178802,0,1,0,0,0,0
track_1212789,0,0,0,0,0,1
track_1022638,0,0,0,0,0,1
track_1122852,1,0,0,0,1,0
track_1075201,0,1,0,1,0,0
track_0640122,0,1,0,0,0,0
track_0075176,0,1,0,0,0,0
track_1217516,0,1,0,0,0,0
track_1221583,0,0,0,0,1,0
track_1204670,0,0,1,0,0,0
track_1225500,0,0,0,1,0,0
track_1168163,0,0,0,1,0,0
track_1112019,1,0,0,0,0,0
track_1053496,0,0,0,0,1,0
track_1339219,0,0,0,0,0,1
track_1149239,0,1,0,0,0,0
track_0661752,0,0,0,1,1,0
track_1177895,0,0,1,0,0,0
track_1037835,0,0,1,0,0,0
track_0448681,0,0,0,0,0,1
track_1118385,0,1,0,0,0,0
track_1307836,0,0,1,0,0,0
track_0962729,0,0,0,0,0,1
track_1414396,0,0,0,0,0,1
track_1149223,0,1,0,0,0,0
track_0603750,0,0,0,0,0,1
track_1270605,0,0,0,0,1,0
track_0667860,1,0,0,0,1,0
track_1320019,0,0,0,1,0,0
track_0984752,0,1,0,1,0,0
track_0921507,0,0,0,0,1,0
track_1162095,0,0,1,0,0,0
track_0710259,0,0,0,0,0,1
track_0989871,0,1,0,1,0,0
track_1075171,0,1,0,1,0,0
track_0166587,0,0,0,0,0,1
track_1174877,0,1,0,0,0,1
track_0965319,1,0,0,0,0,0
track_1158185,0,0,0,1,0,0
track_1121415,0,1,0,0,0,0
track_0836024,0,0,1,0,0,0
track_1272517,0,0,1,0,0,0
track_1029333,0,0,0,1,0,0
track_1300045,0,0,0,0,1,0
track_0537758,1,0,0,0,0,0
track_1364624,1,1,0,0,0,0
track_0766434,0,0,0,1,0,1
track_0734510,0,1,0,0,0,0
track_1046467,1,0,0,0,0,0
track_1080220,0,0,0,1,1,0
track_1157351,1,0,0,0,0,0
track_1332192,0,0,1,0,0,0
track_0686755,0,0,0,0,1,0
track_1280191,0,0,1,0,0,0
track_1072572,0,0,0,0,1,0
track_0453823,1,0,0,0,0,0
track_1374300,1,0,0,0,0,0
track_1189652,0,0,1,0,0,0
track_1380651,0,0,0,0,0,1
track_0242902,0,0,1,0,0,1
track_1156129,0,0,0,0,1,0
track_1189918,0,0,1,0,0,0
track_1072571,0,0,0,0,1,0
track_0921758,0,0,0,0,0,1
track_1313457,0,0,0,1,0,0
track_0977854,0,0,0,1,0,0
track_0847200,1,0,0,0,0,0
track_1380115,0,1,0,0,0,0
track_0873565,0,0,0,0,1,0
track_1418666,0,0,0,0,0,1
track_0368162,1,0,0,0,0,0
track_1073157,0,1,0,0,0,0
track_1035558,0,1,0,0,0,1
track_0023863,0,0,0,0,0,1
track_1319505,0,0,0,0,1,0
track_0594259,0,0,1,0,0,0
track_1065764,0,1,0,0,0,0
track_0448684,0,0,0,0,0,1
track_1067251,1,0,0,0,0,0
track_1116425,0,0,0,0,1,0
track_1084385,0,0,0,0,1,0
track_0768438,0,0,0,1,1,0
track_0296238,1,1,0,0,0,0
track_0919470,0,1,0,0,0,1
track_1377415,1,0,0,0,0,0
track_0083416,0,1,0,0,0,0
track_1162015,0,0,0,0,0,1
track_1107730,0,0,0,0,0,1
track_1400269,0,0,0,0,0,1
track_1030901,0,0,0,0,0,1
track_1314921,0,0,1,0,0,0
track_1075185,0,1,0,1,0,0
track_0666757,0,1,0,0,0,0
track_1384681,1,1,0,0,0,0
track_1265329,1,0,0,0,0,0
track_1195920,0,0,0,0,0,1
track_1075892,0,1,0,0,0,0
track_1032157,0,0,0,0,0,1
track_1405039,0,1,0,0,0,0
track_1300336,1,0,0,0,1,0
track_0134738,0,0,1,0,0,0
track_1092336,1,0,0,0,0,0
track_0602712,0,0,0,0,1,0
track_0707019,0,1,0,0,0,0
track_0080795,0,1,0,0,0,1
track_1081055,0,1,0,0,0,0
track_0025239,1,0,0,0,0,0
track_0209047,0,0,1,0,0,0
track_1097027,0,0,0,0,1,0
track_1339383,0,0,0,0,0,1
track_0511086,0,0,1,0,0,0
track_1170416,1,0,0,0,0,0
track_1038730,0,1,0,0,0,0
track_0594263,0,0,1,0,0,0
track_1104890,0,0,0,1,0,1
track_1196187,1,0,1,0,0,0
track_1390456,1,0,1,0,0,0
track_1291949,0,0,1,0,0,0
track_1102224,0,0,0,0,1,0
track_0405789,0,0,1,0,0,1
track_1035128,0,0,1,0,0,0
track_1264202,0,0,0,1,0,0
track_1067691,0,0,0,0,0,1
track_0769794,1,0,0,0,0,0
track_0711276,0,0,0,1,1,0
track_1287605,1,1,0,0,0,0
track_1251473,1,0,0,0,0,0
track_0956549,1,0,0,0,0,0
track_1157306,0,0,0,0,1,0
track_1231681,1,0,0,0,0,0
track_1056820,0,0,0,0,0,1
track_1084671,0,0,1,0,0,0
track_1289136,1,0,0,0,1,0
track_1125400,0,1,0,0,0,0
track_1118535,0,0,0,0,0,1
track_1381534,0,1,0,0,0,0
track_1070458,0,1,0,0,0,0
track_1033164,0,0,0,0,1,0
track_1231641,0,0,0,0,1,0
track_1137265,0,0,1,0,0,0
track_1149532,0,0,1,0,0,0
track_0426733,0,0,0,0,1,0
track_0211415,0,0,0,0,0,1
track_1166071,1,0,0,0,0,0
track_1379926,0,0,0,0,0,1
track_1061405,0,1,0,0,0,1
track_1372832,1,0,0,0,0,0
track_0873555,0,0,0,0,1,0
track_0585158,0,0,0,1,0,0
track_0695030,1,0,0,0,0,0
track_1154252,0,0,0,1,0,0
track_0556370,0,0,0,1,1,0
track_0131615,0,0,0,0,0,1
track_1076561,0,0,0,1,0,0
track_1135221,0,0,1,0,0,0
track_1187351,1,0,0,0,0,0
track_1161407,0,1,0,0,0,0
track_1186433,0,0,0,1,0,0
track_0867666,0,0,1,0,0,1
track_0950828,0,0,0,0,0,1
track_0066954,0,0,1,0,0,0
track_1163304,0,0,0,0,1,0
track_1034275,0,0,0,0,0,1
track_1081038,1,0,0,0,0,0
track_0286148,0,1,0,0,0,0
track_0460240,1,0,0,0,0,0
track_1208345,1,0,0,0,0,0
track_1288349,0,1,0,0,0,0
track_1086192,1,0,0,0,0,0
track_1169700,0,0,1,0,0,0
track_1108197,0,0,0,1,0,0
track_1414158,0,0,0,0,1,0
track_1136528,0,1,0,0,0,0
track_1047976,1,0,0,0,0,0
track_1155551,0,0,1,0,0,0
track_1235673,0,1,0,0,0,0
track_1103454,1,0,0,0,1,0
track_0793922,1,0,0,0,0,0
track_1156087,0,0,0,0,1,0
track_1227366,0,0,0,0,1,0
track_1075206,0,1,0,1,0,0
track_1314923,0,0,1,0,0,0
track_0081289,0,1,0,1,0,0
track_0074751,0,0,1,0,0,0
track_0945015,0,1,0,0,0,0
track_0980882,0,1,0,0,0,0
track_1030383,1,0,0,0,0,0
track_1264208,0,0,0,1,0,0
track_0402063,1,0,0,0,0,0
track_0771287,0,1,0,1,0,0
track_0035743,0,0,0,0,0,1
track_0565806,0,0,0,1,1,0
track_1329975,0,1,0,0,0,0
track_1012007,1,0,0,0,0,0
track_0998081,0,0,0,0,0,1
track_1412817,0,0,1,0,1,0
track_1243741,0,1,0,1,0,0
track_1361472,0,0,0,1,0,1
track_1137269,0,0,0,1,1,0
track_1395043,1,0,0,0,0,0
track_1091993,0,0,0,0,0,1
track_1118592,0,1,0,0,0,0
track_1069765,0,0,0,0,1,0
track_0026439,1,0,0,0,0,0
track_1094514,0,0,0,0,1,0
track_0081806,0,1,0,0,1,0
track_1122006,1,0,0,0,0,0
track_1369645,0,0,0,0,1,1
track_1418339,0,0,0,1,0,0
track_0088555,1,0,0,0,1,0
track_0414048,1,0,0,0,0,0
track_1414157,0,0,0,0,1,0
track_1111541,0,0,1,0,0,0
track_1221745,0,0,1,0,0,1
track_0915275,0,1,0,0,0,0
track_1004124,1,0,0,0,0,0
track_1245139,0,0,1,0,0,0
track_1372086,0,1,0,1,0,0
track_1150483,0,0,0,1,0,0
track_0082643,0,1,0,0,0,0
track_0606413,0,1,0,0,0,0
track_1335407,0,0,0,1,0,0
track_1296934,0,0,1,0,0,0
track_0457238,0,0,1,0,0,0
track_1144143,0,0,0,1,0,0
track_1051711,0,0,0,0,0,1
track_1132970,0,0,1,0,0,0
track_0500413,0,0,0,0,0,1
track_1150488,0,0,0,1,0,0
track_1165393,0,0,1,0,0,0
track_0708471,0,0,0,0,1,0
track_1274155,1,0,0,0,0,0
track_1368978,1,0,1,0,0,0
track_1266585,0,1,0,0,0,0
track_1077360,0,0,0,0,0,1
track_0647527,0,0,0,1,0,0
track_0802289,0,0,0,1,0,0
track_1221847,0,0,1,0,1,0
track_1301743,0,1,0,0,0,0
track_0415996,1,0,0,0,0,0
track_1286240,0,0,0,1,0,0
track_1054107,0,1,0,0,0,0
track_1133345,0,1,0,1,0,0
track_1245141,0,1,0,0,0,0
track_1372075,0,0,0,1,0,0
track_1136673,0,0,0,0,0,1
track_1354123,0,0,0,0,1,0
track_1039617,0,1,0,0,0,0
track_0726468,0,0,0,0,0,1
track_0636311,1,0,0,0,0,0
track_1304568,1,0,0,0,1,0
track_1306013,0,0,1,0,0,0
track_1073152,0,1,0,0,0,0
track_1234990,0,0,0,0,1,0
track_1164992,0,0,1,0,0,0
track_1186167,0,0,1,0,0,0
track_1160226,0,0,1,0,0,0
track_0260196,1,0,0,0,0,0
track_1350986,1,0,0,0,0,0
track_1122057,1,0,0,0,0,0
track_0967228,0,0,1,0,0,0
track_1397815,0,0,1,0,0,1
track_0356930,0,0,0,0,0,1
track_1105060,0,0,0,0,0,1
track_1416571,1,0,0,0,0,0
track_0278335,1,0,0,0,0,0
track_0782923,0,0,0,0,1,0
track_1148779,0,0,0,1,1,0
track_0941397,0,0,0,0,0,1
track_1170597,1,0,0,0,0,0
track_0439632,0,0,0,0,0,1
track_1016733,0,0,1,0,0,0
track_1366125,0,0,0,0,1,0
track_1341106,1,0,0,0,1,0
track_1096247,0,1,0,0,0,0
track_0245501,0,0,1,0,0,0
track_1040985,0,0,0,0,1,0
track_1295768,0,0,0,0,0,1
track_0897319,0,0,0,1,0,0
track_0362499,0,1,0,0,0,0
track_0271119,1,0,0,0,0,0
track_0704160,1,0,0,0,0,0
track_0974624,0,0,0,0,0,1
track_1149540,0,0,1,0,0,0
track_1052561,0,0,0,1,0,0
track_1384193,1,0,0,0,0,0
track_1054930,0,0,0,1,1,0
track_1154906,0,0,0,0,1,0
track_1312510,0,0,1,0,0,0
track_0345161,0,1,0,0,0,0
track_1139435,0,0,0,0,1,0
track_1419769,0,1,0,0,0,0
track_0228880,0,1,0,0,0,0
track_1354786,0,0,0,0,0,1
track_0081284,0,1,0,1,0,0
track_1189926,0,0,1,0,0,0
track_1170740,0,0,1,0,0,0
track_0950104,0,1,0,0,0,0
track_1418412,0,0,0,1,0,0
track_1096932,0,0,0,0,1,0
track_1174089,0,1,0,0,0,0
track_1240602,0,1,0,0,0,0
track_1201481,0,0,0,1,0,0
track_0094750,0,0,0,0,0,1
track_0734446,0,1,0,0,0,0
track_1129029,1,0,0,0,0,0
track_1067250,1,0,0,0,0,0
track_0976786,0,1,0,0,1,0
track_0719847,0,0,0,0,1,0
track_1225290,0,0,1,0,0,0
track_1351141,0,0,0,0,0,1
track_0873551,0,0,0,0,1,0
track_1036947,0,0,1,0,0,0
track_1413871,0,0,0,0,0,1
track_1208805,0,0,0,0,1,0
track_1164986,0,0,1,0,0,0
track_0773683,0,0,1,0,0,0
track_1320011,0,0,0,1,0,0
track_1264107,1,0,0,0,0,0
track_0835814,0,0,1,0,0,0
track_0764960,0,0,0,0,0,1
track_1126701,0,0,0,0,1,0
track_0396641,0,0,0,0,0,1
track_0259681,1,0,0,0,0,0
track_0130374,0,0,1,0,0,0
track_1075178,0,1,0,1,0,0
track_1123677,0,1,0,0,0,0
track_0128838,0,1,0,0,1,0
track_1357556,0,0,0,0,0,1
track_1131998,1,0,0,0,0,0
track_1308820,0,0,0,0,0,1
track_0078736,0,0,1,0,0,1
track_0272365,1,0,0,0,0,0
track_1123840,0,1,0,0,0,0
track_1393400,0,0,0,0,0,1
track_1086430,1,0,0,0,0,0
track_1189906,0,0,1,0,0,0
track_0846576,0,0,0,0,0,1
track_1316318,0,0,0,0,1,0
track_0963335,0,0,0,0,0,1
track_0855373,0,1,0,0,0,0
track_1131569,0,1,0,0,0,0
track_1394524,0,0,0,0,1,0
track_1065643,0,1,0,0,0,0
track_1227365,0,0,0,0,1,0
track_1126664,0,0,0,0,1,0
track_0973383,0,0,0,0,0,1
track_1046359,0,1,0,0,0,0
track_1032224,0,1,0,0,0,0
track_1107282,0,0,0,0,1,0
track_1189657,0,0,1,0,0,0
track_0618820,0,0,0,0,0,1
track_1039778,0,0,0,1,0,0
track_1369045,0,1,0,1,0,0
track_1292130,1,0,1,0,0,0
track_1165511,0,1,0,1,0,0
track_0088563,1,0,0,0,1,0
track_0202153,0,0,1,0,0,0
track_1275613,1,0,0,0,0,0
track_0585148,0,0,0,1,0,0
track_1104882,0,0,0,1,0,1
track_1397148,0,1,0,0,0,1
track_1124167,0,0,0,1,0,0
track_1171551,0,1,0,0,0,0
track_1348663,0,0,0,0,1,0
track_1366152,0,0,0,0,1,0
track_0383582,0,0,0,1,0,0
track_1098412,0,0,0,0,1,0
track_1243736,0,1,0,1,0,0
track_0790454,0,0,0,0,0,1
track_1113024,1,0,0,0,0,0
track_0973997,0,0,0,0,1,1
track_0947792,0,0,0,0,0,1
track_0078727,0,0,1,0,0,1
track_0866758,1,0,0,0,0,0
track_1047961,0,1,0,0,0,0
track_1234446,0,1,0,0,0,0
track_1316343,0,0,0,0,1,0
track_0913694,0,1,0,0,0,0
track_1044791,0,0,0,0,0,1
track_0858721,1,0,0,0,0,0
track_0768434,0,0,0,1,1,0
track_0326511,1,0,0,0,0,0
track_1251475,1,0,0,0,0,0
track_1026043,0,0,0,0,1,0
track_1227739,0,0,0,0,1,0
track_1251175,1,0,0,0,0,0
track_1059054,0,0,1,0,0,0
track_1113648,0,0,0,0,1,0
track_0897988,0,0,0,1,1,0
track_1194311,0,0,1,0,0,1
track_1137276,0,0,0,1,0,0
track_0603759,0,0,0,0,0,1
track_0996971,0,0,1,0,0,0
track_1248618,0,1,0,1,0,0
track_1370669,0,0,1,0,0,0
track_1181578,0,0,1,0,0,0
track_1249629,0,0,0,1,0,0
track_0946950,0,1,0,0,0,0
track_1384033,0,1,0,0,0,0
track_1166023,1,0,0,0,0,0
track_1368980,1,0,1,0,0,0
track_0606116,0,0,0,0,0,1
track_1133343,0,1,0,1,0,0
track_1066898,0,0,0,0,1,0
track_1345282,1,0,0,0,0,0
track_1266576,0,1,0,0,0,0
track_1098804,0,1,0,0,0,0
track_0579913,0,0,1,0,0,1
track_1168170,0,0,0,1,0,0
track_0151079,1,0,0,0,0,0
track_0962055,0,0,0,0,1,0
track_0710540,0,1,0,0,0,0
track_0139573,0,0,0,0,0,1
track_0094734,0,0,0,0,0,1
track_0017490,0,0,0,0,1,0
track_1148781,0,0,0,1,1,0
track_1227373,0,0,0,0,1,0
track_1152113,0,1,0,0,0,0
track_1028805,0,0,0,1,1,0
track_1098748,1,0,0,0,0,0
track_0957450,0,0,1,0,0,0
track_0600030,0,1,0,0,0,0
track_1223053,0,0,0,0,0,1
track_1158175,0,0,0,1,0,0
track_0565808,0,0,0,1,1,0
track_1377610,0,1,1,0,0,0
track_1129455,0,1,0,0,0,0
track_1051173,0,0,1,0,0,0
track_1349477,1,0,0,0,0,0
track_1231997,0,0,0,1,0,0
track_1217505,0,1,0,0,0,0
track_1170413,1,0,0,0,0,0
track_1231994,0,0,0,1,0,0
track_0962582,0,0,0,1,1,0
track_1243717,0,1,0,1,0,0
track_1148183,0,0,0,0,0,1
track_0855359,0,1,0,0,0,0
track_1089972,0,0,0,0,1,1
track_1150080,0,1,0,0,0,0
track_1108514,1,0,0,0,0,0
track_0034412,1,1,0,0,0,0
track_1399777,0,0,0,1,0,0
track_0704686,0,0,0,0,0,1
track_1170410,1,0,0,0,0,0
track_1047938,0,1,0,0,0,0
track_1194314,0,0,1,0,0,1
track_1132279,0,0,1,0,0,0
track_0839515,0,0,0,0,1,0
track_1203377,0,0,1,0,0,0
track_0398646,0,1,0,0,0,1
track_1077042,0,0,1,0,0,0
track_0414114,1,0,0,0,0,0
track_1340336,0,1,0,0,0,0
track_1193253,0,0,0,0,1,0
track_1345298,1,1,0,0,0,0
track_1079818,0,1,0,0,0,0
track_1054346,0,0,1,0,0,0
track_0565790,0,0,0,1,1,0
track_0425767,1,1,0,0,0,0
track_0381096,0,0,0,1,0,0
track_0655027,0,0,0,1,0,0
track_1315899,0,0,1,0,0,1
track_1109896,0,1,0,0,0,0
track_1163399,0,0,0,0,1,0
track_1026847,0,0,0,0,1,0
track_1339227,0,1,0,1,0,0
track_1075141,0,0,0,1,0,0
track_0076976,0,0,1,0,0,0
track_0283205,0,1,0,0,0,0
track_1194583,0,0,0,0,1,0
track_1078693,0,0,1,0,0,0
track_1119016,0,0,0,0,0,1
track_0081811,0,1,0,0,1,0
track_0355479,0,0,0,0,1,0
track_1163210,0,0,1,0,0,0
track_1069008,1,0,1,0,0,0
track_0897316,0,0,0,1,0,0
track_0345909,0,0,0,0,1,0
track_0647530,0,0,0,1,0,0
track_1194557,0,0,0,0,1,0
track_0165726,0,1,0,0,0,0
track_1319995,0,0,0,1,0,0
track_1138824,0,0,0,1,0,0
track_0074752,0,0,1,0,0,0
track_1113031,1,0,0,0,0,0
track_0038760,0,1,0,1,0,0
track_1316647,0,1,0,1,0,0
track_0151034,1,0,0,0,0,0
track_0897314,0,0,0,1,0,0
track_0571481,0,0,0,1,1,0
track_1083515,0,0,0,0,1,0
track_0875380,0,1,0,0,0,0
track_0341566,1,0,0,0,0,0
track_1393421,0,0,0,0,0,1
track_1150119,0,1,0,0,0,0
track_0916193,0,1,0,0,0,0
track_1341457,0,0,0,0,1,0
track_1082696,0,1,0,1,1,0
track_1102228,0,0,0,0,1,0
track_1265915,0,0,0,0,0,1
track_1337808,0,0,0,1,0,0
track_1093961,0,1,0,0,0,0
track_0534299,0,1,0,0,0,0
track_1111967,1,1,0,0,0,0
track_1310214,0,0,0,0,0,1
track_1164227,0,1,0,0,0,0
track_0106895,0,1,0,0,0,0
track_1273058,0,0,1,0,0,0
track_1178804,0,1,0,0,0,0
track_1218784,0,0,0,0,0,1
track_1343814,0,0,1,0,0,0
track_1143987,0,1,0,0,0,0
track_1291834,0,1,0,1,0,0
track_1186642,0,1,0,0,0,0
track_1075927,0,1,0,0,0,0
track_1248264,0,0,0,1,0,0
track_1164047,0,0,1,0,0,0
track_0425763,1,1,0,0,0,0
track_1330233,1,0,0,0,0,0
track_0116616,0,1,0,0,0,0
track_1320022,0,0,0,1,0,0
track_0004888,1,1,0,0,1,0
track_1359474,0,0,0,1,0,0
track_1086297,0,0,0,0,1,0
track_1346208,0,1,0,0,0,0
track_0406256,0,0,1,0,0,1
track_0565797,0,0,0,1,1,0
track_1030095,0,1,0,0,0,0
track_1098070,0,1,0,1,0,0
track_1085249,1,0,0,0,0,0
track_0810901,0,0,0,0,0,1
track_1116399,1,0,0,0,0,0
track_1114502,0,1,0,0,0,0
track_1075203,0,1,0,1,0,0
track_1093937,0,0,0,0,0,1
track_1372289,0,0,0,1,0,0
track_1396094,0,0,0,0,0,1
track_1361240,1,0,0,0,0,0
track_0043880,0,0,0,0,0,1
track_1160422,1,0,1,0,0,0
track_0296235,1,1,0,0,0,0
track_0008559,0,0,0,0,1,0
track_1204136,0,1,0,0,0,0
track_1166920,0,0,1,0,0,0
track_1076563,0,0,0,1,0,0
track_1166919,0,0,1,0,0,0
track_0862389,0,1,0,0,0,0
track_0565807,0,0,0,1,1,0
track_0780388,0,1,0,1,0,0
track_1418669,0,0,0,0,0,1
track_1222766,0,0,0,0,0,1
track_1164568,1,0,0,0,0,0
track_1255094,0,0,0,1,0,0
track_1157360,0,1,0,0,0,0
track_0959178,1,0,0,0,0,0
track_1169102,0,0,0,0,1,0
track_0024028,0,1,0,0,0,0
track_1075191,0,1,0,1,0,0
track_1065247,0,0,0,0,0,1
track_0635960,0,0,1,0,0,0
track_0802327,0,0,0,1,0,0
track_1135794,0,1,0,0,0,0
track_1358547,0,0,1,0,0,0
track_1319998,0,0,0,1,0,0
track_0996964,0,0,1,0,0,0
track_1358775,0,1,0,1,0,0
track_0553258,0,0,0,1,0,0
track_0888621,0,1,0,0,0,0
track_1203669,0,0,0,0,0,1
track_1160047,0,0,1,0,0,0
track_1328088,0,0,0,0,1,0
track_1049878,0,0,0,0,0,1
track_0007391,0,1,0,0,0,0
track_1138236,0,0,0,0,0,1
track_1159749,0,0,1,0,0,0
track_0618816,0,0,0,0,0,1
track_1310766,1,0,0,0,0,0
track_0383994,0,1,0,0,0,0
track_1352822,1,0,0,0,0,0
track_1144228,0,1,0,0,0,1
track_1076459,0,0,1,0,0,1
track_0242573,1,0,0,0,0,0
track_0980789,1,0,0,0,0,0
track_1346630,1,0,0,0,0,0
track_1300334,1,0,0,0,1,0
track_0679888,0,0,0,0,0,1
track_1098067,0,0,0,1,0,0
track_1170729,0,0,1,0,0,0
track_0084162,0,0,1,0,0,1
track_1085599,0,0,1,0,0,0
track_0242572,1,0,0,0,0,0
track_1310350,0,1,0,0,0,0
track_1166105,0,0,1,0,0,0
track_1109854,0,0,0,1,0,0
track_0810899,0,0,0,0,0,1
track_1190626,0,1,0,0,0,0
track_0034860,0,0,0,0,1,0
track_1393519,0,0,0,0,0,1
track_1162356,0,1,0,0,0,0
track_1368384,0,0,0,0,1,0
track_0679891,0,0,0,0,0,1
track_1193245,0,0,0,0,1,0
track_1029332,0,0,0,1,0,0
track_1353823,0,1,0,0,0,0
track_1232050,1,0,0,0,0,0
track_1379928,0,0,0,0,0,1
track_0080874,0,1,0,0,0,0
track_0997096,1,0,0,0,0,0
track_0043882,0,0,0,0,0,1
track_0839518,0,0,0,0,1,0
track_1223086,0,0,1,0,0,0
track_0867661,0,0,1,0,0,1
track_1069328,0,1,1,0,0,0
track_1115606,0,1,0,0,0,0
track_0017954,0,1,0,0,1,0
track_1056815,0,0,0,0,0,1
track_1414089,0,0,0,0,0,1
track_1317906,0,0,0,0,0,1
track_1188768,0,0,0,0,0,1
track_1322186,0,0,0,0,0,1
track_1142630,1,0,0,0,0,0
track_0209151,0,0,1,0,0,0
track_0659896,0,0,0,1,0,0
track_1116432,0,0,0,0,1,0
track_1109774,0,1,0,0,0,0
track_0035338,1,0,0,0,0,0
track_0400858,0,1,0,0,0,0
track_1227360,0,0,0,0,1,0
track_0461021,0,0,0,0,0,1
track_1018536,0,0,1,0,0,0
track_1098838,0,0,0,1,0,0
track_1366002,1,0,0,0,0,0
track_0956523,0,1,0,0,0,0
track_0938334,0,0,1,0,0,0
track_0006725,0,0,1,0,0,0
track_0647559,0,0,0,1,0,0
track_0035174,0,1,0,0,0,0
track_0783258,0,1,0,0,0,0
track_1094793,0,0,1,0,0,0
track_1076455,0,0,1,0,0,1
track_1186545,0,0,0,1,0,0
track_1203127,0,1,0,0,0,0
track_1166926,0,0,1,0,0,0
track_1169139,0,1,0,0,0,0
track_1221302,1,0,0,0,0,0
track_1131880,0,0,0,0,0,1
track_1326730,0,0,0,0,1,0
track_1138103,0,0,0,1,0,0
track_1293738,0,0,0,1,0,0
track_1144450,0,0,0,0,1,0
track_1129651,0,0,0,0,0,1
track_0260177,1,0,0,0,0,0
track_1108281,0,1,0,0,0,0
track_0263535,0,1,0,0,0,0
track_1208659,0,0,0,1,0,0
track_1018537,0,0,1,0,0,0
track_1021917,0,1,0,0,0,0
track_1141663,0,0,0,0,0,1
track_1330449,0,0,0,1,0,0
track_1009601,0,1,0,1,0,0
track_1067707,0,0,0,0,0,1
track_1208443,0,0,0,1,0,0
track_1277295,0,0,0,0,0,1
track_0088558,1,0,0,0,1,0
track_0094736,0,0,0,0,0,1
track_1216213,0,1,0,0,0,0
track_1372083,0,0,0,1,0,0
track_0810903,0,0,0,0,0,1
track_1112447,0,0,0,0,0,1
track_0046036,0,0,0,0,0,1
track_0867664,0,0,1,0,0,1
track_0903604,1,0,0,0,0,0
track_0802277,0,0,0,1,1,0
track_0188692,0,0,0,0,0,1
track_1326691,0,0,0,0,1,0
track_0847261,1,0,0,0,0,0
track_1089141,0,1,0,0,0,0
track_1156038,0,0,0,0,0,1
track_0057861,1,0,0,0,1,0
track_1313370,0,0,0,0,0,1
track_1072437,0,1,0,0,0,1
track_1090978,0,0,0,0,0,1
track_0962586,0,0,0,1,1,0
track_1029296,0,0,0,0,1,0
track_0383585,0,0,0,1,0,0
track_1231491,0,0,0,0,1,0
track_1131486,0,0,0,0,1,0
track_1072574,0,0,0,0,1,0
track_1115531,1,0,0,0,0,0
track_1011999,1,0,0,0,0,0
track_1231998,0,0,0,1,0,0
track_0874649,1,0,0,0,0,0
track_0244797,0,0,1,0,0,0
track_1215962,0,0,1,0,0,0
track_1051017,0,0,1,0,0,0
track_0383720,0,0,0,1,0,0
track_1204139,0,1,0,0,0,0
track_0342259,1,0,0,0,0,0
track_1366154,0,0,0,0,1,0
track_1245137,0,0,1,0,0,0
track_1207615,0,0,0,0,1,0
track_1179411,0,0,1,0,0,0
track_0356935,0,0,0,0,0,1
track_0417626,0,0,1,0,0,0
track_1036279,0,1,0,0,0,0
track_0272800,1,0,0,0,0,0
track_1193602,1,0,0,0,0,0
track_1159704,0,0,1,0,0,0
track_1357400,1,0,0,0,0,0
track_1030278,0,0,0,0,1,0
track_1165468,0,0,1,0,0,0
track_1263279,1,0,0,0,0,0
track_0753761,1,0,0,0,0,0
track_1222345,0,0,1,0,0,0
track_0470761,1,0,0,0,0,0
track_1365283,0,0,0,0,0,1
track_1171560,0,0,0,0,1,0
track_0944149,1,0,0,0,0,0
track_1119019,0,0,0,0,0,1
track_1128216,1,0,1,0,0,0
track_1126028,0,0,0,1,0,0
track_1395044,1,0,0,0,0,0
track_1029316,0,1,0,0,0,0
track_0108579,0,1,0,0,0,0
track_1127781,0,0,0,1,0,0
track_1201672,0,0,0,0,0,1
track_1085610,0,1,0,0,0,0
track_0287785,0,1,0,0,0,0
track_0443722,0,0,0,0,0,1
track_1159668,0,0,1,0,0,0
track_1155994,0,0,0,0,0,1
track_0381093,0,0,0,1,0,0
track_1379929,0,0,0,0,0,1
track_0653755,0,1,0,0,0,0
track_0939253,0,0,0,1,1,0
track_0094710,0,1,0,0,0,1
track_1046227,0,1,0,0,0,0
track_1110496,0,1,0,0,0,0
track_1132968,0,0,1,0,0,0
track_1264203,0,0,0,1,0,0
track_0973384,0,0,0,0,0,1
track_1065654,0,0,0,0,0,1
track_1232304,0,1,0,0,0,0
track_0094753,0,1,0,0,0,1
track_1203415,0,0,1,0,0,0
track_1278743,0,1,0,0,0,0
track_1159948,0,0,1,0,0,0
track_1340332,0,0,0,1,0,0
track_1138561,0,0,0,0,0,1
track_1053493,0,0,0,0,1,0
track_1038253,0,0,0,0,1,0
track_1166922,0,0,1,0,0,0
track_1040562,0,0,0,0,0,1
track_1268460,0,0,0,0,1,0
track_1369694,0,0,0,0,0,1
track_1102692,1,0,0,0,0,0
track_0802294,0,0,0,1,0,0
track_1222865,1,0,0,0,0,0
track_0729302,1,0,0,0,0,0
track_1358788,1,0,0,0,0,1
track_0773680,0,0,1,0,0,0
track_0147074,0,1,0,0,0,0
track_0311275,0,1,0,1,0,0
track_1137274,0,0,0,1,1,0
track_1274034,1,0,0,0,0,0
track_1150739,0,0,1,0,0,0
track_1169699,0,0,1,0,0,0
track_0296236,1,1,0,0,0,0
track_1352532,0,0,0,0,0,1
track_1153111,0,0,0,1,0,0
track_1128909,0,0,0,1,0,0
track_1144123,0,0,0,0,0,1
track_1094516,0,0,0,0,1,0
track_1159684,0,0,1,0,0,0
track_1027880,0,0,0,1,0,0
track_1038509,0,1,0,0,0,0
track_1127767,0,0,0,1,0,0
track_1321985,0,1,0,0,0,0
track_1138770,0,0,0,1,0,0
track_0579304,0,0,1,0,0,1
track_1417908,0,1,0,1,0,0
track_1112008,1,0,0,0,0,0
track_0119407,0,0,0,0,0,1
track_1074677,0,0,1,0,0,1
track_1189653,0,0,1,0,0,0
track_1030282,0,0,0,0,1,0
track_0347566,0,0,1,0,0,0
track_1126678,0,0,0,0,1,0
track_0988508,1,0,0,0,0,0
track_1075208,0,1,0,1,0,0
track_0764957,0,0,0,0,0,1
track_1366155,0,0,0,0,1,0
track_1404305,0,0,0,0,1,0
track_1394780,1,0,0,0,0,0
track_0501671,0,1,0,0,1,0
track_0517945,1,0,0,0,0,0
track_1274171,1,0,0,0,0,0
track_1046465,1,0,0,0,0,0
track_1371094,0,1,0,0,0,0
track_0773678,0,0,1,0,0,0
track_0259900,1,0,0,0,0,0
track_1273979,0,0,0,1,0,0
track_1231642,0,0,0,0,1,0
track_1341045,0,0,0,0,0,1
track_1119594,0,0,1,0,0,0
track_1332191,0,0,1,0,0,0
track_1127404,0,0,0,0,1,0
track_1136346,0,1,0,0,0,0
track_1270614,0,0,0,0,1,0
track_1104966,0,1,0,0,0,0
track_0382144,0,0,0,0,1,0
track_1137258,0,0,1,0,0,1
track_1351139,0,0,0,0,0,1
track_1133994,0,0,0,0,0,1
track_0635546,0,0,1,0,0,0
track_0891600,0,1,0,1,0,0
track_0683803,0,0,0,0,0,1
track_0268681,0,0,1,0,0,0
track_0682504,0,1,0,0,0,1
track_1302675,0,0,1,0,0,0
track_1056174,0,0,0,0,0,1
track_0066676,0,0,0,1,0,0
track_0881055,0,1,0,0,0,0
track_0439627,0,0,0,0,0,1
track_0259517,1,0,0,0,0,0
track_1397809,0,0,1,0,0,1
track_0921510,0,0,0,0,1,0
track_0081181,0,0,0,1,0,0
track_0380595,0,0,0,0,1,0
track_1369864,1,0,1,0,0,0
track_1027879,0,0,0,1,0,0
track_1415313,0,1,0,0,0,0
track_0556350,0,0,0,1,1,0
track_1234244,0,1,0,0,0,1
track_1043818,1,0,0,0,0,0
track_1039759,0,0,0,0,1,0
track_0961260,1,0,0,0,0,0
track_1076572,0,0,0,1,0,0
track_1203672,0,0,0,0,0,1
track_0026826,0,1,0,0,0,0
track_0000395,1,0,0,0,0,0
track_1035010,0,0,0,0,1,1
track_0219518,0,1,0,0,0,0
track_1026041,0,0,0,0,1,0
track_0259695,1,0,0,0,0,0
track_1165465,0,0,1,0,0,0
track_1174466,0,0,0,1,0,0
track_1105050,0,0,1,0,0,0
track_0771285,0,1,0,1,0,0
track_1123289,1,0,0,0,0,0
track_1364935,0,0,1,0,0,0
track_0078309,0,0,0,0,0,1
track_0244521,0,0,0,0,1,0
track_1149236,0,1,0,0,0,0
track_1089222,0,0,0,0,1,0
track_1132265,0,1,0,0,0,0
track_1401998,1,0,1,0,0,0
track_1098668,0,0,0,0,1,0
track_1111545,0,0,1,0,0,0
track_1099318,0,0,1,0,0,1
track_0576998,0,0,0,0,0,1
track_0922822,0,0,0,0,1,0
track_0087998,0,1,0,0,0,0
track_1159949,0,0,1,0,0,0
track_1164465,0,1,0,0,0,0
track_0081025,0,1,0,0,0,0
track_0360983,0,0,1,0,0,0
track_1400964,0,1,0,0,0,0
track_1191611,0,0,0,1,0,0
track_0665851,1,0,0,0,0,0
track_0939256,0,0,0,1,1,0
track_1222552,0,0,0,0,0,1
track_1090043,0,0,0,0,0,1
track_1114713,0,1,0,0,0,0
track_0619884,0,0,0,0,1,0
track_0556379,0,0,0,1,1,0
track_1222843,0,0,1,0,0,1
track_1168168,0,0,0,1,0,0
track_1366140,0,0,0,0,1,0
track_1404306,0,0,0,0,1,0
track_1389038,0,0,0,0,0,1
track_0306669,0,1,0,0,0,1
track_1350758,1,0,0,0,1,0
track_0844825,0,1,0,0,0,1
track_0081036,1,0,0,0,0,1
track_1326527,0,0,1,0,0,0
track_0962731,0,0,0,0,0,1
track_1384789,0,0,0,1,0,0
track_0078731,0,0,1,0,0,1
track_0571482,0,0,0,1,1,0
track_0973995,0,0,0,0,1,1
track_0571475,0,0,0,1,1,0
track_1028812,0,0,0,1,1,0
track_1387670,1,0,0,0,0,0
track_1250857,0,1,0,0,0,0
track_0042765,0,1,0,0,0,0
track_1147244,0,1,0,0,0,0
track_1138690,0,0,0,0,1,0
track_0716986,0,0,0,0,0,1
track_1088078,0,0,0,0,1,0
track_1159151,0,1,0,0,0,0
track_0259899,1,0,0,0,0,0
track_0014020,1,0,0,0,0,0
track_1216156,1,0,0,0,0,0
track_1416234,1,0,0,0,0,1
track_0571480,0,0,0,1,1,0
track_1126703,0,0,0,0,1,0
track_0462267,1,1,0,0,0,0
track_1365285,0,0,0,0,0,1
track_1107281,0,0,0,0,1,0
track_0700223,1,0,0,0,0,0
track_1208353,1,0,0,0,0,0
track_1226206,0,0,1,0,0,0
track_1329825,0,0,0,0,0,1
track_1099978,0,0,1,0,0,0
track_1101595,0,1,0,0,0,0
track_1317905,0,1,0,0,0,1
track_1380663,0,0,0,0,0,1
track_1202175,0,0,0,1,0,0
track_0659897,0,0,0,1,0,0
track_1039758,0,0,0,0,1,0
track_1128218,0,0,1,0,0,0
track_1043783,1,0,0,0,0,0
track_1248259,0,0,0,1,0,0
track_1243732,0,1,0,1,0,0
track_1283760,0,0,0,0,0,1
track_0325393,0,0,1,0,0,0
track_0202170,0,0,1,0,0,0
track_1274235,0,0,0,0,1,0
track_1028797,0,0,0,1,1,0
track_0482666,0,1,0,0,0,0
track_1320001,0,0,0,1,0,0
track_0890567,0,0,0,0,0,1
track_0325365,0,0,1,0,0,0
track_1416041,0,0,0,0,0,1
track_1123057,0,1,0,0,0,0
track_1357566,0,0,0,0,0,1
track_0873559,0,0,0,0,1,0
track_1098680,0,0,0,0,1,0
track_0414112,1,0,0,0,0,0
track_0664815,1,0,0,0,0,0
track_1126034,0,0,0,1,0,0
track_1364467,0,0,0,0,0,1
track_0961137,0,0,0,0,0,1
track_1101583,0,0,0,1,1,0
track_1337401,0,0,1,0,0,0
track_1326222,0,0,0,0,1,0
track_1155112,0,1,0,0,1,0
track_1189939,0,0,1,0,0,1
track_0665854,0,0,0,0,1,0
track_1366173,0,0,0,0,1,0
track_1189950,0,0,1,0,0,0
track_1372283,0,0,0,1,0,0
track_0995827,0,0,1,0,0,0
track_0278344,1,0,0,0,0,0
track_1296632,0,1,0,0,0,1
track_1137401,0,1,0,0,0,0
track_0602722,0,0,0,0,1,0
track_1312892,0,0,0,0,0,1
track_1072907,0,0,0,1,0,0
track_1164988,0,0,1,0,0,0
track_1101581,0,0,0,0,1,0
track_1348113,1,0,0,0,0,0
track_0913700,0,1,0,0,0,0
track_1399849,1,0,0,0,0,0
track_1225956,0,0,0,0,0,1
track_1078393,0,1,0,0,0,1
track_1136879,0,0,0,1,1,0
track_0665857,1,0,0,0,0,0
track_1379272,0,0,1,0,0,0
track_1352261,0,0,0,0,1,0
track_1194953,1,0,0,1,0,0
track_1096084,0,0,0,0,0,1
track_1149240,0,1,0,0,0,0
track_1348048,1,0,0,0,0,0
track_1372062,0,0,0,1,0,0
track_1379954,0,0,0,0,0,1
track_1051204,0,0,1,0,0,0
track_1352264,0,0,0,0,1,0
track_0967236,0,0,1,0,0,0
track_0873817,0,0,1,0,0,0
track_0725505,0,1,0,0,0,0
track_1272093,0,0,0,0,1,0
track_1337946,1,0,0,0,1,0
track_0891038,0,0,0,0,1,0
track_1149214,0,1,0,0,0,0
track_1203893,1,0,0,0,0,0
track_1288813,0,1,0,0,0,0
track_1143940,0,0,0,1,0,0
track_0711258,0,0,0,1,1,0
track_0347653,0,0,1,0,0,0
track_0272872,1,0,0,0,0,0
track_0773673,0,0,1,0,0,0
track_1148780,0,0,0,1,1,0
track_1420944,1,0,0,0,0,0
track_0088321,0,1,0,0,0,0
track_1278181,1,0,0,0,0,0
track_0846409,0,0,0,0,1,0
track_1086156,0,1,0,0,0,0
track_1187719,0,1,0,0,0,0
track_0211416,0,0,0,0,0,1
track_0511069,0,0,1,0,0,0
track_0980765,1,0,0,0,0,0
track_0634500,0,1,0,1,0,0
track_0847329,0,1,0,0,0,0
track_1065621,0,1,0,0,0,0
track_1188767,0,0,0,0,0,1
track_1219366,0,1,0,0,0,0
track_0802296,0,0,0,1,0,0
track_0202149,0,0,1,0,0,0
track_0244537,0,0,1,0,0,0
track_1364105,0,1,0,0,0,0
track_0049023,1,0,0,0,0,0
track_1222786,0,0,1,0,0,0
track_1082916,0,1,0,0,0,0
track_0785627,0,0,1,0,0,0
track_0202182,0,0,1,0,0,0
track_1046471,1,0,0,0,0,0
track_0575227,0,0,1,0,0,0
track_0873814,0,0,1,0,0,0
track_1165500,0,1,0,1,0,0
track_1084365,0,0,0,0,1,0
track_0313777,0,1,0,0,0,0
track_1248606,0,1,0,1,0,0
track_0921511,0,0,0,0,1,0
track_1176205,0,0,1,0,0,0
track_1394576,0,0,0,0,1,0
track_0976757,0,0,0,0,0,1
track_1183080,0,0,0,1,0,0
track_1052559,0,0,0,1,0,0
track_0618461,0,0,0,1,1,0
track_1307679,0,0,0,0,0,1
track_0049039,1,0,0,0,0,0
track_0865722,0,0,1,0,0,0
track_1341279,1,0,0,0,1,0
track_1167081,1,0,0,0,0,0
track_1068671,1,0,0,0,0,0
track_1126010,0,0,0,1,0,0
track_0081746,0,0,0,0,0,1
track_0242568,1,0,0,0,0,0
track_1384192,1,0,0,0,0,0
track_1408400,0,0,0,0,1,0
track_1202186,0,0,0,1,0,0
track_1279769,0,0,0,0,0,1
track_1231040,0,0,0,1,0,0
track_1112340,0,1,0,0,0,0
track_1414174,0,0,0,0,0,1
track_0162037,0,0,1,0,0,1
track_1203873,1,0,0,0,0,0
track_1102226,0,0,0,0,1,0
track_0965441,1,0,0,0,0,0
track_0078730,0,0,1,0,0,1
track_1243724,0,1,0,1,0,0
track_0771293,0,1,0,1,0,0
track_0585157,0,0,0,1,0,0
track_1106486,0,0,0,0,1,0
track_1184702,0,0,0,0,1,0
track_0491057,1,0,0,0,1,0
track_1110785,0,1,0,0,0,0
track_0618458,0,0,0,1,1,0
track_0991715,0,1,0,0,0,0
track_1186432,0,0,0,1,0,0
track_1160273,1,0,0,0,0,0
track_1373039,0,0,0,0,1,0
track_1147265,0,0,0,0,0,1
track_1269812,0,0,1,0,0,1
track_1039579,0,1,0,0,0,0
track_1222615,0,0,0,0,0,1
track_1073699,0,1,0,0,0,0
track_1111981,1,1,0,0,0,0
track_1124505,0,0,0,0,0,1
track_0965442,1,0,0,0,0,0
track_0387029,0,0,1,0,0,1
track_0017493,0,0,0,0,1,0
track_1082910,1,0,0,0,0,0
track_1226703,0,0,0,0,0,1
track_1288116,1,0,0,0,0,0
track_1243718,0,1,0,1,0,0
track_0078306,0,0,1,0,0,1
track_0113461,0,0,0,0,0,1
track_1166101,0,0,1,0,0,0
track_1053841,0,1,0,0,0,0
track_1369651,0,0,0,0,1,1
track_1039851,0,0,1,0,0,0
track_0080759,0,1,0,0,0,0
track_1058898,0,0,1,0,0,0
track_0439633,0,0,0,0,0,1
track_1163893,1,0,0,0,0,0
track_1275453,0,1,0,0,0,0
track_1339423,0,1,0,0,0,0
track_1166110,0,0,1,0,0,0
track_1313336,0,1,0,1,0,0
track_0988511,1,0,0,0,0,0
track_1105055,0,0,1,0,0,0
track_1397807,0,0,1,0,0,1
track_1032701,0,0,0,0,0,1
track_0035167,0,1,0,0,0,0
track_1131077,0,1,0,0,0,0
track_0698637,0,0,0,0,0,1
track_1267752,1,0,0,0,0,0
track_1235015,0,0,0,0,1,0
track_0073118,0,0,0,0,1,0
track_0345286,1,0,0,0,0,0
track_1137277,0,0,0,1,0,0
track_0875308,1,0,0,0,0,0
track_1012602,0,0,0,1,0,0
track_1197331,0,1,0,0,0,0
track_1137249,0,1,0,1,0,0
track_1219427,0,1,0,0,0,0
track_0785626,0,0,1,0,0,0
track_1326540,0,0,1,0,0,0
track_0302314,0,0,0,0,1,1
track_1288817,1,0,0,0,0,0
track_1397854,0,1,0,0,0,0
track_0259542,1,0,0,0,0,0
track_1132142,0,1,0,0,0,0
track_1109886,0,1,0,0,0,0
track_1078481,0,0,1,0,0,0
track_0369922,0,1,0,0,0,0
track_1272095,0,0,0,0,1,0
track_1303221,0,1,0,0,0,0
track_1130009,0,0,0,0,1,0
track_0271746,1,0,0,0,0,0
track_1108069,0,0,0,1,0,0
track_0663096,0,1,0,0,0,0
track_1030276,0,0,0,0,1,0
track_1039570,0,1,0,0,0,0
track_0900241,1,1,0,0,0,0
track_0047050,0,0,0,0,0,1
track_1395228,0,0,0,0,0,1
track_1028809,0,0,0,1,1,0
track_1097804,0,0,0,0,1,0
track_1248617,0,1,0,1,0,0
track_1011995,1,0,0,0,0,0
track_1077730,0,0,1,0,0,0
track_1316645,0,1,0,1,0,0
track_1131458,0,0,0,1,0,0
track_0355482,0,0,0,0,1,0
track_1118531,0,0,0,0,0,1
track_1323016,0,0,0,1,0,0
track_0347562,0,0,1,0,0,0
track_1194975,1,0,0,1,0,0
track_0361002,0,0,1,0,0,0
track_1247310,0,0,0,0,1,0
track_1069009,1,0,1,0,0,0
track_1037062,0,0,1,0,0,0
track_0618456,0,0,0,1,1,0
track_1374144,0,1,0,0,0,0
track_1339414,0,0,0,1,0,1
track_0292483,0,0,0,0,0,1
track_1051203,0,0,1,0,0,0
track_0542419,0,1,0,0,0,0
track_0493143,0,1,0,0,0,0
track_1047941,0,1,0,0,0,0
track_1066895,0,0,0,0,1,0
track_0172015,0,0,0,1,0,0
track_0564210,0,0,0,0,0,1
track_1225496,0,0,0,1,0,0
track_1394580,0,0,0,0,1,0
track_1156021,0,0,0,0,0,1
track_0601132,0,0,0,0,1,0
track_1375200,1,0,1,0,0,0
track_0073076,0,1,0,0,0,0
track_1123943,0,0,0,1,0,0
track_0007398,0,1,0,0,0,0
track_1157472,0,0,0,0,0,1
track_0938057,0,0,1,0,0,0
track_1389407,0,1,0,0,0,0
track_1068673,1,0,0,0,0,0
track_1369432,0,1,0,0,0,0
track_0662441,0,1,0,0,0,0
track_1064030,1,0,0,0,0,0
track_0150827,1,0,0,0,0,0
track_0371274,0,1,0,0,0,0
track_0307087,0,1,0,0,0,1
track_0218557,0,0,1,0,0,0
track_1082092,1,0,0,0,0,0
track_1372089,0,1,0,1,0,0
track_0625208,0,0,0,0,1,0
track_1322924,1,1,0,0,0,0
track_0799227,1,0,0,0,0,0
track_0031974,1,0,0,0,0,0
track_1397853,0,1,0,0,0,0
track_1354682,0,0,0,0,0,1
track_0975813,0,0,0,1,0,0
track_1126697,0,0,0,0,1,0
track_0662421,0,1,0,0,0,0
track_1194761,0,0,0,1,0,0
track_1112435,0,0,0,0,0,1
track_0259817,1,0,0,0,0,0
track_0216409,0,0,0,0,0,1
track_1192534,0,0,0,0,1,0
track_1096129,0,1,0,0,0,0
track_1105054,0,0,1,0,0,0
track_1154728,0,0,0,0,1,0
track_0804123,0,0,1,0,0,1
track_0096894,0,0,0,0,1,0
track_0025242,1,0,0,0,0,0
track_0844329,0,0,0,0,1,0
track_0478350,0,0,1,0,0,1
track_1041499,0,0,1,0,0,0
track_1149543,0,0,1,0,0,0
track_1136384,0,0,1,0,0,0
track_0505949,0,1,0,0,0,0
track_1123854,0,1,0,0,0,0
track_1088002,0,0,0,0,1,0
track_0026234,0,0,0,0,1,0
track_0878925,0,0,0,0,0,1
track_0935825,0,0,0,0,0,1
track_0219516,0,1,0,0,0,0
track_0459512,0,1,0,1,0,0
track_1051949,0,0,0,0,0,1
track_0858548,1,0,0,0,0,0
track_0082800,0,1,0,0,0,0
track_0387022,0,0,1,0,0,0
track_1133359,1,0,0,0,0,0
track_1101588,0,0,0,0,1,0
track_0728919,0,0,0,1,0,0
track_1069339,0,1,1,0,0,0
track_0242571,1,0,0,0,0,0
track_0991722,0,1,0,0,0,0
track_1137412,0,1,0,0,0,0
track_0048722,0,0,0,0,1,0
track_1284355,0,0,0,0,0,1
track_1232048,1,0,0,0,0,0
track_1225041,0,1,0,0,0,0
track_1373315,0,0,0,0,0,1
track_1104849,0,0,0,1,0,1
track_1104648,0,1,0,0,0,0
track_1150270,0,1,0,0,0,0
track_1231995,0,0,0,1,0,0
track_1111543,0,0,1,0,0,0
track_0081202,0,1,0,1,0,0
track_1275300,0,0,1,0,0,0
track_0075170,0,1,0,0,0,1
track_1240417,0,0,0,0,1,0
track_1104881,0,0,0,1,0,1
track_1170739,0,0,1,0,0,0
track_0482390,0,0,0,0,0,1
track_0088556,1,0,0,0,1,0
track_0949554,0,0,0,1,0,0
track_1236404,0,0,0,0,0,1
track_1335380,0,0,0,1,0,0
track_0139613,0,0,0,0,0,1
track_0035169,0,1,0,0,0,0
track_1282294,0,0,1,0,0,0
track_1320010,0,0,0,1,0,0
track_1150351,0,1,0,0,0,0
track_1344338,0,0,0,0,1,0
track_1224353,0,0,1,0,0,1
track_1201670,0,0,0,0,0,1
track_0565789,0,0,0,1,1,0
track_0191460,0,1,0,0,0,0
track_1009675,0,0,1,0,0,1
track_1248254,0,0,0,1,0,0
track_1209262,0,0,0,0,1,0
track_0752575,0,1,0,0,0,0
track_1085217,0,1,0,0,0,0
track_1234988,0,0,0,0,1,0
track_1135192,0,1,0,0,0,0
track_1143221,0,0,0,0,0,1
track_1156097,0,0,0,0,1,0
track_1353822,0,1,0,0,0,0
track_0769000,0,0,0,0,0,1
track_0847262,1,0,0,0,0,0
track_1074704,0,0,1,0,0,1
track_0897996,0,0,0,1,1,0
track_1089211,0,0,0,0,1,0
track_0575215,0,0,1,0,0,0
track_1187042,0,1,0,0,0,0
track_1171628,0,0,0,0,1,0
track_1401340,0,0,0,0,1,0
track_0936436,0,1,0,0,0,0
track_1184762,1,0,0,0,0,1
track_0773679,0,0,1,0,0,0
track_1189940,0,0,1,0,0,0
track_0979815,0,1,0,0,0,0
track_1195903,1,0,0,0,0,0
track_1150482,0,0,0,0,1,0
track_0494621,1,0,0,0,0,0
track_1044778,0,0,0,0,0,1
track_0752299,1,0,0,0,0,0
track_0025989,0,0,0,0,0,1
track_1274164,1,0,0,0,0,0
track_0761284,0,1,0,0,0,0
track_0835856,0,0,1,0,0,0
track_0997870,1,0,0,0,0,1
track_0992764,1,0,0,0,0,0
track_1202178,0,0,0,1,0,0
track_1133179,0,0,1,0,0,1
track_0669142,0,0,1,0,0,0
track_0704843,0,1,0,0,0,0
track_0865677,0,0,1,0,0,0
track_1171709,1,0,0,0,0,0
track_0259815,1,0,0,0,0,0
track_1231643,0,0,0,0,1,0
track_1165510,0,1,0,1,0,0
track_1202190,0,0,0,1,0,0
track_1126024,0,0,0,1,0,0
track_1110299,1,0,0,0,0,0
track_1086303,0,0,0,0,1,0
track_0743965,0,0,0,0,1,0
track_0771289,0,1,0,1,0,0
track_1341278,1,0,0,0,1,0
track_1210240,1,0,0,0,0,0
track_0342258,1,0,0,0,0,0
track_1168018,0,0,0,0,1,0
track_1279613,0,0,1,0,0,0
track_0209091,0,0,1,0,0,0
track_0794804,1,0,0,0,0,0
track_0042767,0,1,0,0,0,0
track_1077726,0,0,1,0,0,0
track_0226540,0,1,0,0,0,0
track_1327739,0,0,0,1,0,0
track_1066144,0,1,0,0,0,0
track_1189894,0,0,0,0,0,1
track_1294001,0,0,1,0,0,0
track_1125585,0,1,0,0,0,0
track_0719850,0,0,0,0,1,0
track_0964540,0,0,0,0,1,0
track_1125675,0,0,0,0,0,1
track_1417906,0,0,0,1,0,0
track_0381087,0,0,0,1,0,0
track_1124169,0,0,0,1,0,0
track_1374257,0,1,1,0,0,0
track_1123294,1,0,0,0,0,0
track_1096126,0,1,0,0,0,0
track_1081526,1,0,0,0,0,0
track_0383992,0,1,0,0,0,0
track_1089140,0,1,0,0,0,0
track_0982406,0,0,0,0,1,0
track_1132247,1,0,0,0,0,0
track_1171700,0,0,0,0,0,1
track_1109962,0,1,0,0,0,0
track_1186166,0,0,1,0,0,0
track_0713738,0,0,0,0,1,0
track_0353341,0,0,1,0,0,0
track_0344574,1,0,0,0,0,0
track_1343394,0,0,0,1,0,0
track_1261216,0,0,1,0,0,0
track_0542789,1,0,0,0,0,0
track_1150276,0,1,0,0,0,0
track_0602695,0,0,0,0,1,0
track_1346845,0,0,0,1,0,0
track_0219537,0,1,0,0,0,0
track_1133177,0,0,1,0,0,1
track_1350765,1,0,0,0,1,0
track_1272092,0,0,0,0,1,0
track_1068572,0,0,0,1,1,0
track_1053404,0,1,0,0,0,0
track_0785705,0,0,1,0,0,0
track_1374952,1,0,0,0,0,1
track_1103994,0,0,0,0,0,1
track_1097029,0,0,0,0,1,0
track_1033504,0,0,0,0,0,1
track_1372500,0,0,1,0,0,0
track_1295529,1,0,0,0,0,0
track_1297069,0,1,0,0,0,0
track_1164989,0,0,1,0,0,0
track_1320574,0,0,1,0,0,1
track_1330385,1,0,0,0,1,0
track_0891910,0,1,0,0,0,0
track_1372589,1,0,0,0,0,0
track_1086347,0,0,0,0,1,0
track_1177886,0,0,0,0,0,1
track_0073149,0,0,0,0,0,1
track_1143153,1,0,0,0,0,0
track_1127392,0,1,0,0,0,0
track_0253757,1,1,0,0,0,1
track_0082642,0,1,0,0,0,0
track_0780389,0,1,0,1,0,0
track_0000955,0,1,0,0,1,0
track_1385196,0,1,0,1,0,0
track_0373290,0,1,0,0,0,0
track_1234093,0,0,0,0,0,1
track_1219472,0,0,1,0,0,1
track_1349482,1,0,0,0,0,0
track_1320020,0,0,0,1,0,0
track_1076454,0,0,1,0,0,1
track_1087886,0,0,0,0,0,1
track_0996996,0,0,0,0,0,1
track_1128044,1,0,0,0,0,0
track_1097134,0,1,0,0,0,0
track_1367654,0,1,0,0,0,0
track_1380834,0,1,0,1,0,0
track_1037052,0,0,1,0,0,0
track_1075182,0,1,0,1,0,0
track_0139517,1,0,0,0,0,0
track_1312860,0,0,0,0,0,1
track_0014013,1,0,0,0,0,0
track_0842774,1,0,0,0,0,0
track_0890974,0,0,0,0,1,0
track_1107022,1,1,0,0,0,0
track_1070607,0,0,0,1,0,0
track_0903594,1,0,0,0,0,0
track_1126702,0,0,0,0,1,0
track_0517944,1,0,0,0,0,0
track_0897318,0,0,0,1,0,0
track_1097126,0,1,0,0,0,0
track_1217790,0,0,0,1,0,0
track_0581066,1,0,0,0,0,0
track_1398422,0,0,0,1,0,0
track_0768398,0,0,0,1,1,0
track_1033575,0,0,0,0,0,1
track_1231045,0,0,0,1,0,0
track_1400502,1,1,0,0,0,0
track_1221852,0,0,0,0,0,1
track_1102196,0,0,0,0,0,1
track_0151024,1,0,0,0,0,0
track_1082098,1,0,0,0,0,0
track_0760009,0,1,0,0,0,0
track_0647528,0,0,0,1,0,0
track_1098484,0,0,0,0,1,0
track_0034855,0,0,0,0,1,0
track_1056140,1,0,0,0,0,0
track_1073701,0,1,0,0,0,0
track_1081801,0,0,0,1,0,0
track_1063454,0,0,1,0,0,0
track_1289132,1,0,0,0,1,0
track_1277892,0,0,0,1,0,0
track_1098500,0,0,0,0,1,0
track_1112018,1,0,0,0,0,0
track_0785423,0,0,1,0,0,0
track_1401330,0,1,0,0,0,0
track_1388864,0,0,1,0,0,0
track_1408515,0,0,0,0,0,1
track_1169727,1,0,0,0,0,0
track_0890540,0,1,0,0,0,0
track_0897309,0,0,0,1,0,0
track_0785620,0,0,1,0,0,0
track_1414397,0,0,0,0,0,1
track_1203321,0,0,0,1,0,0
track_1350373,1,0,0,0,0,0
track_0015658,0,1,0,0,1,0
track_1300329,1,0,0,0,1,0
track_0903590,1,0,0,0,0,0
track_1075200,0,1,0,1,0,0
track_1171067,0,1,0,0,0,0
track_1330446,0,0,0,1,0,0
track_1096934,0,0,0,0,1,0
track_0381086,0,0,0,1,0,0
track_1110379,1,0,0,0,0,0
track_1137266,0,0,1,0,0,0
track_1339347,0,0,1,0,0,1
track_1075214,0,1,0,1,0,0
track_0047053,0,0,0,0,0,1
track_1264350,0,0,0,0,1,0
track_1029328,0,0,0,1,0,0
track_1341953,1,0,0,0,0,0
track_1320023,0,0,0,1,0,0
track_1358777,0,1,0,1,0,0
track_1063105,0,0,1,0,0,1
track_0390001,1,0,0,0,0,0
track_0501672,0,1,0,0,1,0
track_0166604,0,0,1,0,0,0
track_0272871,1,0,0,0,0,0
track_0371277,1,1,0,0,0,0
track_1402278,0,1,0,0,0,0
track_0402848,0,1,0,0,0,0
track_0202195,0,1,0,0,0,0
track_1049278,0,0,0,0,1,0
track_1272096,0,0,0,0,1,0
track_0319802,0,0,1,0,0,0
track_0749612,0,1,0,0,0,0
track_1405040,0,0,1,0,0,0
track_1056823,0,0,0,0,0,1
track_1080394,1,0,0,0,0,0
track_0081283,0,1,0,1,0,0
track_1316758,0,0,0,0,0,1
track_0913702,0,1,0,0,0,0
track_1059975,1,0,0,0,0,0
track_1341270,1,0,0,0,1,0
track_1335151,0,0,0,1,1,0
track_1418335,0,0,0,0,0,1
track_1284529,0,0,1,0,0,0
track_0073153,0,1,0,0,0,1
track_1148774,0,0,0,1,1,0
track_1171561,0,0,0,0,1,0
track_0986862,0,0,0,0,1,0
track_0759145,0,0,0,0,0,1
track_0346272,0,1,0,0,0,0
track_1054438,0,0,1,0,0,0
track_0967235,0,0,1,0,0,0
track_1193235,0,0,0,0,1,0
track_1277826,1,0,0,0,0,0
track_0405785,0,0,1,0,0,1
track_0081190,0,1,0,1,0,0
track_1063327,0,0,0,0,0,1
track_0155325,0,1,0,0,0,0
track_1132181,0,0,0,0,0,1
track_1337334,0,0,0,0,1,0
track_1150486,0,0,0,1,0,0
track_0232891,0,1,0,0,0,0
track_1227741,0,0,0,0,1,0
track_1039358,0,1,0,0,0,0
track_1029323,0,0,0,1,0,0
track_1405032,0,0,1,0,0,1
track_1114031,0,0,0,0,0,1
track_1156090,0,0,0,0,1,0
track_1101376,0,1,0,0,0,0
track_1072911,0,0,0,1,0,0
track_0470793,1,0,0,0,0,0
track_1127783,0,0,0,1,0,0
track_0383570,0,0,0,1,0,0
track_1231497,0,0,1,0,0,0
track_1399549,1,0,0,0,0,0
track_1284740,0,0,1,0,0,0
track_1118834,0,1,0,0,0,0
track_0908091,0,0,0,0,1,0
track_1164982,0,0,1,0,0,0
track_1084674,0,0,1,0,0,0
track_1166929,0,0,1,0,0,0
track_1194759,0,0,0,1,0,0
track_0564209,0,0,0,0,0,1
track_1011642,0,0,0,0,1,0
track_1330453,0,0,0,1,0,0
track_0674310,0,0,0,0,0,1
track_1248600,0,1,0,1,0,0
track_1389168,0,0,1,0,0,0
track_1215628,0,0,0,0,0,1
track_1114497,0,1,0,0,0,0
track_1088066,1,1,0,0,0,0
track_0498817,0,0,0,0,0,1
track_1118537,0,0,0,0,0,1
track_1379863,0,1,0,0,0,0
track_1111830,0,1,0,0,0,0
track_1264972,1,0,0,0,0,0
track_0785436,0,0,1,0,0,0
track_1133985,0,0,0,0,0,1
track_0133660,0,0,0,0,0,1
track_1273980,0,1,0,1,0,0
track_0914766,0,0,1,0,0,0
track_1251685,0,1,0,0,0,0
track_1143154,1,0,0,0,0,0
track_1193021,0,0,0,0,0,1
track_1103312,0,0,0,0,0,1
track_1009559,0,1,0,1,0,0
track_0665853,0,0,0,0,1,0
track_0959164,1,0,0,0,0,0
track_1225042,0,1,0,0,0,0
track_1015565,1,0,0,0,0,0
track_1164635,0,0,1,0,0,1
track_1271786,0,0,0,1,0,1
track_0918871,0,1,0,0,0,0
track_1383957,0,0,0,0,0,1
track_1128035,1,0,0,0,0,0
track_1026346,0,1,0,0,0,0
track_1158501,0,0,0,0,0,1
track_1348658,0,0,0,0,1,0
track_1277850,1,0,0,0,0,0
track_1103453,1,0,0,0,1,0
track_0839516,0,0,0,0,1,0
track_1266573,0,1,0,0,0,0
track_0151035,1,0,0,0,0,0
track_1097289,0,1,0,0,0,0
track_1087792,0,0,0,0,1,0
track_0647521,0,0,0,1,0,0
track_1195885,0,0,1,0,0,1
track_1413862,0,0,0,0,0,1
track_1041565,0,0,1,0,0,0
track_0026564,0,1,0,0,0,0
track_1289382,0,0,0,0,0,1
track_1160271,0,0,1,0,0,0
track_1273948,0,0,1,0,0,0
track_1156054,0,0,1,0,0,0
track_1340796,0,1,0,1,0,0
track_1186546,0,0,0,1,0,0
track_1159691,0,0,1,0,0,0
track_0866706,1,0,0,0,0,0
track_0938331,0,0,1,0,0,0
track_1256023,0,0,0,1,0,0
track_1094523,0,0,0,0,1,0
track_0873567,0,0,0,0,1,0
track_1165996,0,0,1,0,0,1
track_1123875,1,0,0,0,0,0
track_0264475,0,1,0,1,0,0
track_1109964,0,1,0,0,0,0
track_1070454,0,1,0,0,0,0
track_1284933,0,0,0,0,0,1
track_1165907,0,1,0,0,0,0
track_0863566,0,1,0,0,0,0
track_1341277,1,0,0,0,1,0
track_1130020,0,0,0,0,1,0
track_0802297,0,0,0,1,0,0
track_0718511,0,0,1,0,0,0
track_0603760,0,0,0,0,0,1
track_0511078,0,0,1,0,0,0
track_1109954,0,1,0,0,0,0
track_1095026,0,1,0,0,0,1
track_0659899,0,0,0,1,0,0
track_0076658,0,0,1,0,0,0
track_1078778,0,1,1,0,0,0
track_0079750,0,1,0,0,0,0
track_1149694,0,0,0,0,0,1
track_0306434,1,0,0,0,0,0
track_1247374,0,0,0,0,1,0
track_0511052,0,0,1,0,0,0
track_1096122,0,1,0,0,0,0
track_1204590,0,0,0,0,1,0
track_1287551,0,1,0,0,1,0
track_1203427,0,0,1,0,0,0
track_1196186,1,0,1,0,0,0
track_1127042,1,0,0,0,0,0
track_1345279,1,0,0,0,0,0
track_0459361,0,0,1,0,0,0
track_1028815,0,0,0,1,1,0
track_0000954,0,1,0,0,0,0
track_1202182,0,0,0,1,0,0
track_0244524,0,0,0,0,1,0
track_0875036,0,0,0,0,0,1
track_0785421,0,0,1,0,0,0
track_1095701,0,0,1,0,0,0
track_0790445,0,0,0,0,0,1
track_1155023,0,1,0,0,0,0
track_1165472,0,0,1,0,0,0
track_0789657,0,0,0,0,0,1
track_1160052,0,0,0,0,0,1
track_1076449,0,0,1,0,0,1
track_0873816,0,0,1,0,0,0
track_1194767,0,0,0,1,0,0
track_1070600,0,0,0,1,1,0
track_1108284,0,1,0,0,0,0
track_0078735,0,0,1,0,0,1
track_1159665,0,0,1,0,0,0
track_1235608,0,0,0,0,1,0
track_1081050,0,1,0,0,0,0
track_0373293,0,1,0,0,0,0
track_0159038,0,1,0,0,0,1
track_1186429,0,0,0,1,0,0
track_1158118,0,1,0,0,0,0
track_1419786,0,1,0,0,0,0
track_1164990,0,0,1,0,0,0
track_1208028,0,1,0,0,0,0
track_0036237,0,1,0,0,0,0
track_0973385,0,0,0,0,0,1
track_1362272,0,0,1,0,0,0
track_0802178,0,0,0,1,0,0
track_0491052,1,0,0,0,0,0
track_0302318,0,0,0,0,1,1
track_0006606,0,1,0,0,0,0
track_1283758,0,0,0,0,0,1
track_0585154,0,0,0,1,0,0
track_1264201,0,0,0,1,0,0
track_1280424,0,0,0,1,0,0
track_1262645,0,0,0,0,0,1
track_1288418,0,0,1,0,0,0
track_1033092,0,0,0,0,1,0
track_1351138,0,0,1,0,0,0
track_1223076,1,0,0,0,0,0
track_1078794,0,1,0,0,0,0
track_1126844,1,0,0,0,0,0
track_1160054,0,0,0,0,0,1
track_1293739,0,0,0,1,0,0
track_0773676,0,0,1,0,0,0
track_0242384,0,0,1,0,0,0
track_1255088,1,0,0,1,0,0
track_0922587,0,0,0,0,1,0
track_1137250,0,1,0,1,0,0
track_0875307,1,0,0,0,0,0
track_1101578,0,0,0,0,1,0
track_1127780,0,0,0,1,0,0
track_1268905,1,0,0,0,0,0
track_1278514,1,0,0,0,0,0
track_1228737,0,1,0,0,0,0
track_0010808,0,1,0,0,0,0
track_1293999,0,0,1,0,0,0
track_1248253,0,0,0,1,0,0
track_0897993,0,0,0,1,1,0
track_1156023,0,0,0,0,0,1
track_1111836,0,1,0,0,0,0
track_1037053,0,0,1,0,0,0
track_0606409,0,1,0,0,0,0
track_1279603,0,0,1,0,0,0
track_1151415,1,0,0,0,0,0
track_1242274,0,0,1,0,0,1
track_0384148,0,1,0,0,0,0
track_1056816,0,0,0,0,0,1
track_0497845,0,0,0,0,1,0
track_0934959,0,1,0,0,0,0
track_1231992,0,0,0,1,0,0
track_1350823,0,0,0,0,1,0
track_1329450,0,0,1,0,0,0
track_1226134,1,0,0,0,0,0
track_1077046,0,0,1,0,0,0
track_1158988,0,1,0,0,0,0
track_1159622,0,0,1,0,0,0
track_0659887,0,0,0,1,0,0
track_1156010,0,0,0,0,0,1
track_1407170,0,1,0,0,0,0
track_1128209,0,0,1,0,0,0
track_1328127,0,0,0,0,1,0
track_1109850,0,0,0,1,0,0
track_1096887,0,0,0,0,1,0
track_0325368,0,0,1,0,0,0
track_0081026,1,0,0,0,0,0
track_1070599,0,0,0,1,0,0
track_0835929,0,0,1,0,0,0
track_0938335,0,0,1,0,0,0
track_1400600,0,0,0,0,0,1
track_0759091,0,1,0,0,0,0
track_0448653,0,0,0,0,0,1
track_1369856,1,0,1,0,0,0
track_1159557,0,0,1,0,0,0
track_1131097,0,0,0,0,0,1
track_0967565,1,0,0,0,0,0
track_0897981,0,0,0,1,1,0
track_0125447,0,0,0,0,0,1
track_1084680,0,0,1,0,0,0
track_0802286,0,0,0,1,0,0
track_0272928,1,0,0,0,0,0
track_1399056,1,0,0,0,0,0
track_1372090,0,1,0,1,0,0
track_1369646,0,0,0,0,1,1
track_1150491,0,0,0,1,0,0
track_0349108,0,0,0,0,1,0
track_1289126,1,0,0,0,1,0
track_1070639,1,0,0,0,0,0
track_1342574,1,0,0,0,0,0
track_0828834,1,0,0,0,0,0
track_1157602,0,0,0,1,0,0
track_1372074,0,0,0,1,0,0
track_1033432,1,0,0,0,0,0
track_0581063,1,0,0,0,0,0
track_1248623,0,1,0,1,0,0
track_0711260,0,0,0,1,1,0
track_0579303,0,1,0,0,0,0
track_1171608,0,0,0,0,1,0
track_1136878,0,0,0,1,1,0
track_0278356,1,0,0,0,0,0
track_1369712,0,0,0,0,0,1
track_1321517,0,0,0,0,1,0
track_0147668,1,0,0,0,0,0
track_1362243,0,0,1,0,0,0
track_1355266,0,1,0,1,0,0
track_1089586,0,0,0,1,0,0
track_1052468,0,0,0,0,1,0
track_0977169,0,0,0,0,0,1
track_0304546,0,1,0,0,0,0
track_1368979,1,0,1,0,0,0
track_0714709,0,1,0,0,0,0
track_0950107,0,1,0,0,0,0
track_0491059,1,0,0,0,0,0
track_1294741,0,1,0,0,0,0
track_1053498,0,0,0,0,1,0
track_1321060,0,0,0,0,0,1
track_1321063,0,0,0,0,0,1
track_1162382,0,1,0,0,0,0
track_0381090,0,0,0,1,0,0
track_1081532,1,0,0,0,0,0
track_0897985,0,0,0,1,1,0
track_1090467,1,0,0,0,0,0
track_1032329,0,0,0,0,0,1
track_1078436,0,0,0,0,0,1
track_1330450,0,0,0,1,0,0
track_1138695,0,0,1,0,0,0
track_1189924,0,0,1,0,0,0
track_1348739,0,0,0,0,0,1
track_1253537,0,0,0,1,0,0
track_0080761,0,1,0,0,0,0
track_0040318,0,1,0,0,0,0
track_0832634,0,0,0,0,0,1
track_0961605,1,0,0,0,0,0
track_1056172,0,0,0,0,0,1
track_0356932,0,0,0,0,0,1
track_1095820,1,0,0,0,0,0
track_1072433,0,1,0,0,0,1
track_1121410,0,0,1,0,0,0
track_1256028,0,0,0,1,0,0
track_0891611,0,1,0,1,0,0
track_1176206,0,0,1,0,0,0
track_0662053,1,0,0,0,0,0
track_1366144,0,0,0,0,1,0
track_0945016,0,1,0,0,0,0
track_1345054,0,1,0,0,0,0
track_1400605,0,0,0,0,0,1
track_0802320,0,0,0,1,0,0
track_0875370,1,0,0,0,0,0
track_0523087,0,0,0,0,0,1
track_1239507,0,0,0,0,1,0
track_1356516,0,1,0,0,0,0
track_0167096,0,1,0,0,0,0
track_1276899,0,0,0,1,0,0
track_1341266,1,0,0,0,1,0
track_0094731,0,1,0,0,0,1
track_0470759,1,0,0,0,0,0
track_0172815,0,1,0,0,0,0
track_1188770,0,0,0,0,0,1
track_1234387,0,0,0,0,0,1
track_0729298,1,0,0,0,0,0
track_1287647,1,0,0,0,0,0
track_0888639,0,1,0,0,0,0
track_1086273,0,0,0,0,1,0
track_1076564,0,0,0,1,0,0
track_0556373,0,0,0,1,1,0
track_1053845,0,1,0,0,0,0
track_1300037,0,0,0,0,1,0
track_0947021,1,0,0,0,0,0
track_0897307,0,0,0,1,0,0
track_1098678,0,0,0,0,1,0
track_1037059,0,0,1,0,0,0
track_0666622,0,0,0,0,0,1
track_1080201,0,0,0,1,0,0
track_1164994,0,0,1,0,0,0
track_0628410,0,0,0,0,0,1
track_0151043,1,0,0,0,0,0
track_1386494,0,0,0,0,0,1
track_1357458,1,0,0,0,0,0
track_0080771,0,1,0,0,0,0
track_0306199,0,1,0,0,0,1
track_1080561,0,1,0,0,0,0
track_0076656,0,0,1,0,0,0
track_1057796,1,0,1,0,0,0
track_0205094,0,1,0,1,1,0
track_1244946,0,0,1,0,0,0
track_0752520,1,0,0,0,0,0
track_0914774,0,0,1,0,0,0
track_1077047,0,0,1,0,0,0
track_1096119,0,1,0,0,0,0
track_1151411,0,1,0,0,0,0
track_0854721,0,0,1,0,0,0
track_0873808,0,0,1,0,0,0
track_1307837,0,0,1,0,0,0
track_1131997,1,0,0,0,0,0
track_1248278,0,0,0,1,0,0
