TRACK_ID,track_duration_sec
track_1147710,243.9
track_1103990,323.0
track_1131488,447.6
track_1198188,48.0
track_0245962,165.6
track_0719849,165.1
track_0736523,214.2
track_1129658,224.9
track_1379947,319.9
track_0846411,222.0
track_0131632,237.8
track_0802326,240.2
track_0625206,235.8
track_0939255,180.5
track_0168403,193.9
track_0383573,135.7
track_1351134,206.0
track_0035173,208.8
track_1233768,236.7
track_1023273,158.0
track_0026219,42.4
track_0553091,380.2
track_1347896,92.1
track_0171074,149.9
track_1052660,285.9
track_0842757,248.7
track_0162045,207.8
track_1149234,84.0
track_0711277,151.0
track_1132736,394.2
track_0773674,267.0
track_0986866,366.7
track_1163967,279.1
track_1367768,117.5
track_1088383,195.0
track_1098068,239.3
track_1194604,310.3
track_0723360,237.6
track_0511074,235.0
track_1137247,211.8
track_1103321,232.9
track_1098831,157.7
track_1417008,166.1
track_1052565,270.1
track_1009061,228.6
track_0350359,163.2
track_1105603,90.5
track_1274166,44.9
track_0989877,187.1
track_1113645,141.9
track_1339384,315.5
track_0166333,322.0
track_1196185,193.0
track_1160157,243.0
track_1164968,260.4
track_0741321,185.5
track_0081020,581.0
track_1158178,138.0
track_1145836,74.0
track_0661313,318.9
track_1222347,271.3
track_1137272,81.8
track_1399581,397.8
track_0271744,46.1
track_0976782,199.2
track_1113991,432.0
track_0245387,271.2
track_1243735,187.1
track_0914765,134.3
track_0135244,281.7
track_1332180,197.6
track_0498810,228.1
track_1083510,183.9
track_1109965,156.6
track_0946828,348.6
track_1124249,254.6
track_0704838,339.9
track_1227396,255.8
track_1080900,270.0
track_0742888,107.1
track_1165508,107.1
track_1236047,236.3
track_0998079,294.5
track_1228623,230.9
track_1374954,44.0
track_1248561,199.2
track_0015169,147.3
track_0205736,225.0
track_1190958,98.3
track_1179410,204.2
track_0113791,238.5
track_0296237,250.6
track_1023486,173.8
track_0938052,219.1
track_0272910,68.6
track_0129978,187.1
track_0136840,377.1
track_1067291,250.8
track_0088554,242.6
track_1159696,206.2
track_1268732,187.4
track_1129657,212.5
track_0402576,194.7
track_1416534,240.0
track_1126082,526.9
track_1317901,165.4
track_1078474,340.3
track_1103452,116.0
track_1332223,134.2
track_1417903,248.2
track_0913291,174.4
track_1150099,277.8
track_0919356,200.0
track_1372874,119.1
track_0166583,231.7
track_1051952,298.5
track_1165995,200.6
track_0903596,120.0
track_1164567,45.0
track_0293161,235.0
track_1123291,161.9
track_1040015,168.0
track_0425766,233.0
track_1115634,34.0
track_0858536,190.9
track_1251313,323.0
track_0957457,110.2
track_0077441,594.5
track_1348657,237.5
track_1374304,106.9
track_0277804,227.4
track_1105052,205.6
track_1222001,171.2
track_1077278,158.9
track_0890461,259.6
track_0470753,174.5
track_0965601,185.5
track_1159669,326.3
track_1095024,199.4
track_0764605,138.8
track_1365242,170.8
track_1170403,155.0
track_0154635,512.9
track_1225501,206.8
track_0278336,160.0
track_0571484,189.5
track_1118601,49.7
track_1093649,295.8
track_1134585,273.7
track_0716963,202.0
track_0150962,104.4
track_1078367,122.7
track_1153116,294.4
track_0006719,190.2
track_1315940,244.3
track_0188505,313.5
track_1054172,70.2
track_0768437,182.8
track_0941153,199.0
track_1095021,241.5
track_1111986,254.4
track_0415498,294.6
track_1374256,238.0
track_1060333,222.5
track_1289378,231.2
track_0988503,75.2
track_1041677,116.0
track_0618448,134.0
track_0084042,349.8
track_1102230,328.4
track_1078823,160.0
track_0868977,144.9
track_1076577,125.2
track_1416237,91.0
track_1248256,171.5
track_0976923,251.2
track_1189098,227.3
track_1219476,333.3
track_0964541,195.8
track_1293735,231.1
track_1131491,111.7
track_0941158,282.9
track_1276895,183.9
track_0461019,236.6
track_1054399,180.8
track_0991719,108.6
track_0891605,181.7
track_1403968,136.8
track_1401972,253.0
track_1228858,208.0
track_1051068,450.8
track_1129798,813.0
track_1307835,172.4
track_1071852,107.5
track_1068666,137.4
track_1169708,206.6
track_1131495,366.9
track_1397808,95.0
track_0618459,141.5
track_1413875,274.2
track_1049275,311.4
track_0802281,152.5
track_1158971,138.0
track_1074710,257.7
track_1379949,326.6
track_1110506,89.3
track_0608931,171.6
track_0811237,179.2
track_1072427,1514.7
track_1166925,284.8
track_1393523,196.9
track_0873560,219.7
track_1081529,117.7
track_0096718,186.7
track_0836526,208.4
track_0989879,184.0
track_1397164,204.1
track_1360555,84.0
track_1203323,244.9
track_1125843,215.0
track_1115567,458.7
track_0357514,303.7
track_1035011,315.9
track_1037056,183.7
track_1127772,301.1
track_0405783,273.7
track_1415108,173.7
track_1368387,405.4
track_1223282,280.0
track_1132969,322.6
track_1107063,52.7
track_0264329,93.5
track_1413863,253.5
track_1123937,227.2
track_0416474,287.5
track_1257250,72.2
track_1163971,268.1
track_1284690,233.6
track_1208243,320.1
track_0021982,141.8
track_1371499,310.3
track_1071300,238.6
track_1057725,438.6
track_1340349,235.0
track_1076580,186.5
track_1150744,320.0
track_1083511,180.6
track_1320575,218.0
track_0383567,105.8
track_1027875,298.5
track_0079748,441.1
track_0855269,241.8
track_1044568,80.8
track_1111539,316.0
track_1052562,228.0
track_0414049,138.4
track_0259843,86.9
track_1295769,245.8
track_1143990,213.4
track_1256026,209.7
track_1217511,102.5
track_1087153,76.6
track_1075176,116.3
track_0919353,236.7
track_1069084,350.1
track_1414831,268.4
track_1089272,390.1
track_0686758,197.5
track_1098677,147.4
track_1075169,72.2
track_1137238,189.5
track_1112025,51.6
track_1313335,165.0
track_1111542,172.1
track_1131565,300.6
track_1416193,296.9
track_1133089,190.4
track_1077725,255.0
track_1398418,214.8
track_0873805,183.1
track_0485059,163.8
track_1203372,218.0
track_1346207,363.9
track_1374953,134.0
track_0565805,124.6
track_1156029,255.8
track_1163228,188.6
track_0006729,210.6
track_1313337,267.5
track_0785281,150.6
track_0902298,257.2
track_1374689,151.9
track_1015038,98.8
track_1234363,162.7
track_1168165,222.9
track_1227368,195.0
track_1320009,185.8
track_0957460,272.1
track_1086668,217.1
track_1277840,121.7
track_1351591,407.2
track_0989872,206.2
track_0151133,149.9
track_0020740,358.5
track_1087734,260.0
track_1084672,274.8
track_0078315,112.4
track_1063106,259.1
track_0207733,209.0
track_1369861,111.7
track_1027608,213.5
track_0205081,43.3
track_1251851,192.5
track_1073718,262.1
track_1389557,297.3
track_0900243,110.1
track_0718510,180.8
track_1165515,110.8
track_1341040,237.2
track_1291218,303.5
track_1089263,69.1
track_0076657,241.7
track_1208442,237.4
track_1284340,223.8
track_0457120,248.8
track_1080166,77.4
track_1294702,107.8
track_0659903,179.5
track_0307384,255.8
track_0347819,224.2
track_0259858,208.6
track_1296703,240.0
track_0111509,223.8
track_1026042,190.7
track_1190623,330.7
track_1381058,189.9
track_0991720,136.1
track_0959968,322.8
track_0460237,284.0
track_1394568,379.1
track_0074602,253.7
track_1272099,281.4
track_1207987,192.0
track_0976785,159.7
track_1418015,280.5
track_1257007,291.2
track_0810890,320.1
track_0965446,165.1
track_1160599,246.8
track_1345306,88.0
track_0080769,75.9
track_0020944,178.1
track_1229310,240.0
track_1057735,114.0
track_0922740,420.4
track_1032923,459.9
track_1018531,198.5
track_0941345,198.9
track_0025877,239.8
track_1028806,200.5
track_0911868,187.5
track_1154902,224.0
track_1076452,178.0
track_0647537,145.0
track_0259807,161.8
track_0806979,262.1
track_0723356,244.1
track_1159670,224.3
track_0711254,211.5
track_1164980,408.0
track_1394565,201.5
track_0034520,222.2
track_1328087,186.1
track_0081287,202.4
track_0698107,220.2
track_1372288,123.8
track_1194312,172.4
track_1341271,115.1
track_1024405,211.8
track_1078441,271.0
track_0150861,110.1
track_1112020,91.7
track_0965968,289.3
track_1369415,1090.0
track_0134754,371.3
track_1381057,322.1
track_1133071,83.1
track_0491056,190.5
track_1319999,173.3
track_1366003,42.6
track_1079297,246.0
track_1164983,168.1
track_1207899,94.5
track_0673573,234.9
track_1157324,187.7
track_0806977,276.4
track_0078728,317.3
track_1412813,161.8
track_1084481,185.0
track_1012594,230.7
track_1176229,286.1
track_1203320,271.2
track_0827272,163.9
track_1269115,243.9
track_0956545,385.5
track_1330452,230.0
track_1362247,294.7
track_1135189,191.7
track_1131574,270.3
track_0773681,204.2
track_1291477,37.5
track_1243719,136.6
track_1379936,390.0
track_1317900,222.9
track_0026232,205.5
track_1089159,328.3
track_0542411,342.2
track_0571474,149.6
track_1185783,111.9
track_1271442,216.4
track_0131569,243.0
track_1414159,416.3
track_1136881,191.5
track_1404303,100.3
track_1157598,188.4
track_1248260,186.5
track_1143941,262.3
track_0647520,183.5
track_0889218,326.4
track_0977189,226.0
track_1247308,307.2
track_0906585,321.0
track_1179726,252.4
track_1029329,262.5
track_1130018,272.8
track_1315246,384.0
track_0953637,114.7
track_0005087,109.1
track_1168553,219.5
track_1310243,234.8
track_0041971,131.3
track_1227102,185.2
track_1267347,264.2
track_1234358,192.0
track_1321087,47.4
track_0784880,380.3
track_0901204,186.8
track_1349480,173.6
track_0713736,72.5
track_0151066,99.5
track_0883574,136.9
track_1379953,461.0
track_1072432,277.8
track_0780393,282.1
track_1250953,141.6
track_1329969,213.6
track_0345905,230.0
track_1372085,117.5
track_0080752,121.3
track_1033095,158.5
track_1329937,263.0
track_1320018,217.8
track_1036109,360.0
track_1217221,212.0
track_1216106,294.5
track_1379950,352.8
track_1365928,189.7
track_1138580,219.7
track_0245935,230.5
track_1201671,238.7
track_0347879,229.2
track_1250219,48.0
track_1129049,238.2
track_1087768,459.3
track_0150959,119.5
track_0066943,127.6
track_0416407,310.3
track_1203439,369.8
track_1381342,217.0
track_1047236,174.1
track_1166111,174.8
track_1046641,217.4
track_1136876,154.5
track_1370323,236.4
track_1118538,276.3
track_1418668,135.1
track_1087887,310.9
track_0731399,321.8
track_0343780,358.9
track_1089257,384.8
track_0983610,215.0
track_0711274,152.5
track_0936354,306.5
track_1074314,90.7
track_1322996,181.4
track_1117494,100.6
track_1220580,173.7
track_1335981,238.3
track_1149469,160.4
track_1405572,192.1
track_1231039,231.8
track_0981913,70.5
track_0024321,46.8
track_1373316,202.9
track_1104259,379.7
track_1069802,284.4
track_1116406,90.0
track_1314626,298.3
track_0986589,223.3
track_1326538,369.5
track_0480539,131.6
track_1270234,153.8
track_1169081,227.1
track_0188695,227.7
track_1235603,158.4
track_1399473,66.0
track_1310215,228.0
track_1137267,134.0
track_1169581,456.7
track_1112434,265.0
track_1194763,235.3
track_1205170,360.0
track_1333038,303.0
track_0785621,202.0
track_0368174,202.1
track_1171562,219.7
track_0986802,296.5
track_1023276,157.6
track_0914770,260.1
track_0476726,298.2
track_1194827,110.0
track_0078734,183.1
track_1353819,126.9
track_1138696,297.4
track_1133341,284.5
track_0401851,166.3
track_0048723,249.5
track_0897989,197.1
track_1244714,345.2
track_1147275,226.2
track_1256020,222.9
track_1310775,283.0
track_1320024,170.7
track_1395100,311.1
track_0015163,233.0
track_1243725,240.6
track_1406626,213.3
track_0751967,147.4
track_0956215,302.1
track_0417223,126.7
track_0890578,360.2
track_0078307,235.5
track_0259897,177.2
track_0790447,188.3
track_0632929,274.2
track_1171475,207.1
track_1115079,153.3
track_1063129,125.2
track_0066953,126.5
track_1111546,474.0
track_1417844,265.3
track_1241538,185.2
track_0188265,164.0
track_1248619,114.2
track_0081800,336.5
track_0025223,114.6
track_1066901,244.3
track_0989712,140.0
track_1374716,111.3
track_1255091,103.6
track_1110497,156.0
track_1075190,93.9
track_1078443,319.0
track_1018538,180.4
track_0209102,227.3
track_1095022,221.2
track_0784882,286.9
track_1075198,123.2
track_1386809,349.2
track_0166334,244.5
track_0989849,48.6
track_1217501,178.8
track_0359656,474.5
track_1078428,627.6
track_0011842,91.9
track_1316649,192.0
track_0147385,240.3
track_0758012,336.6
track_0677106,373.7
track_1133347,278.4
track_1400606,98.0
track_1148782,125.4
track_1093050,93.6
track_1043812,224.1
track_1159616,174.3
track_0206067,132.0
track_1158969,300.3
track_1165470,202.1
track_0934753,110.7
track_1087769,595.6
track_1189656,190.5
track_1369725,448.1
track_0785618,202.0
track_1078362,207.6
track_1090923,116.6
track_1027877,251.3
track_0448683,262.9
track_1193402,561.6
track_0357144,213.4
track_1166931,359.7
track_1132967,309.2
track_1269805,215.0
track_0046570,113.0
track_0155931,341.7
track_1223081,136.4
track_1116408,90.0
track_0976870,270.6
track_1080221,245.0
track_0989072,169.5
track_1345292,46.2
track_1399775,265.8
track_1114716,234.8
track_0155905,399.6
track_1289009,307.1
track_1075194,154.7
track_1033124,398.9
track_1126029,313.8
track_1393085,30.1
track_1231996,182.9
track_0028193,293.7
track_0938363,108.0
track_0822298,223.6
track_1386750,260.0
track_1157594,229.5
track_1240414,800.0
track_0983611,210.6
track_1134040,169.6
track_1324910,158.0
track_1053401,190.2
track_1155231,209.9
track_0019191,344.0
track_1418663,141.2
track_1265326,252.8
track_1119549,247.8
track_0981912,460.0
track_1308472,199.2
track_0878745,175.8
track_1418656,154.9
track_1177880,220.1
track_0897308,214.8
track_1413874,246.9
track_1159739,204.5
track_0862834,367.5
track_1352260,315.6
track_1398910,156.0
track_1129801,455.3
track_0647534,170.5
track_1369693,336.0
track_1218923,203.4
track_1164349,104.8
track_0034856,281.1
track_0962726,164.7
track_1066894,325.2
track_1053397,286.5
track_0667866,180.7
track_1164203,115.2
track_1419629,181.4
track_1028901,131.6
track_1420940,188.7
track_1174467,237.0
track_0128834,311.6
track_1222851,146.7
track_0938330,144.5
track_0425768,315.7
track_0891603,141.2
track_1075177,121.6
track_0987275,250.8
track_1362286,62.0
track_1107272,252.8
track_1374309,156.0
track_0875312,200.0
track_0768508,280.4
track_1101580,234.5
track_0259896,505.3
track_0974582,231.6
track_0946943,296.3
track_1159747,261.6
track_1077050,244.1
track_1083305,73.4
track_1223943,100.3
track_0993560,308.3
track_1085730,106.3
track_0996970,124.9
track_1274167,45.1
track_1158983,71.2
track_1134035,128.4
track_0147714,151.1
track_0785634,292.0
track_1077729,285.4
track_0533186,411.8
track_1217823,221.2
track_1408513,273.9
track_1243733,240.6
track_0017958,100.0
track_0659893,144.5
track_1217502,201.1
track_1083519,164.7
track_0964536,263.1
track_1064070,90.0
track_0163182,87.8
track_0040344,149.1
track_1288350,319.8
track_0715781,183.0
track_1133360,1230.6
track_0166336,286.1
track_0572382,230.0
track_0031982,172.8
track_0679796,133.5
track_1353820,187.5
track_0711270,153.1
track_1225957,248.3
track_0048719,288.0
track_1272454,301.5
track_1370319,197.2
track_1227104,205.1
track_1379925,256.2
track_1329940,148.0
track_0031431,198.4
track_0031435,203.2
track_1106982,222.0
track_1373036,498.6
track_1245185,340.4
track_0764950,211.1
track_1067694,170.3
track_0683797,202.2
track_0873557,205.3
track_1131493,483.7
track_0752758,148.0
track_1374298,118.0
track_0364090,152.7
track_0414051,117.4
track_0151070,121.8
track_1165527,31.3
track_0368770,158.4
track_1330503,306.0
track_1222625,215.5
track_1129997,286.6
track_0392588,283.7
track_0146589,266.2
track_0736786,232.8
track_1417902,196.7
track_0989873,203.9
track_1159745,186.1
track_1371863,187.0
track_0884407,228.0
track_1214388,353.5
track_1163208,171.0
track_1393403,270.0
track_1061177,257.6
track_0743964,252.4
track_0414119,148.6
track_0953635,134.0
track_1156576,287.2
track_0405919,278.5
track_1350761,252.8
track_1287056,161.0
track_0205077,226.1
track_0785635,164.0
track_0192236,87.5
track_1037054,153.1
track_0470750,154.0
track_0362500,318.6
track_1397804,104.0
track_1216214,193.6
track_1017998,391.2
track_1309755,362.6
track_0647535,158.5
track_1380654,235.2
track_1240415,68.0
track_1077038,215.6
track_1187420,109.8
track_0858542,191.1
track_0839519,136.6
track_1277829,151.1
track_0950825,211.3
track_0400867,205.7
track_1111538,298.5
track_1369650,512.2
track_1075172,133.2
track_0991748,237.0
track_1234415,171.5
track_0034854,198.3
track_1046840,278.1
track_1156015,230.0
track_1151199,321.9
track_1134436,106.6
track_1330890,116.7
track_1162354,224.0
track_1038120,199.1
track_1023325,136.0
track_0709422,90.0
track_1377412,325.9
track_0556354,157.1
track_1164981,296.9
track_1012598,166.2
track_0356426,170.2
track_1029335,268.0
track_0409025,96.5
track_1046434,417.9
track_0944145,78.2
track_1311818,129.0
track_1344145,246.9
track_1115533,326.3
track_0368745,248.1
track_0460301,313.1
track_1075207,100.7
track_0031434,236.3
track_1384753,394.0
track_1419650,258.8
track_1109868,81.7
track_1078430,441.5
track_1000082,126.5
track_1157600,197.0
track_1128211,297.5
track_1077041,230.6
track_0957938,208.0
track_1164993,266.7
track_1248247,194.0
track_1048681,189.3
track_0466208,158.5
track_1354685,325.2
track_0121140,260.0
track_1288117,280.8
track_1189649,167.2
track_1320635,320.4
track_0073120,228.1
track_0579640,194.5
track_1260048,260.6
track_1094445,202.9
track_1096078,142.9
track_0874889,256.9
track_1119436,30.0
track_0897321,163.5
track_0149625,203.3
track_0139602,302.5
track_0962587,147.0
track_1107680,211.1
track_0802179,231.8
track_1165407,327.5
track_0903605,134.5
track_1402705,513.8
track_1163970,209.8
track_1380680,416.4
track_1371293,499.0
track_1231041,193.6
track_0891614,123.1
track_1355463,224.1
track_0603757,204.7
track_1162018,229.9
track_1028798,110.7
track_1356512,339.4
track_1331482,173.8
track_1397347,265.4
track_0659891,111.5
track_1094055,125.0
track_1267131,134.4
track_0976783,222.5
track_1272514,203.1
track_1100200,54.7
track_1132713,186.0
track_1210147,311.1
track_0417582,119.8
track_1086774,254.5
track_1068821,218.4
track_0209073,307.7
track_1072570,838.0
track_1397736,229.5
track_0015655,420.8
track_1339697,194.5
track_0771294,134.1
track_1219698,239.9
track_1194757,300.3
track_1287490,138.6
track_0771290,162.0
track_0875752,389.4
track_0450992,122.6
track_1273390,251.5
track_1177889,187.2
track_1296151,406.9
track_1113649,192.1
track_1303225,203.8
track_0921506,260.9
track_1146587,67.9
track_1166104,203.0
track_1130998,277.9
track_1208040,269.0
track_1264089,247.6
track_1152622,102.0
track_1284528,227.5
track_1275425,222.1
track_1166943,192.1
track_1289369,546.0
track_1399631,219.1
track_0900510,216.6
track_1210790,174.6
track_0284926,349.4
track_1055323,198.8
track_1190841,245.7
track_1156435,206.2
track_1087795,506.4
track_1049746,236.9
track_0564206,204.0
track_1109863,81.7
track_1290698,165.5
track_0149296,201.0
track_0078726,246.3
track_1234423,148.7
track_0084183,314.6
track_0846412,275.3
track_1231036,197.8
track_1360754,261.7
track_1159615,180.4
track_1136877,151.0
track_1393489,240.1
track_0151089,141.3
track_1110767,187.5
track_1075209,112.1
track_0647540,158.0
track_1203752,298.7
track_0789658,260.8
track_0512153,138.6
track_0997872,82.1
track_1251038,192.1
track_1027924,165.0
track_1242277,272.1
track_1254621,221.4
track_0015664,396.4
track_1023474,151.5
track_0934870,227.5
track_0282557,194.0
track_0167298,43.4
track_1136527,242.8
track_1087536,224.3
track_0802275,87.6
track_0073158,136.7
track_0081266,136.5
track_0618817,214.1
track_1136874,150.0
track_1177439,261.5
track_1234987,465.0
track_1147339,172.2
track_0151082,73.8
track_1270018,354.8
track_0084197,221.1
track_1289129,74.8
track_0349112,260.0
track_0965594,287.5
track_0939242,222.0
track_1278239,272.0
track_1350756,255.0
track_1028804,107.4
track_0968979,270.8
track_1326735,277.8
track_1348042,68.9
track_0084020,286.7
track_0897997,143.3
track_1348733,228.4
track_1138825,118.6
track_0111043,282.6
track_1159953,182.0
track_1251476,76.3
track_1248277,195.1
track_0259855,173.5
track_1075197,127.2
track_1320571,239.6
track_1342575,97.8
track_0257173,118.4
track_0259686,150.8
track_0653707,186.0
track_0307555,254.7
track_0764570,165.0
track_1372063,123.2
track_0908094,255.6
track_0858544,210.1
track_1169724,133.4
track_1133346,288.8
track_0364088,179.1
track_1286536,60.0
track_1369649,320.3
track_1125685,92.6
track_1166713,332.3
track_1199050,129.7
track_1293998,219.3
track_1210242,296.9
track_0647541,112.0
track_0081206,247.4
track_0991990,154.8
track_1170528,441.8
track_0864173,804.5
track_1113882,257.1
track_1040987,229.2
track_0802183,240.5
track_1130010,268.9
track_0625207,244.4
track_0514000,221.7
track_0297870,1197.4
track_1364942,92.1
track_0897987,146.1
track_1117540,189.9
track_1269903,49.2
track_1364932,91.3
track_1097626,274.7
track_0076974,155.7
track_0890610,568.7
track_0709629,96.1
track_0133657,172.4
track_1053495,283.0
track_1049739,242.7
track_1029330,302.1
track_0998389,338.0
track_0556376,174.7
track_0356418,90.2
track_0921512,215.8
track_0798200,58.1
track_1098669,115.2
track_1159659,118.2
track_0683807,206.1
track_1075166,154.0
track_0711255,164.5
track_1246832,180.0
track_1379951,366.4
track_0011751,279.0
track_0938053,269.0
track_0192895,148.0
track_1109856,136.7
track_1186547,173.4
track_0196223,198.7
track_0259417,249.5
track_1161763,270.0
track_1129981,275.9
track_1296929,201.3
track_1109867,197.7
track_1041562,194.5
track_0271878,351.9
track_0830870,220.2
track_1156967,152.0
track_1345276,717.8
track_1112010,59.8
track_1406724,180.8
track_0897992,138.5
track_0785628,256.0
track_1165906,334.0
track_1241455,228.0
track_1052149,215.9
track_0387038,202.9
track_1376072,213.1
track_0205088,125.7
track_1034298,200.0
track_0986592,125.0
track_1163968,323.4
track_1414123,384.1
track_1168782,213.0
track_1349189,63.5
track_1028801,104.4
track_1082913,363.2
track_1029949,426.4
track_1188978,271.9
track_1125688,56.0
track_1085600,190.7
track_0986873,403.3
track_0659889,164.0
track_1390995,166.8
track_1130994,315.2
track_1207619,325.7
track_1111837,330.7
track_1113990,276.1
track_1023482,115.7
track_1063872,150.2
track_0907360,188.0
track_0862194,130.8
track_0287429,198.2
track_1064763,294.6
track_1163969,273.8
track_1032797,54.8
track_0636317,100.4
track_0133517,166.3
track_1041707,350.1
track_0553248,207.4
track_0205091,122.5
track_0246923,320.4
track_1243734,170.9
track_0081804,236.3
track_1075211,200.3
track_0709627,182.9
track_0924960,114.1
track_0028191,119.7
track_0470757,157.5
track_1165505,75.7
track_0242738,215.5
track_0891601,169.5
track_1355271,222.4
track_1268044,104.0
track_1398419,213.4
track_1183079,300.0
track_1209624,40.0
track_0459308,220.0
track_0711273,146.5
track_0922856,212.3
track_0848845,138.4
track_0941159,196.1
track_1302077,170.7
track_0858547,255.0
track_0565802,141.0
track_1164345,107.1
track_1225192,178.8
track_1376068,383.6
track_0284169,58.6
track_1049833,216.9
track_0230903,223.2
track_1117568,120.1
track_0206006,182.0
track_1165297,180.5
track_0287788,323.3
track_0810897,254.0
track_1399518,157.4
track_1243739,289.7
track_1328470,60.2
track_0353349,328.6
track_1373457,252.6
track_1294886,174.3
track_0417215,198.5
track_1093297,159.5
track_1231044,165.2
track_1162100,75.2
track_0139617,263.6
track_1386497,248.0
track_1148177,178.1
track_1102227,234.0
track_1029326,296.5
track_1309759,281.4
track_1300046,234.2
track_0015662,226.2
track_1372078,153.0
track_1373038,404.2
track_0025241,114.1
track_0302312,147.7
track_1276897,225.0
track_1270577,218.2
track_1129656,378.5
track_1053399,280.5
track_1340366,672.0
track_0731423,206.0
track_1300039,168.0
track_1144133,119.5
track_0891608,216.6
track_1087755,514.1
track_1166155,139.0
track_0897990,123.5
track_1195884,149.4
track_1211529,245.1
track_1228855,286.6
track_1147338,161.7
track_1149221,82.3
track_1149229,71.2
track_1187322,141.0
track_0215561,202.8
track_1277848,84.1
track_1073708,84.3
track_1098681,221.4
track_1284681,219.4
track_1345057,413.8
track_0263591,97.4
track_0986590,256.7
track_1096813,339.4
track_0510383,198.8
track_1342576,34.1
track_1169062,219.0
track_1414176,293.9
track_0773682,267.7
track_0799915,196.2
track_1084816,224.6
track_1068670,298.2
track_0400859,297.6
track_1154250,79.7
track_1415107,127.8
track_1340797,271.8
track_1316756,138.8
track_1405086,109.5
track_0017494,136.4
track_1169207,250.8
track_1345286,50.4
track_1277897,224.5
track_1227101,227.3
track_0991717,105.5
track_1115636,78.5
track_1267132,202.4
track_0202186,331.7
track_1067699,250.8
track_0018865,250.0
track_0151141,137.2
track_1264197,127.7
track_0986860,207.8
track_1186162,217.1
track_0352691,167.6
track_1339230,196.6
track_1098401,428.4
track_1107251,228.6
track_0387422,32.0
track_1398420,216.0
track_1375203,179.3
track_1414965,188.9
track_1012592,198.9
track_0347638,303.5
track_0565795,141.5
track_0151019,128.8
track_1398413,204.7
track_1027899,122.5
track_0275863,751.5
track_0897320,225.2
track_1186993,164.6
track_0810895,221.0
track_0608912,207.6
track_1182881,302.8
track_1096088,108.3
track_1030099,268.1
track_0646647,228.0
track_1162379,196.0
track_1065623,164.7
track_1416232,229.3
track_0962591,135.4
track_0784879,168.8
track_0607862,243.9
track_0891609,166.0
track_1372502,313.0
track_1221307,180.1
track_0752115,218.5
track_0246452,228.7
track_1148259,286.2
track_0565803,165.0
track_1074904,109.1
track_1202189,99.1
track_0361003,332.8
track_0802279,125.4
track_1388865,160.6
track_0026228,223.4
track_0517483,88.0
track_0076977,177.3
track_1253423,167.7
track_1064329,257.3
track_0941154,297.9
track_1419495,113.1
track_1168808,236.9
track_0166577,126.3
track_1165530,88.9
track_1075187,105.2
track_1201476,202.7
track_0976784,140.5
track_1117572,61.1
track_1067257,314.9
track_1170737,253.9
track_0957461,128.1
track_0134799,258.8
track_1167578,233.7
track_0126063,244.1
track_0011773,122.6
track_0119404,227.4
track_1371097,178.2
track_0166592,253.6
track_1222011,179.3
track_1416533,172.7
track_0802295,291.1
track_1244713,528.7
track_0579644,175.3
track_1160114,173.4
track_0718301,152.5
track_0704690,240.9
track_0362253,170.8
track_1066893,317.6
track_0368742,266.4
track_1326800,315.1
track_1119020,290.8
track_1067290,222.4
track_1117565,121.1
track_1201480,307.7
track_1143218,140.0
track_1110512,47.6
track_1181303,170.8
track_0272986,57.2
track_1414154,416.2
track_1205065,216.0
track_0533166,152.0
track_1122016,153.0
track_1001312,281.3
track_1169840,729.7
track_1084190,191.1
track_1111827,430.9
track_0293162,273.1
track_0341608,199.1
track_1369696,445.9
track_1327796,227.0
track_0946948,240.0
track_1370863,125.8
track_1269562,184.2
track_1171564,167.2
track_0996966,334.6
track_1407842,255.9
track_1137242,160.4
track_1009600,93.7
track_1033183,426.7
track_0243702,301.9
track_1009065,244.3
track_1300020,234.7
track_1126693,638.9
track_0025225,86.2
track_0419879,105.0
track_1111980,123.6
track_0078733,268.5
track_1273057,148.5
track_1065624,115.3
track_1366167,225.4
track_1106792,204.1
track_0957939,233.2
track_1026349,148.9
track_1380655,567.6
track_1293737,261.9
track_1248620,184.7
track_0659886,162.5
track_1021755,167.3
track_0271875,39.4
track_1125824,233.6
track_1315934,217.2
track_1313338,180.0
track_1034277,259.6
track_0162038,214.2
track_0157676,225.5
track_1057806,38.5
track_1132793,184.4
track_1289133,212.6
track_1400608,107.1
track_1417342,49.9
track_1086259,707.2
track_0949223,203.5
track_0352684,163.6
track_0711253,153.5
track_1064323,140.1
track_1028800,206.0
track_1307834,242.4
track_0811117,75.6
track_1110523,76.4
track_0915277,100.0
track_0556375,163.0
track_1369647,304.0
track_1105661,169.1
track_0081215,211.2
track_1163324,269.1
track_1127154,263.1
track_1149237,54.9
track_1414155,423.8
track_1127377,204.4
track_0919478,254.5
track_1085243,122.0
track_1034453,270.1
track_1297801,705.9
track_1129034,129.0
track_1376054,147.2
track_0046039,221.9
track_1199053,134.9
track_0244237,424.0
track_1194765,277.0
track_1159947,220.0
track_1165513,121.4
track_1345307,66.6
track_1124968,167.2
track_0048724,217.6
track_1089277,434.4
track_1380595,118.9
track_1250198,48.0
track_1134642,100.3
track_0088562,97.7
track_1248275,76.2
track_1324671,252.9
track_0087488,39.0
track_1309756,237.1
track_1001895,513.2
track_1032331,208.2
track_1370158,175.8
track_1264192,169.3
track_1369953,288.1
track_1064041,90.0
track_1335393,168.0
track_0074750,320.1
track_1203431,205.2
track_1098682,72.9
track_0755593,197.4
track_1072573,924.3
track_1320006,118.7
track_1290965,97.7
track_0940730,216.0
track_1068245,241.2
track_0086244,321.3
track_1193203,149.4
track_0880666,208.2
track_0835996,224.7
track_1171075,431.7
track_0996961,212.6
track_0537761,449.8
track_0136839,79.4
track_1156055,238.1
track_1023270,58.3
track_0014017,207.4
track_1177893,189.4
track_0449861,96.2
track_0151122,201.5
track_1060667,275.0
track_1321059,229.4
track_0376422,172.5
track_0703933,231.8
track_1122560,443.6
track_0982384,67.0
track_0571477,196.0
track_0026222,148.1
track_1319240,242.9
track_1368385,352.1
track_1065631,138.7
track_1264971,189.2
track_1124480,374.1
track_0031429,222.2
track_0438316,64.4
track_1299806,150.0
track_1198189,291.3
track_1367769,117.5
track_0014019,154.5
track_1057258,345.1
track_1277825,42.9
track_1128846,298.6
track_1360553,97.0
track_0081809,328.9
track_1133268,109.0
track_1395500,347.6
track_1203780,452.2
track_1268057,87.0
track_0482267,115.9
track_0585151,180.0
track_0785629,232.0
track_1015044,278.8
track_0973382,266.2
track_1053492,228.0
track_1201478,232.6
track_0948722,122.0
track_1088079,208.7
track_1374691,171.6
track_1054347,286.5
track_0553255,257.9
track_0080804,67.9
track_1136905,281.0
track_0280162,151.8
track_1071407,246.0
track_0962061,247.3
track_0425765,187.3
track_1078783,181.8
track_1028802,113.2
track_1078822,200.6
track_1336344,292.0
track_0302304,192.7
track_1112052,80.6
track_1341272,122.3
track_1069080,183.2
track_0150965,146.4
track_1211484,171.8
track_1320630,160.2
track_1134581,230.3
track_1061374,107.4
track_0005090,163.3
track_1379854,461.9
track_1274711,407.6
track_1070598,194.9
track_1397782,138.0
track_1076578,225.6
track_0602715,221.8
track_1348664,223.0
track_0873548,244.6
track_1369724,304.1
track_1369044,274.1
track_0594265,248.7
track_0891599,127.3
track_1244951,192.0
track_1041354,140.7
track_0202179,191.7
track_0014018,155.8
track_1163965,163.2
track_1320015,148.1
track_0941160,217.6
track_1320031,190.1
track_1358844,90.9
track_0011756,509.4
track_0967566,78.6
track_0867662,257.5
track_1075186,144.7
track_1088089,594.6
track_1096877,465.6
track_0347852,199.1
track_0286107,608.0
track_1078446,358.8
track_0579646,119.0
track_1235361,171.6
track_1227372,311.0
track_1141670,186.9
track_1274153,34.4
track_1168169,262.9
track_0080764,96.6
track_1192421,192.5
track_1249927,175.5
track_0264446,104.5
track_0711262,115.5
track_0811658,259.2
track_1171725,214.0
track_1397150,220.8
track_1146533,187.2
track_1206165,434.5
track_0659888,154.5
track_1221848,203.2
track_0704685,310.5
track_1165743,322.6
track_0571488,171.5
track_1112009,81.0
track_1054257,504.1
track_1244950,223.1
track_0146587,322.4
track_0606114,252.1
track_1046568,116.3
track_0202177,200.1
track_1367655,204.0
track_0786778,299.2
track_1374946,319.8
track_0647525,243.5
track_0352930,183.1
track_1380601,165.0
track_1207616,209.6
track_0565799,142.2
track_1109897,131.4
track_0417576,145.8
track_1124871,353.8
track_0918875,206.7
track_0976792,210.3
track_0149489,91.9
track_0318670,252.7
track_1158020,213.2
track_1230632,181.5
track_1206777,260.5
track_0962583,179.2
track_0521030,203.8
track_1158503,146.6
track_0585147,170.5
track_1407885,233.2
track_0150944,80.5
track_1114714,262.0
track_1396930,220.1
track_0950797,299.9
track_0243734,205.5
track_1130995,245.3
track_0855408,354.0
track_1170408,94.5
track_1379191,146.7
track_0957458,305.0
track_1275145,231.9
track_1062887,309.9
track_0236416,277.2
track_1253431,436.7
track_1227103,189.5
track_0918917,148.0
track_1154733,213.5
track_0802282,184.5
track_1133483,327.2
track_1225866,249.7
track_1265324,253.9
track_1167696,231.8
track_1231035,258.2
track_1289085,210.1
track_0117549,312.0
track_1115916,276.0
track_1248270,108.0
track_1009673,169.0
track_1339670,264.3
track_1189963,212.0
track_1309358,433.7
track_1329188,243.4
track_1167079,168.9
track_1203425,144.0
track_1324674,408.0
track_1322172,178.2
track_1109859,185.2
track_1199048,139.7
track_0417581,124.6
track_1159743,362.4
track_0383589,56.3
track_1070645,151.8
track_1092180,304.5
track_0941957,185.2
track_1057411,216.9
track_0459184,280.6
track_0675853,292.8
track_1379486,46.4
track_1096796,279.0
track_1302604,588.0
track_0210606,179.7
track_1125575,221.6
track_1083409,242.9
track_1155992,308.1
track_0022550,87.7
track_0986869,436.9
track_0553090,232.4
track_0890978,199.7
track_1149535,303.7
track_1106379,147.7
track_1148776,154.5
track_1272786,208.1
track_1100508,177.8
track_0113857,123.4
track_1279781,294.9
track_1372870,160.1
track_0675841,212.7
track_1165474,202.7
track_1162017,221.7
track_0947022,100.1
track_0949032,231.4
track_1082918,179.4
track_0957931,232.0
track_1137259,75.0
track_1174465,273.9
track_1265323,388.9
track_1419783,248.1
track_0139624,200.6
track_0638279,126.7
track_1355018,121.8
track_1373035,848.0
track_1138684,368.9
track_1084676,166.9
track_1375206,119.1
track_1054122,322.7
track_0741682,232.6
track_0359658,69.6
track_1236870,149.0
track_1329475,142.0
track_0114773,334.1
track_1208346,75.0
track_1076568,114.1
track_0147713,132.4
track_0395473,432.0
track_0347841,196.9
track_1050084,179.0
track_0345143,136.3
track_0510377,238.3
track_0026233,111.3
track_0976814,108.9
track_1061369,161.5
track_1261463,207.9
track_1164478,119.0
track_1401344,195.8
track_0890485,410.1
track_1156975,209.0
track_1075212,99.1
track_1381589,241.6
track_0297689,166.0
track_1060322,298.1
track_0575226,107.5
track_1061367,284.0
track_1221525,280.8
track_1265912,249.5
track_1131558,240.1
track_1326533,304.4
track_0936357,239.3
track_1164987,178.5
track_0083425,57.5
track_1163316,292.0
track_0934046,248.7
track_1076581,116.2
track_0242640,128.5
track_1129382,209.9
track_0259683,126.4
track_0057860,518.0
track_1071502,168.0
track_0048721,171.0
track_0618451,151.5
track_1156039,262.0
track_1227375,277.5
track_1133344,251.3
track_1248604,202.7
track_0209149,128.2
track_0321554,163.7
track_0996963,216.2
track_1095730,183.1
track_0347557,265.4
track_1222852,145.2
track_1100053,256.1
track_1225735,234.4
track_1364933,71.5
track_1075215,60.7
track_0893402,70.0
track_0046538,145.9
track_1189956,130.0
track_0259834,123.5
track_1168546,300.5
track_1165529,145.4
track_0151020,103.3
track_1056125,337.6
track_1126695,328.9
track_1235165,192.7
track_1335980,315.3
track_1221262,209.5
track_0571487,130.0
track_1216209,262.0
track_0873819,236.3
track_1089822,216.5
track_1018532,207.6
track_1320634,252.2
track_1106462,392.0
track_1277910,440.1
track_0133515,200.9
track_1330384,200.0
track_1133285,147.6
track_1105057,212.1
track_0950015,340.2
track_1154903,180.0
track_1087539,195.4
track_1289131,341.3
track_1319994,163.8
track_1326473,386.0
track_1192553,398.0
track_1132971,256.6
track_1101382,64.0
track_1331835,340.0
track_0719848,167.2
track_1264979,143.6
track_1102229,200.9
track_1163964,210.8
track_0943391,186.0
track_0356423,264.8
track_1295767,275.6
track_1160055,262.0
track_1057804,33.6
track_1351135,231.0
track_1248263,208.8
track_0363853,193.8
track_0698666,148.8
track_1163205,180.0
track_1206771,241.5
track_1039569,225.1
track_1320000,138.8
track_0783503,154.3
track_1201676,277.5
track_1270581,262.0
track_0356931,175.9
track_1129452,608.9
track_0644846,185.8
track_0914773,232.8
track_1348160,342.5
track_1169939,180.0
track_1189648,225.7
track_0383578,60.1
track_1248613,152.8
track_1173259,197.5
track_1089165,214.4
track_1125673,92.4
track_1079317,367.6
track_1057728,218.0
track_0205089,46.4
track_1398421,227.1
track_0038756,175.0
track_1085618,107.4
track_0326493,149.5
track_1052677,191.9
track_1097025,332.7
track_1210707,245.7
track_0080822,170.0
track_1053491,337.5
track_0847339,254.6
track_0080758,89.3
track_1330504,34.1
track_1330298,254.0
track_1101582,119.7
track_0819163,168.1
track_1156028,251.7
track_0571479,215.5
track_0151087,85.7
track_1331789,235.0
track_1389037,245.5
track_1185320,144.0
track_0084125,315.4
track_1066197,304.0
track_1352970,45.0
track_0802175,216.2
track_1153115,53.5
track_0943385,115.4
track_1380660,299.0
track_1115536,260.9
track_1157595,187.4
track_1039114,292.0
track_0647536,147.5
track_1127561,194.4
track_0936441,68.7
track_1209642,36.0
track_1105663,230.6
track_1234356,292.6
track_1084817,274.4
track_0693471,279.4
track_1126031,233.2
track_0026224,72.6
track_1234245,193.8
track_0088557,104.5
track_0659901,183.5
track_1269095,218.7
track_1119023,215.4
track_1030102,358.0
track_0353494,283.6
track_1340367,468.0
track_1353362,185.4
track_1054098,348.0
track_1137411,126.0
track_0780391,266.4
track_0461016,128.0
track_1121433,398.7
track_0888494,1594.7
track_0150767,352.4
track_1162744,161.3
track_1265309,333.6
track_1135390,160.1
track_1321064,280.0
track_1098671,120.0
track_1109869,73.6
track_1038159,322.2
track_1069825,259.2
track_1288562,198.1
track_0019202,310.9
track_1127782,205.4
track_0272923,98.2
track_1041557,221.8
track_0867445,438.9
track_1102240,352.2
track_1248257,168.0
track_1101579,255.5
track_1129160,200.9
track_1014399,173.1
track_1147704,207.9
track_1076562,111.8
track_1324988,202.1
track_0846450,249.7
track_0811128,152.2
track_1202875,152.0
track_1029956,338.1
track_1250210,54.0
track_0106224,223.0
track_0844331,199.3
track_1392653,259.1
track_1057412,216.9
track_1395032,239.2
track_1313454,383.5
track_0915293,61.0
track_0464042,223.4
track_1243726,131.0
track_1147082,166.4
track_1149539,263.5
track_1171149,538.9
track_1056506,359.8
track_1036705,256.9
track_1396500,210.3
track_1316646,180.0
track_0150945,152.8
track_1168166,243.7
track_0585150,85.6
track_0464020,97.7
track_1098670,128.6
track_1084196,94.0
track_0915295,139.8
track_1402233,180.6
track_1366160,228.1
track_1028904,164.3
track_1086429,207.7
track_0373300,284.0
track_1210145,311.1
track_1264198,141.4
track_1242270,242.3
track_0502325,163.9
track_1123202,289.9
track_1033185,105.4
track_1146205,537.8
track_1069871,227.0
track_1065620,216.6
track_1369727,367.4
track_1075210,94.6
track_1165503,127.2
track_1075199,106.5
track_1270994,182.4
track_1234444,193.8
track_1221588,108.8
track_0369462,372.5
track_1154338,131.0
track_1075181,105.8
track_0387501,218.0
track_0151100,42.1
track_0516745,122.4
track_1275609,158.5
track_0460242,295.0
track_1118534,168.2
track_0827276,186.1
track_1041558,181.0
track_1148778,99.0
track_1112028,45.5
track_1227555,127.9
track_1077727,210.3
track_0259362,173.6
track_1133073,82.7
track_1320016,155.3
track_0783227,102.5
track_1330451,169.0
track_1369065,144.6
track_1393399,270.0
track_0205090,112.5
track_0726601,217.1
track_1133180,300.1
track_1023322,84.1
track_1362587,242.1
track_0128852,216.0
track_1371592,211.0
track_1163229,62.0
track_0891905,344.3
track_0873553,243.3
track_1032332,305.5
track_1370865,102.0
track_1162363,232.0
track_1165475,197.5
track_1111979,69.0
track_1322166,240.1
track_0920493,207.9
track_1023087,130.0
track_1242264,283.0
track_1352263,287.7
track_1382260,262.0
track_0802287,106.3
track_0856980,400.0
track_1041556,233.8
track_1408398,213.8
track_1063326,224.0
track_0801678,331.9
track_1186443,221.0
track_1121188,233.2
track_0953634,128.8
track_1370162,152.3
track_1076450,221.9
track_0936358,253.0
track_1241405,211.4
track_0230860,198.6
track_0482274,92.0
track_0014016,245.7
track_0464040,169.1
track_1370144,139.2
track_1292389,256.8
track_1278317,289.0
track_1223074,127.9
track_1065962,181.2
track_0778561,808.1
track_0751971,156.7
track_1097129,430.3
track_1122009,186.8
track_1133264,358.2
track_1218783,201.6
track_0259836,367.1
track_1079391,228.3
track_1397147,244.0
track_1156009,266.8
track_1236643,384.0
track_1222007,173.9
track_0731428,255.3
track_0401849,163.9
track_0811663,219.0
track_1180087,227.3
track_0625209,366.7
track_1300049,278.4
track_1376048,224.5
track_1037050,140.0
track_1179408,194.0
track_0700216,287.8
track_0711259,143.0
track_1084682,221.9
track_0606117,256.5
track_0553249,242.7
track_1098471,262.0
track_1223700,236.0
track_0789887,250.4
track_0921951,193.8
track_1377971,146.1
track_1130033,249.3
track_0802285,194.1
track_0162031,246.9
track_1061466,161.7
track_1169719,271.2
track_0553254,196.4
track_0957946,113.8
track_1131490,447.0
track_0897312,247.9
track_0873811,241.7
track_0919934,418.3
track_1084681,231.0
track_0950037,342.4
track_0636014,279.5
track_0026230,198.1
track_1118536,156.6
track_1130597,308.7
track_1385318,145.8
track_0663860,146.0
track_0078729,207.5
track_1158981,88.7
track_1361145,182.0
track_0585156,181.6
track_1081258,155.5
track_1027900,271.8
track_1321062,49.1
track_1313334,148.0
track_1248609,111.9
track_1372284,169.6
track_1086644,391.2
track_0368179,167.1
track_1066662,332.6
track_1128046,99.1
track_1052560,202.7
track_1093295,352.1
track_1309754,228.0
track_1046570,132.0
track_1121432,226.0
track_1374703,171.6
track_1248272,226.3
track_1165502,165.3
track_1383721,250.6
track_1179111,428.0
track_1350850,108.9
track_1337388,161.2
track_0842756,407.6
track_0768428,171.8
track_1121406,266.8
track_0585152,145.0
track_0034858,264.8
track_1231350,163.6
track_0414117,322.6
track_0325374,149.6
track_0941161,229.4
track_0079759,140.0
track_1159699,182.0
track_1147362,363.6
track_0032618,209.0
track_1350755,253.1
track_1176230,286.1
track_0605518,390.0
track_1098675,150.4
track_1096951,208.2
track_1371564,169.9
track_1295454,65.4
track_0686753,183.8
track_1248279,270.0
track_1231993,83.9
track_1159157,103.2
track_1242779,135.9
track_0215566,186.5
track_0991710,115.2
track_1332741,365.0
track_1123276,480.0
track_1371495,272.1
track_1109857,70.5
track_1012591,244.4
track_0162033,284.5
track_1163207,107.7
track_0196255,199.9
track_1326818,239.2
track_1076603,289.8
track_0371282,266.9
track_1239740,225.1
track_1110263,286.4
track_1222935,328.0
track_1026881,208.4
track_0482391,234.5
track_1076391,152.1
track_0556383,144.6
track_1419382,258.7
track_1397806,114.9
track_1029546,222.8
track_0947790,188.5
track_1057817,163.5
track_1109614,397.2
track_1086828,193.8
track_1330200,207.4
track_0383572,92.6
track_0398853,262.4
track_1046642,172.6
track_0081815,226.9
track_1189914,168.6
track_1100425,90.7
track_0081179,79.8
track_0897310,232.0
track_1186430,243.9
track_1405570,152.8
track_0326513,119.8
track_0305536,215.3
track_1076887,210.1
track_1230995,234.0
track_1149217,70.6
track_1170731,155.7
track_0113815,316.1
track_0628412,287.9
track_1203894,262.6
track_0734439,249.1
track_1080094,244.5
track_1026873,165.9
track_1329978,315.6
track_0075180,122.3
track_0242857,262.1
track_1417888,61.1
track_1281212,160.1
track_0371273,227.3
track_1197333,147.5
track_1129345,336.0
track_1310110,330.1
track_0922584,157.6
track_1354125,200.4
track_0719854,191.0
track_1275458,273.4
track_0802321,253.0
track_1051172,206.9
track_0962588,195.1
track_1273896,146.2
track_1372082,117.5
track_1405044,280.4
track_1400603,114.2
track_1041676,224.7
track_0155955,242.5
track_1197332,150.5
track_1147843,549.9
track_0081037,60.8
track_1266579,328.0
track_1330456,220.6
track_0349960,48.2
track_1122014,223.9
track_1078435,134.4
track_0897317,240.1
track_1379399,224.6
track_1369043,299.3
track_0470746,148.7
track_0147666,186.4
track_0075179,215.2
track_0018233,241.7
track_1176151,218.9
track_0976780,152.0
track_1376087,247.3
track_1224354,331.0
track_1345303,73.9
track_1165779,470.4
track_1136576,241.1
track_1117460,407.8
track_1222626,256.9
track_0275244,204.5
track_1208952,838.1
track_1194594,252.3
track_0272851,148.7
track_0066946,146.8
track_1374155,193.1
track_1138826,118.6
track_1380667,240.1
track_1400796,380.8
track_1348114,101.4
track_1027968,468.8
track_0618455,174.0
track_0802288,117.9
track_1035354,198.1
track_1160141,314.7
track_0976787,221.4
track_1346211,349.6
track_1164991,223.9
track_0589414,66.9
track_1086035,248.0
track_0873561,242.9
track_1269807,259.3
track_1009064,347.7
track_0801443,294.0
track_1130017,350.7
track_1163237,256.5
track_1269101,140.2
track_0078311,186.2
track_1403727,444.0
track_1372087,267.8
track_1300044,110.0
track_1287556,720.6
track_1248262,110.2
track_0957934,159.0
track_1137202,533.8
track_1372076,153.0
track_1080218,287.0
track_1256025,83.7
track_1076451,341.6
track_1110775,96.5
track_1372767,142.6
track_1241542,210.2
track_0466210,169.1
track_0556353,139.0
track_1112334,60.0
track_1074678,306.5
track_0964537,172.3
track_1127147,275.8
track_1320028,158.1
track_1397814,138.5
track_1153113,358.2
track_0978811,272.0
track_0811661,224.0
track_0429055,215.0
track_1109852,99.1
track_0773685,232.0
track_0094760,196.9
track_1134859,177.8
track_0500415,213.9
track_1218920,193.8
track_1329944,151.6
track_1138778,274.1
track_1078449,473.8
track_1415223,45.8
track_1371899,150.0
track_1041559,252.5
track_0889264,218.3
track_1077777,208.0
track_1207612,334.7
track_1345987,205.7
track_0618457,189.0
track_1171018,172.5
track_1057733,237.0
track_0008562,357.8
track_0350870,102.0
track_0247649,315.5
track_1121428,147.1
track_1092251,170.8
track_1399790,274.6
track_1027876,303.8
track_1081181,214.3
track_1129316,168.5
track_0084189,155.8
track_1076570,109.5
track_1145351,298.5
track_1162942,108.7
track_0802324,151.3
track_1330386,144.0
track_1067689,247.9
track_0381098,238.6
track_1128212,253.8
track_1341107,277.6
track_1215950,237.2
track_1052161,264.1
track_1304480,258.5
track_1160224,220.6
track_0359663,130.0
track_0952918,270.4
track_1397812,147.0
track_0236347,282.6
track_1356241,117.4
track_1151197,180.9
track_1359472,203.6
track_0133521,195.4
track_0965304,97.3
track_0865676,201.9
track_0466209,188.6
track_1158632,252.2
track_0422558,180.5
track_0147664,152.6
track_0965316,276.6
track_0685845,303.5
track_1100510,221.4
track_0352694,94.0
track_0965451,255.1
track_0981229,210.7
track_0973993,239.8
track_0911615,120.0
track_0556377,195.3
track_1319991,156.3
track_1417804,154.0
track_1352161,367.3
track_1161431,130.4
track_1165522,32.6
track_0015162,281.1
track_0734456,349.9
track_0873822,231.8
track_1417337,50.2
track_1137233,194.8
track_1027607,245.9
track_1012005,131.9
track_0329682,76.7
track_0949609,149.7
track_0636016,199.2
track_1146585,348.8
track_0565794,142.0
track_1274435,172.5
track_1248622,153.4
track_1074702,287.0
track_0347534,328.0
track_1284739,216.6
track_0897983,144.5
track_0653702,237.8
track_0450991,126.9
track_0182038,157.2
track_1147081,277.9
track_1379123,218.5
track_0532253,284.0
track_0482263,161.5
track_1110106,252.0
track_1239110,327.4
track_0076661,94.0
track_0108592,329.4
track_0394415,130.6
track_0675874,458.2
track_0962721,147.8
track_1383149,298.0
track_1417802,229.6
track_1346112,326.8
track_1208347,292.8
track_0017492,176.5
track_0922858,170.6
track_1277893,220.9
track_1222348,294.8
track_1352257,283.7
track_0081038,187.0
track_1112051,76.5
track_1306402,202.1
track_1290444,171.2
track_0891053,261.6
track_0986872,322.1
track_1276486,101.1
track_0830893,203.6
track_1372278,192.1
track_1417886,169.5
track_1131489,139.7
track_0571485,185.1
track_1222008,140.6
track_1088385,286.6
track_1115632,47.1
track_1330508,32.8
track_1359486,203.6
track_0743963,140.7
track_0801484,256.8
track_0133520,195.1
track_1075193,90.9
track_1348660,192.0
track_0034853,145.7
track_1078425,274.8
track_1294440,264.0
track_0628411,216.6
track_0976819,151.0
track_1129459,318.0
track_0339196,72.0
track_1030279,311.7
track_1243727,152.8
track_1241410,510.0
track_1392651,257.4
track_0810889,404.1
track_1168523,301.0
track_1225293,179.7
track_1056611,305.3
track_1414670,281.0
track_1157325,201.2
track_1114718,367.4
track_1064517,176.7
track_1167922,228.4
track_0565800,197.5
track_1197340,137.7
track_1350759,179.6
track_0941156,216.0
track_0206014,108.0
track_0149487,179.4
track_1079385,244.8
track_0246737,398.7
track_0961258,64.1
track_1260047,312.1
track_1299808,150.0
track_0897311,136.5
track_1376056,224.3
track_1168499,195.8
track_1402706,426.2
track_1164985,356.4
track_1372192,135.4
track_0934047,303.9
track_1156032,240.0
track_0399401,326.0
track_1355395,230.0
track_1150489,226.1
track_1165498,79.4
track_0501674,246.0
track_1125822,157.0
track_0447147,220.8
track_0976817,111.3
track_1172447,170.6
track_0867665,208.8
track_1168541,282.7
track_0799819,234.0
track_1107277,213.1
track_1110764,195.8
track_0293156,354.4
track_1032702,236.6
track_1170730,191.4
track_1049828,307.3
track_1119592,152.5
track_1193254,255.7
track_1169941,262.0
track_1149533,267.7
track_0725496,600.7
track_1171314,392.6
track_0442828,499.4
track_1318103,172.1
track_0711271,160.5
track_1096957,430.8
track_0725504,400.4
track_1415750,135.0
track_0498815,222.0
track_1380006,315.0
track_0162043,229.1
track_1159740,59.4
track_0939241,162.0
track_1052564,268.8
track_0106223,187.6
track_1396244,108.6
track_1192426,32.4
track_1329943,142.7
track_0700217,277.1
track_0082424,324.0
track_1242780,289.1
track_1023481,81.7
track_1119923,110.0
track_1306265,140.0
track_1161434,117.9
track_1102233,250.5
track_1287157,173.7
track_0259936,644.2
track_0577044,279.5
track_1355015,97.0
track_1275612,216.0
track_1321089,92.9
track_1037051,193.6
track_1159695,327.9
track_1369863,95.8
track_1231037,242.9
track_1150900,209.2
track_0049027,116.8
track_1335983,238.2
track_1109853,154.6
track_1331525,112.8
track_1294018,262.7
track_1235602,192.5
track_0956551,233.8
track_1001892,562.5
track_1115569,464.8
track_1270574,234.3
track_0080785,82.1
track_1253054,64.0
track_1136882,81.8
track_1028807,171.5
track_1419626,264.0
track_1189925,169.6
track_0941406,266.3
track_1300335,349.5
track_1274079,195.5
track_1397802,105.3
track_1119473,188.4
track_0246749,438.7
track_1332189,109.9
track_1125825,177.3
track_0166338,280.7
track_0715783,187.0
track_0345908,257.5
track_1096089,34.8
track_0663859,136.5
track_1332637,125.3
track_1326539,312.8
track_1016180,63.2
track_0737328,207.2
track_0017491,178.7
track_1235016,329.2
track_0043881,220.4
track_1375970,210.3
track_0030220,270.1
track_0594261,252.8
track_0996972,296.9
track_0004890,374.3
track_0711261,172.5
track_0084142,207.9
track_1316288,413.2
track_1221580,168.8
track_1243740,153.4
track_1085602,51.2
track_0168997,401.0
track_0131628,235.7
track_0938055,159.7
track_1371330,274.1
track_1275963,177.9
track_0900796,243.1
track_1092183,432.3
track_0908555,128.5
track_0939260,44.5
track_1348129,67.5
track_1307838,224.1
track_1396976,148.5
track_0897315,239.9
track_0950579,141.8
track_1292549,312.2
track_1418009,176.7
track_0346315,173.4
track_1221916,268.0
track_1204454,246.9
track_1201477,207.1
track_0423239,305.5
track_1077043,180.0
track_0080790,58.4
track_1326827,240.3
track_0966860,109.7
track_1076571,116.9
track_1063657,126.8
track_0976788,183.2
track_1086300,58.5
track_1150738,261.2
track_0982115,205.9
track_1169996,219.1
track_1161438,162.5
track_1241409,213.4
track_1171566,169.6
track_1225307,235.7
track_1245144,330.9
track_1044190,213.0
track_0934050,221.2
track_1356320,186.9
track_0345907,184.0
track_1162945,56.7
track_1350754,227.7
track_0773686,266.2
track_1126698,285.9
track_0176091,327.5
track_1028803,105.0
track_1152621,269.5
track_1041555,150.0
track_0915384,306.9
track_1041461,224.1
track_1219597,232.1
track_1397145,222.4
track_0259810,318.8
track_1131487,478.3
track_1348085,273.9
track_1326537,282.2
track_0711267,164.5
track_0553252,200.5
track_1418016,338.9
track_1115076,190.4
track_1162380,120.0
track_1254614,256.4
track_0046541,162.5
track_1093631,386.4
track_1273900,192.1
track_1306052,250.3
track_1159700,167.4
track_1131096,133.7
track_1039756,560.1
track_0867663,196.4
track_1243730,106.8
track_0789886,70.8
track_1360750,237.7
track_0661753,300.7
track_1157597,89.5
track_0155953,393.5
track_1125818,239.2
track_0976781,191.9
track_0855267,250.3
track_1164346,177.7
track_1402654,76.3
track_1201668,256.0
track_0073124,256.4
track_1160056,198.0
track_1078635,440.0
track_1076456,238.6
track_1159748,210.3
track_1227553,135.0
track_1131497,397.0
track_1173871,254.0
track_1209616,66.3
track_1166930,245.5
track_0381192,163.5
track_1244711,279.5
track_0450993,167.1
track_0953636,60.0
track_0957451,282.6
track_1285608,171.0
track_1316289,299.4
track_1163212,152.8
track_1078478,176.1
track_1328163,288.1
track_0875313,94.0
track_1092335,311.2
track_0835794,241.6
track_1193205,185.1
track_1098679,98.8
track_1166109,202.3
track_1374299,175.7
track_1294933,237.5
track_0202927,250.0
track_0222132,134.7
track_0038767,48.0
track_1130022,281.5
track_0346254,216.0
track_1126025,237.7
track_1366863,110.8
track_1089251,198.6
track_1372073,227.6
track_0553257,204.3
track_0347593,181.0
track_0389431,97.0
track_1121429,143.2
track_0674304,218.6
track_1393397,240.0
track_1231888,415.6
track_1355013,80.2
track_1189646,176.0
track_1166106,212.5
track_1388809,273.9
track_0147665,147.4
track_1041563,100.1
track_1309761,163.2
track_1321298,286.1
track_1038728,268.3
track_0293160,232.2
track_1078368,210.6
track_1296153,469.9
track_1296931,60.6
track_0873554,188.1
track_1091337,280.7
track_1264196,219.8
track_0579642,178.7
track_0618819,189.0
track_1249957,178.1
track_1309739,298.5
track_1077723,247.5
track_0723358,427.5
track_1116401,90.0
track_0896604,247.7
track_1345291,72.0
track_1163963,306.5
track_0980883,164.0
track_1123273,316.7
track_1383728,236.1
track_1089086,247.5
track_1380678,436.5
track_1054342,244.0
track_1034944,274.2
track_0166391,344.5
track_1098676,80.8
track_0324619,282.0
track_1142158,390.3
track_1164984,275.1
track_0189589,325.0
track_0150781,99.5
track_1079300,150.0
track_1165531,105.3
track_1069749,317.2
track_1151618,619.5
track_0858540,206.1
track_1066896,322.5
track_0324614,168.5
track_0771292,180.2
track_1194981,146.2
track_0850188,199.5
track_1127562,180.1
track_1419628,419.5
track_1110779,101.4
track_1168162,196.5
track_0405788,222.7
track_0989875,167.9
track_0066945,232.0
track_1265150,147.7
track_1353670,77.0
track_0659892,130.5
track_0056450,211.8
track_1123272,275.4
track_1159951,390.0
track_1351142,179.1
track_1279774,220.6
track_0361031,186.6
track_0919479,235.3
track_0899143,333.7
track_1206160,82.7
track_1168520,196.8
track_0824627,648.8
track_0700214,270.2
track_1372088,267.8
track_0991713,171.5
track_1409378,291.1
track_1117411,84.8
track_0891907,280.4
track_1264997,134.7
track_1407059,332.1
track_1396105,66.9
track_1208809,318.0
track_1133263,264.0
track_1362259,274.6
track_0401852,82.1
track_1319841,310.0
track_0679894,161.0
track_0914034,264.9
track_1076573,113.3
track_0778519,106.9
track_0259901,77.1
track_1158982,88.7
track_1227554,129.6
track_1166921,288.9
track_1030277,267.7
track_1122287,225.8
track_0897977,156.6
track_0618452,122.5
track_1084198,51.5
track_0470724,308.0
track_1186550,152.0
track_1374951,230.0
track_1374305,155.0
track_1126058,227.8
track_1267844,249.4
track_0125455,245.4
track_1251463,303.8
track_1154731,321.7
track_1171145,235.7
track_1012600,166.5
track_1058134,142.6
track_1156971,146.1
track_0482266,88.6
track_1160423,112.2
track_0663133,246.1
track_1210134,311.1
track_1220577,331.0
track_1326529,308.8
track_0565793,261.0
track_0537755,286.2
track_1023306,133.6
track_1397810,203.5
track_1130991,294.9
track_0494617,215.6
track_0326505,197.7
track_0151033,177.7
track_1122008,233.2
track_1284354,293.7
track_1248621,289.7
track_0565796,169.0
track_1248255,157.4
track_0128861,153.5
track_1157596,190.4
track_1275158,173.5
track_1053400,342.0
track_1071929,228.0
track_0073151,193.9
track_1095695,193.3
track_1129092,398.0
track_0618460,112.5
track_1269148,212.0
track_1387151,191.3
track_1388859,157.4
track_1229544,136.6
track_1101380,80.0
track_0875384,262.9
track_0974000,184.7
track_1138775,202.9
track_0196219,210.7
track_0764958,356.8
track_1109891,216.7
track_1370862,152.0
track_1083513,140.8
track_1166679,98.2
track_1369048,163.4
track_1354846,76.1
track_1268989,256.9
track_1156128,255.8
track_1414117,456.4
track_0015660,355.8
track_0965595,158.1
track_1084815,419.6
track_0259908,590.9
track_1137240,194.2
track_1332734,564.0
track_1131566,268.3
track_1044781,339.8
track_1374688,227.2
track_1061370,132.4
track_0989876,170.8
track_1056127,262.0
track_0964535,195.6
track_0040347,181.6
track_1267849,288.8
track_0500420,233.5
track_1155896,134.4
track_1156130,357.9
track_1069338,205.7
track_1253430,220.7
track_1046573,102.0
track_0903598,96.3
track_1065759,213.1
track_0686752,186.4
track_1149757,156.0
track_1234242,202.2
track_1079299,224.0
track_0659898,169.0
track_1075180,64.0
track_0743966,164.6
track_1189912,108.6
track_0741317,185.7
track_0891612,155.3
track_1370137,105.9
track_0556378,167.0
track_0518469,155.5
track_0345906,215.0
track_1294938,123.5
track_1416532,174.8
track_1131101,124.3
track_0244956,256.1
track_1051196,218.8
track_1354688,313.8
track_0095581,268.4
track_0618449,166.5
track_1277849,76.0
track_1369052,215.5
track_0080806,60.4
track_1164197,191.6
track_0096887,131.0
track_1035344,339.0
track_0965318,187.4
track_1340798,369.5
track_1061871,214.0
track_1121431,335.0
track_1288835,247.9
track_1345850,81.3
track_0275232,70.7
track_0345904,203.1
track_0811240,110.0
track_0271565,917.7
track_1147359,132.9
track_0324411,223.5
track_1053497,234.0
track_1376057,204.8
track_1339442,152.7
track_1317903,248.6
track_1069824,303.1
track_1113513,296.3
track_0066944,166.4
track_1376454,163.3
track_1154729,207.4
track_1243722,208.5
track_0166341,379.8
track_0865775,117.7
track_1397731,129.6
track_1133078,79.9
track_1385297,212.5
track_1159203,289.8
track_0147596,230.0
track_1386495,456.0
track_1075196,117.4
track_1075188,104.5
track_0162041,189.5
track_1027884,266.1
track_1266508,139.6
track_1107279,291.3
track_1061380,182.0
track_1330505,300.7
track_0146591,339.0
track_1156121,446.6
track_1376059,200.0
track_1361108,209.7
track_1241227,306.3
track_1397805,188.8
track_1215952,207.1
track_1342570,229.0
track_1126009,196.0
track_1170734,162.8
track_1115570,362.9
track_1208449,346.4
track_1393011,113.2
track_1277835,117.4
track_1126032,242.7
track_1086301,47.7
track_1074894,134.5
track_1109901,184.7
track_1345077,364.1
track_0973388,323.3
track_1274152,37.3
track_1418291,208.0
track_1029325,229.5
track_0625210,316.2
track_1032698,304.3
track_0074753,414.3
track_1304665,272.4
track_0081814,228.5
track_1095023,243.2
track_1066661,246.5
track_0151126,79.0
track_1126088,540.0
track_1159368,218.1
track_1149696,326.9
track_1127764,264.1
track_0810896,519.1
track_1075170,97.2
track_1383742,219.4
track_1077044,163.0
track_0128305,106.7
track_1208331,58.5
track_0205076,54.0
track_0662444,214.7
track_1138776,146.1
track_1253659,233.2
track_1105066,537.7
track_0019204,281.1
track_1281202,163.1
track_1365238,137.6
track_0686756,180.0
track_1401336,446.4
track_1414673,233.6
track_1127776,244.3
track_0464044,343.6
track_1157023,109.4
track_1070641,138.2
track_0259505,207.0
track_0565804,224.0
track_1169707,164.0
track_1397151,177.1
track_1207614,420.3
track_0949229,282.4
track_1084381,268.5
track_1085244,228.0
track_1069336,291.7
track_0947016,122.9
track_0043886,129.5
track_1089266,276.0
track_1374442,236.8
track_0786777,196.6
track_1158967,284.6
track_0202150,225.5
track_1388812,203.7
track_1042998,196.5
track_1401338,136.0
track_1109909,199.5
track_0084141,101.2
track_1102232,376.0
track_1374704,233.7
track_1279771,180.0
track_0166337,296.7
track_1251687,614.8
track_1223083,131.0
track_1210705,204.0
track_0801570,174.7
track_0839521,230.4
track_1234989,399.2
track_0874646,774.7
track_0034517,213.3
track_1173141,309.1
track_0383586,60.1
track_1079398,258.3
track_0873807,119.7
track_1168164,65.2
track_0242410,296.2
track_1402298,643.3
track_0073117,510.0
track_0031430,136.5
track_1078471,282.4
track_1227397,160.1
track_1375201,134.4
track_1097842,235.0
track_0669146,266.7
track_1225296,219.8
track_0139566,273.0
track_1029327,276.1
track_1196181,292.4
track_0950933,380.1
track_0581059,258.7
track_1124972,147.9
track_1151196,228.0
track_1131492,424.0
track_1401969,244.4
track_0284171,53.5
track_0023866,155.2
track_1171707,291.8
track_1038475,294.4
track_0114924,355.0
track_1044780,234.0
track_1067253,149.7
track_1039516,260.4
track_1077720,278.8
track_0768432,169.2
track_0084060,202.2
track_1063878,133.1
track_1110330,348.0
track_0048726,136.9
track_0400860,42.3
track_1273069,136.9
track_1078779,193.1
track_1345311,42.1
track_0940729,226.1
track_1146534,164.3
track_1169943,210.9
track_1129943,192.3
track_0585149,106.0
track_1129988,364.8
track_1154904,123.5
track_1112013,107.8
track_0943386,300.4
track_1345290,104.0
track_0381092,231.6
track_1289127,399.4
track_0417585,109.8
track_0618453,189.5
track_0347538,388.0
track_1202188,127.5
track_1109851,117.6
track_1159617,200.0
track_0494616,165.6
track_1199593,298.2
track_1126030,265.3
track_0802292,206.6
track_1114956,239.2
track_1366164,283.8
track_1026345,119.8
track_0890565,547.2
track_1072430,437.4
track_1072428,269.0
track_0151099,180.6
track_1115615,262.8
track_0921953,254.1
track_1393224,117.9
track_1148305,189.6
track_1407330,151.1
track_0037815,168.0
track_1028814,208.9
track_1243738,155.8
track_1134861,184.6
track_1136523,264.9
track_1066130,281.1
track_1023323,97.5
track_1399626,186.4
track_0113564,322.0
track_0659894,148.0
track_1217515,225.8
track_0798199,163.7
track_0571489,124.6
track_1403729,454.0
track_1275146,252.0
track_0762197,54.9
track_0839517,180.1
track_1270578,183.4
track_1081843,125.4
track_0944142,68.6
track_1160010,246.3
track_1053500,297.0
track_1348666,202.0
track_0326515,187.3
track_0873806,348.6
track_1294943,188.2
track_1158985,59.1
track_1071925,147.0
track_1124971,183.9
track_1026040,117.2
track_1365778,237.0
track_1274154,45.4
track_0260191,280.5
track_1357553,220.9
track_1077531,233.2
track_1034942,283.4
track_1109742,218.0
track_1320030,124.3
track_1219473,162.0
track_0768436,172.9
track_1159660,79.6
track_0080770,112.5
track_1133406,212.7
track_0306091,233.2
track_0416417,217.5
track_1115633,130.7
track_0659890,250.0
track_1166070,141.7
track_1148777,134.0
track_0205093,135.1
track_1209628,84.9
track_0572381,250.0
track_1136443,256.0
track_1171567,384.3
track_1385555,219.0
track_1384187,116.4
track_1203657,194.0
track_1185306,227.2
track_1150490,229.5
track_1234393,76.3
track_0953786,160.0
track_1137422,59.4
track_1329187,298.7
track_1281955,285.4
track_1319996,125.0
track_1126027,240.0
track_1082100,118.3
track_0947797,133.0
track_1057709,289.0
track_0873558,240.8
track_0647532,146.5
track_1320570,279.4
track_1202183,356.9
track_1080219,110.9
track_0839513,190.6
track_1148775,129.4
track_0470732,202.0
track_1192549,275.5
track_1159623,226.9
track_1278253,164.0
track_0897322,254.4
track_1286537,60.0
track_0962722,192.0
track_0881100,677.9
track_0435842,71.8
track_1302680,304.9
track_0154636,488.8
track_1347949,66.0
track_1320005,121.5
track_1372208,420.0
track_0260195,268.2
track_0913287,175.3
track_0565801,204.2
track_0556352,147.0
track_0168832,202.0
track_1136875,125.4
track_1030905,390.5
track_1243737,146.9
track_1248616,264.0
track_1185881,300.6
track_1096134,291.7
track_1219596,269.2
track_0911795,113.0
track_1219878,115.6
track_0973992,117.9
track_1131105,119.8
track_0515594,312.5
track_1326552,246.5
track_0448680,212.6
track_1193225,202.0
track_0373268,252.0
track_1127778,280.3
track_0811232,412.9
track_1069596,46.8
track_0081288,163.7
track_1314853,131.4
track_1109862,68.7
track_0884408,336.1
track_0126060,371.9
track_0666619,149.4
track_1127774,201.8
track_1281203,161.8
track_0711266,184.5
track_1030281,521.7
track_1254006,266.3
track_1283855,95.5
track_1098429,498.6
track_0973996,205.9
track_0057266,305.0
track_1075179,69.4
track_0151069,87.4
track_0150954,59.4
track_0579643,112.9
track_0259894,351.0
track_1307642,330.8
track_0959154,179.9
track_1271851,144.8
track_0784877,359.2
track_1131098,118.9
track_0996962,169.7
track_0471257,170.1
track_1211803,238.6
track_1405035,227.1
track_0370179,252.2
track_1038512,359.9
track_0011845,204.9
track_0188574,234.4
track_0571472,149.6
track_0020743,254.8
track_0773675,294.2
track_1340882,379.9
track_0603762,228.7
track_0401844,306.1
track_0553256,207.6
track_1351140,189.7
track_1121408,362.9
track_1155995,280.6
track_1096811,222.6
track_1401334,466.0
track_0297869,1343.8
track_1371880,246.9
track_1018535,201.3
track_0948211,212.9
track_1316663,140.4
track_0275249,252.3
track_1371864,89.1
track_1320017,159.1
track_0088559,58.9
track_1116586,243.3
track_1088388,293.0
track_0959152,185.0
track_1273391,227.5
track_1138691,276.2
track_0922857,231.0
track_0147597,327.0
track_0154632,441.3
track_0962063,161.0
track_1133181,246.7
track_1288961,144.2
track_1127153,218.9
track_1321145,244.4
track_1289128,352.1
track_0996974,275.1
track_1124381,133.5
track_1194317,236.5
track_1075174,174.7
track_1353976,99.6
track_0370260,219.4
track_1100246,279.7
track_0810575,217.9
track_0647538,170.5
track_0381101,450.4
track_1069340,225.6
track_1247296,196.4
track_0871996,287.5
track_1289373,582.3
track_1078389,226.7
track_0192880,154.3
track_1242269,211.5
track_1192548,329.9
track_0653703,208.1
track_1122569,427.6
track_1100192,84.4
track_0201320,232.0
track_1264209,188.1
track_0661756,271.2
track_1346567,308.4
track_1313333,204.0
track_1323010,184.1
track_0789881,228.4
track_1095025,226.7
track_1159950,245.0
track_1283759,227.1
track_1398416,204.4
track_1270569,117.8
track_0741318,153.2
track_0941398,132.3
track_1202954,191.3
track_1351589,421.9
track_1366176,215.3
track_1177395,241.5
track_0659900,147.5
track_1330499,298.5
track_0000382,211.1
track_0202151,221.4
track_1162099,48.6
track_1231490,229.5
track_0202199,368.1
track_1172113,313.2
track_0964542,225.3
track_1013135,179.2
track_0151096,154.0
track_1190959,88.0
track_0081032,168.8
track_0188294,166.6
track_0802276,176.9
track_1340258,145.7
track_1340257,85.6
track_1133178,328.0
track_1026859,229.1
track_1330056,162.9
track_0292530,418.9
track_0802322,189.8
track_0944928,106.6
track_1294778,166.8
track_1159946,276.0
track_0296240,232.5
track_0556372,107.5
track_0347604,262.6
track_1137273,99.0
track_1168171,179.1
track_1208450,244.1
track_1187344,224.3
track_0405790,256.5
track_0457236,223.0
track_0004887,251.7
track_1281209,200.0
track_1276510,270.9
track_1080154,191.1
track_0946946,228.8
track_1355022,136.8
track_1086337,295.3
track_1203429,230.0
track_0405787,260.0
track_0938058,182.8
track_1194316,237.8
track_1028816,245.2
track_0130611,257.4
track_0710533,299.0
track_1033094,420.7
track_1236853,170.7
track_0764952,230.8
track_1084374,213.1
track_0632093,113.2
track_0752147,285.4
track_1240413,792.0
track_0934043,142.8
track_1167884,226.3
track_0939259,232.0
track_1156056,173.6
track_1322956,228.0
track_0278358,206.0
track_1319227,319.8
track_1270604,340.0
track_1313340,302.8
track_1219234,187.5
track_0891602,189.8
track_1291475,47.2
track_1414842,263.3
track_1165518,147.7
track_0081183,223.3
track_0914767,202.7
track_1322923,72.0
track_1189929,170.0
track_1369698,675.8
track_1154247,215.9
track_0135845,264.0
track_1053176,261.9
track_1330448,130.5
track_1145350,309.3
track_1173258,173.0
track_0038769,66.5
track_1176150,218.9
track_0257021,376.1
track_0989878,311.3
track_0862394,225.9
track_0604137,235.8
track_1159753,220.3
track_1047453,511.2
track_0711269,173.0
track_1051205,192.7
track_1314627,391.6
track_1219559,145.6
track_0481709,306.3
track_1089264,372.0
track_1375199,135.1
track_0299483,276.0
track_0865776,385.9
track_1328103,146.2
track_0000958,247.0
track_1089166,251.0
track_0534561,226.0
track_0867660,230.1
track_1415560,30.5
track_1227556,127.3
track_0305168,60.5
track_1267344,274.2
track_1340343,109.1
track_1051898,232.4
track_0881044,206.8
track_1103449,202.0
track_1363272,382.4
track_1108513,130.0
track_0243568,237.3
track_0915279,198.6
track_1248602,136.6
track_0075174,143.3
track_1087729,256.3
track_0897313,226.5
track_0733157,300.3
track_1264194,154.6
track_0046038,284.0
track_0944150,87.6
track_0162024,241.6
track_1206768,220.0
track_1086514,554.0
track_1043815,305.8
track_1069786,128.1
track_1094954,193.9
track_1169057,273.3
track_1380662,368.1
track_1156094,194.2
track_0919941,229.4
track_1150079,325.9
track_0511100,221.3
track_1355462,180.0
track_1295654,459.7
track_1031433,120.1
track_1183747,255.7
track_0066949,169.8
track_1369049,205.1
track_0896611,247.4
track_1235604,229.5
track_1154907,204.0
track_1407331,278.7
track_1103171,154.8
track_1089262,432.5
track_1414153,405.7
track_0113574,334.6
track_1325771,326.4
track_1127768,307.3
track_1158966,274.4
track_1076575,103.8
track_1204431,480.1
track_1320003,71.7
track_1361471,185.3
track_0663852,136.4
track_0731396,195.5
track_0802293,245.2
track_1289019,338.2
track_1185797,90.9
track_1160029,246.8
track_1208803,367.5
track_1104857,160.0
track_0785632,252.0
track_1257248,186.8
track_0989874,210.1
track_0888635,318.8
track_1129159,152.0
track_1030903,529.5
track_1166928,157.5
track_0639525,230.2
track_1044925,170.7
track_1279775,260.0
track_0038758,184.8
track_1187039,104.8
track_1108282,212.8
track_1166678,69.0
track_0783232,152.5
track_0044671,294.2
track_1096788,211.0
track_1357456,306.2
track_1368389,384.1
track_0021984,187.6
track_1101590,212.0
track_0962727,204.5
track_1393617,270.1
track_1041496,188.1
track_1138559,155.8
track_0242903,209.3
track_0080782,41.8
track_1077388,182.0
track_1084124,219.1
track_0365609,162.2
track_0729307,269.8
track_1270630,296.8
track_0734385,213.6
track_1292567,173.6
track_1397744,166.2
track_1225306,281.3
track_0749616,329.4
track_0936439,197.2
track_0895956,280.0
track_1169733,129.3
track_1135071,294.9
track_1277606,184.2
track_0625213,335.0
track_1089239,410.9
track_1293572,192.0
track_1189944,128.6
track_1048226,180.0
track_0661754,244.2
track_0302357,200.5
track_1165501,128.3
track_0908551,378.5
track_1371096,181.1
track_0957453,185.8
track_1093794,140.0
track_0711257,168.5
track_1351136,207.8
track_0839514,141.8
track_1040558,303.8
track_1011994,195.8
track_0041965,131.3
track_1211483,171.8
track_0976790,181.7
track_1168278,255.6
track_1105053,222.4
track_1244885,254.2
track_0553089,259.8
track_1190960,251.3
track_1163322,201.1
track_0981206,150.0
track_0949606,166.2
track_1030283,218.8
track_1245136,125.1
track_1243720,185.2
track_1305120,429.7
track_1321124,138.0
track_1338427,212.4
track_1221530,336.4
track_0628409,302.0
track_1115630,40.0
track_0891996,313.2
track_1119574,177.7
track_0111012,462.7
track_0723355,241.6
track_1098411,265.8
track_0365590,145.1
track_1116404,90.0
track_1161433,160.4
track_1086258,348.3
track_1320004,158.2
track_1137245,190.0
track_1133988,193.0
track_1124970,264.2
track_1015404,195.4
track_0299588,302.0
track_0771291,78.3
track_1328332,186.0
track_1310211,131.0
track_1269900,206.8
track_0034852,222.7
track_1168804,201.8
track_1153110,225.4
track_1168491,282.4
track_1389457,113.4
track_0959961,157.5
track_1390985,115.9
track_1047939,226.0
track_0603755,230.5
track_1409370,202.0
track_1416233,75.3
track_0988518,172.0
track_0950932,188.7
track_1358717,131.7
track_0571486,122.5
track_0938056,143.3
track_1227364,379.0
track_1272452,424.6
track_1376061,299.3
track_1347008,31.1
track_1343593,190.7
track_1112012,105.4
track_0166398,307.8
track_1335982,160.0
track_1090144,221.6
track_0556355,150.3
track_0026235,30.1
track_1009671,160.1
track_0565798,213.7
track_0081214,127.3
track_1250208,131.8
track_0832632,167.8
track_1133348,307.5
track_0383574,97.3
track_0162025,226.5
track_0935511,244.8
track_0957463,197.9
track_0205092,197.7
track_1210702,282.1
track_0950929,151.0
track_1186853,167.0
track_1177892,261.0
track_1394567,201.3
track_1032337,215.3
track_1129797,185.5
track_1300028,344.0
track_1284738,257.1
track_1371500,221.6
track_1277707,94.0
track_0103656,210.8
track_1253141,208.3
track_1345285,49.2
track_0662422,294.3
track_1126645,260.5
track_1049742,307.6
track_1096817,324.4
track_1393408,270.0
track_0502330,164.1
track_1276513,103.1
track_1163782,196.0
track_0768444,124.7
track_0133519,169.0
track_0090066,99.2
track_0242908,211.6
track_1382111,176.5
track_1109963,110.3
track_1149755,134.0
track_1208337,288.0
track_0080779,76.4
track_0733158,357.3
track_0238203,96.2
track_0751969,209.0
track_0166394,346.4
track_0976777,221.4
track_1414156,441.8
track_0076660,183.0
track_1248258,135.5
track_0996968,257.7
track_0865772,268.0
track_1293996,162.4
track_1374316,195.5
track_0026227,55.0
track_1315891,380.1
track_1086271,631.1
track_1316755,176.8
track_0914769,159.4
track_1160274,62.5
track_1400597,102.7
track_1065761,303.3
track_1121562,39.2
track_1296927,172.1
track_0710539,187.5
track_1084201,78.0
track_0577324,387.1
track_1341281,817.6
track_1276508,69.4
track_0579308,145.9
track_0056448,195.7
track_1397163,177.5
track_1155998,229.4
track_1127149,104.0
track_1127779,229.3
track_0150783,143.0
track_1291607,191.6
track_0211412,245.4
track_1320002,147.0
track_1313339,300.0
track_0888640,259.2
track_1388580,321.6
track_1227371,353.7
track_1071948,163.8
track_0094708,329.2
track_0977117,223.4
track_0162030,192.2
track_1149542,297.8
track_1159663,206.8
track_1332945,372.0
track_1075204,116.5
track_1056824,279.7
track_1076458,190.7
track_1109861,82.9
track_1341108,305.2
track_1395614,431.8
track_1165514,106.2
track_1137669,286.0
track_0081803,245.0
track_1104756,136.1
track_1348731,169.9
track_0151027,113.5
track_1272515,227.1
track_0989433,238.0
track_1039777,172.7
track_1080210,259.6
track_1079571,248.4
track_1284741,234.0
track_1188972,301.3
track_1228857,232.0
track_0516730,241.5
track_1124969,188.3
track_0579912,173.8
track_1316323,253.4
track_1217789,292.2
track_0202938,135.6
track_0785434,191.1
track_1113992,260.1
track_1073158,224.1
track_0962584,151.2
track_1309874,261.1
track_1208807,190.2
track_1159692,182.1
track_0151135,94.9
track_0049030,144.1
track_1149475,828.1
track_0034861,214.6
track_1351586,400.1
track_1109777,91.8
track_1405568,147.4
track_0166312,313.4
track_1330054,162.9
track_0875374,308.5
track_1364091,300.2
track_0275224,80.4
track_1374948,179.8
track_0264287,279.8
track_1359884,326.6
track_0947799,168.3
track_1076579,201.4
track_0595367,145.3
track_0151143,149.2
track_0944925,154.0
track_0666758,281.7
track_1382270,212.3
track_0966864,114.8
track_1250241,82.5
track_0779036,253.0
track_1231042,207.9
track_0972775,270.0
track_1070640,203.2
track_1225146,83.6
track_1160192,229.3
track_1119407,340.7
track_1249628,115.7
track_1330894,267.2
track_1028813,171.4
track_1238932,272.9
track_0594269,363.0
track_1355460,326.0
track_1088398,59.7
track_0940732,354.0
track_0470742,148.8
track_1030280,434.9
track_0108653,168.5
track_1230829,39.3
track_1112436,254.1
track_1158987,59.1
track_0976791,224.3
track_1039359,132.6
track_0032322,201.2
track_0571476,177.5
track_0919475,237.4
track_0345912,229.0
track_0902226,224.6
track_1289102,271.9
track_1098065,339.8
track_1113644,153.6
track_1328131,249.9
track_1248273,162.1
track_0802184,214.2
track_1194603,213.1
track_0734509,297.6
track_1000084,117.4
track_1320733,119.3
track_1164588,205.2
track_1305117,552.5
track_1026044,143.8
track_0840599,137.0
track_0922586,247.4
track_1163235,194.3
track_0865774,467.3
track_0066942,174.4
track_1210874,247.0
track_1330454,120.5
track_1392057,366.4
track_1023271,132.0
track_1340595,240.0
track_1127773,253.6
track_1030900,203.2
track_1324907,200.1
track_1157601,308.9
track_0466370,433.4
track_0383568,112.3
track_0207501,208.8
track_1162365,96.0
track_0207532,220.3
track_1048149,169.7
track_0949037,227.8
track_0976774,194.6
track_1399693,154.5
track_0088462,153.5
track_0897991,135.7
track_1119590,114.7
track_1367882,267.5
track_0802318,198.9
track_0873810,183.9
track_1340354,396.0
track_1353666,93.3
track_1079280,187.8
track_1277855,43.2
track_1376051,211.2
track_1320637,174.0
track_1397816,81.5
track_1114036,143.0
track_1249955,186.1
track_1069341,283.7
track_0150791,141.0
track_1156098,256.4
track_1082917,305.1
track_1165521,140.4
track_1368393,432.0
track_1228628,208.4
track_1169701,231.1
track_1337944,321.2
track_1127563,205.8
track_0672533,406.2
track_0636312,48.6
track_0247279,164.2
track_1275966,380.0
track_0371280,185.6
track_1075168,163.0
track_0890454,288.0
track_1110511,67.6
track_1183078,408.7
track_0172186,104.0
track_1129035,86.6
track_1248610,131.0
track_1109858,113.5
track_0080821,170.5
track_1179721,236.4
track_0951890,337.8
track_0810904,312.0
track_1255972,135.6
track_1070124,183.0
track_1319997,115.6
track_1243729,198.7
track_1326855,402.9
track_0109962,418.1
track_0066947,120.5
track_1086690,176.9
track_1295557,286.0
track_1136341,76.9
track_0711272,168.5
track_0263463,192.1
track_1164229,202.4
track_1009063,462.7
track_1296365,329.5
track_1148178,213.4
track_1081840,168.0
track_1244448,228.3
track_1248615,187.1
track_0785424,179.4
track_1238765,170.4
track_1357405,77.9
track_1070701,169.0
track_1396089,194.7
track_1193228,228.0
track_1056141,245.1
track_1119475,231.9
track_1388813,203.3
track_1300328,209.1
track_1217519,168.1
track_1084197,87.8
track_0839520,221.6
track_0733169,221.1
track_1204821,322.5
track_1221850,224.4
track_1375969,181.9
track_0296241,261.4
track_1300042,236.5
track_1126033,348.0
track_1330055,162.9
track_1231644,217.1
track_0038776,111.4
track_1118602,983.6
track_0768430,175.8
track_0026226,373.4
track_0264448,284.1
track_0150793,121.8
track_0751968,210.1
track_0370257,344.0
track_1409347,130.7
track_1221526,215.5
track_1110770,154.5
track_1027881,316.2
track_1041498,262.4
track_1136344,118.2
track_1395041,65.0
track_1160059,600.0
track_0771590,300.0
track_1330502,46.3
track_0325391,160.2
track_1217513,78.8
track_1194980,153.1
track_0663131,335.0
track_0501673,329.2
track_1227376,211.7
track_1179403,184.5
track_1345078,392.6
track_0018230,270.0
track_0073121,307.1
track_1379931,265.9
track_1159698,108.8
track_0459359,187.9
track_1169705,283.2
track_1178801,311.2
track_1095476,154.3
track_0974001,168.9
track_0352931,170.1
track_1168540,253.0
track_1126094,430.1
track_0556351,173.5
track_1345289,63.6
track_0347590,237.9
track_0779037,185.1
track_0518472,105.3
track_1100973,120.0
track_1171624,222.9
track_0992508,244.7
track_0080783,38.4
track_0976827,186.0
track_1295534,222.4
track_0965311,174.6
track_0734440,371.0
track_0950302,150.9
track_1380116,203.1
track_1361521,154.3
track_1231990,74.8
track_1346677,436.8
track_1221855,305.1
track_1156053,213.4
track_0205097,77.3
track_1292796,148.5
track_1420085,305.2
track_1209634,32.0
track_1255524,244.5
track_0459388,195.9
track_0957455,325.1
track_0036697,120.0
track_1274169,48.8
track_0897980,144.0
track_0934045,157.3
track_0389852,123.8
track_1105056,236.9
track_1340333,130.1
track_1125820,174.6
track_1061763,169.2
track_1357550,134.3
track_1060007,191.4
track_1074709,542.4
track_1141677,70.0
track_1119518,139.4
track_0393581,290.1
track_0873566,187.2
track_1222344,222.6
track_0169205,176.6
track_0973994,230.5
track_1277846,128.7
track_1288581,306.7
track_0982385,99.3
track_0996960,236.7
track_1098069,308.1
track_1078391,221.3
track_1207613,255.5
track_0297871,589.1
track_1162944,46.3
track_1012597,269.4
track_0133522,165.4
track_1287557,463.0
track_1155559,129.0
track_1372834,284.4
track_1125821,162.0
track_0663130,241.0
track_1075936,132.8
track_1084673,217.2
track_1221529,251.3
track_0989713,166.2
track_1269902,147.4
track_0982390,79.0
track_1161437,66.0
track_1077040,237.8
track_0556357,165.0
track_0618454,188.6
track_1222000,206.2
track_1169942,224.1
track_1414121,376.2
track_1288980,343.4
track_1111209,290.4
track_0151120,134.0
track_1228856,236.4
track_1415796,355.0
track_0389700,152.1
track_1235166,53.2
track_1118533,287.2
track_0768435,170.2
track_0133516,192.1
track_1417341,44.3
track_0369461,183.5
track_1170599,129.4
track_0258844,217.9
track_0875003,168.6
track_0305527,180.3
track_1123295,185.4
track_1320008,141.9
track_1098674,70.2
track_1185987,179.9
track_0326496,123.4
track_0802278,196.4
track_0134777,196.3
track_0579639,145.0
track_0768433,195.4
track_0565788,180.0
track_0571490,192.0
track_1369050,162.3
track_1049274,267.2
track_1414376,138.8
track_0000390,133.7
track_1201479,222.1
track_0996969,230.3
track_1075173,128.0
track_1339441,203.0
track_0209006,224.8
track_1110772,112.5
track_1417907,179.8
track_1243721,196.0
track_0571478,152.0
track_0957413,208.1
track_1165778,315.7
track_1032226,475.5
track_1223933,131.2
track_1028808,217.6
track_1156096,330.3
track_1168545,416.1
track_0072839,312.3
track_1300330,307.8
track_1418020,179.3
track_0260190,137.7
track_1078468,287.2
track_0967241,219.6
track_1395501,347.6
track_0272976,142.7
track_0347854,183.2
track_1276894,208.6
track_1248091,268.3
track_0225363,258.1
track_0406262,262.2
track_0811245,188.0
track_1142735,252.9
track_1131958,90.5
track_0389520,113.8
track_1086302,139.4
track_1141444,240.0
track_1255882,321.7
track_1270582,314.0
track_0459377,202.6
track_1162943,124.9
track_1079295,170.1
track_1125819,143.3
track_1312070,310.6
track_1203322,232.2
track_1075192,149.4
track_1221919,470.0
track_0976807,179.6
track_1189911,211.5
track_1066918,261.6
track_1345073,230.0
track_0272371,323.8
track_0891613,198.3
track_1130913,192.1
track_1077277,192.8
track_1002052,213.0
track_1158968,219.3
track_0280157,409.8
track_1053338,222.5
track_1253146,185.1
track_1372059,123.2
track_1110516,67.2
track_1035560,246.5
track_0939261,46.0
track_0585153,242.1
track_0666614,97.8
track_0799229,147.1
track_1111540,322.0
track_1109633,184.0
track_1315527,164.2
track_1369859,168.7
track_0873928,83.0
track_1156410,271.5
track_1356015,90.7
track_1359473,164.5
track_0500419,265.3
track_1121281,249.1
track_0875038,265.1
track_1397811,107.5
track_0965600,84.2
track_1071285,420.9
track_1307839,250.4
track_0802298,171.1
track_1374696,206.6
track_1126035,220.0
track_1365281,152.0
track_1150487,256.3
track_1395224,75.2
track_0718514,185.7
track_1077824,286.0
track_1137244,110.5
track_1343816,172.9
track_1165523,57.3
track_1137235,230.0
track_0642404,327.3
track_1129640,250.2
track_1084683,278.4
track_1177013,207.3
track_1316272,469.2
track_1026039,130.4
track_1416535,253.8
track_1185422,302.8
track_0860802,406.0
track_0207517,235.1
track_0015170,258.7
track_0799262,268.1
track_1134737,263.9
track_1372876,162.3
track_0162027,267.7
track_1076574,203.3
track_1149531,301.6
track_1376060,209.9
track_1374695,126.7
track_0641597,108.8
track_1075195,158.4
track_1109866,91.8
track_1341280,218.0
track_0771288,204.0
track_1110487,104.0
track_0150949,123.8
track_0081812,282.8
track_0324615,190.0
track_1133176,258.2
track_1051706,66.8
track_1039112,354.0
track_1189937,148.3
track_0762058,205.6
track_1345052,336.7
track_1077721,232.4
track_1396255,92.2
track_1220946,131.3
track_0131645,358.0
track_0967237,181.8
track_1156057,172.5
track_1166622,335.0
track_0991724,142.1
track_0956216,209.3
track_1087136,134.0
track_1338385,197.4
track_0921508,202.0
track_0553246,261.3
track_0150798,122.3
track_1075175,97.6
track_1075189,82.2
track_1152648,110.1
track_1219560,145.5
track_1028799,189.5
track_1088148,218.1
track_1166102,141.0
track_1338303,76.0
track_1032334,202.9
track_1346206,303.3
track_0081807,346.8
track_0565792,188.0
track_1381592,284.2
track_1045257,267.4
track_0082645,329.6
track_0951886,124.7
track_1039523,146.3
track_1035539,218.2
track_1283107,270.2
track_1205915,98.0
track_0361044,304.5
track_1321147,301.4
track_0095237,313.5
track_1136575,182.2
track_1221754,261.8
track_0088564,172.1
track_0466207,320.0
track_1328169,242.9
track_1136676,272.5
track_1242271,237.8
track_0034859,122.1
track_1253375,142.0
track_1204956,124.6
track_0986591,232.8
track_0934044,219.0
track_0242610,245.2
track_1159620,228.8
track_0347546,262.9
track_1358778,208.5
track_1189654,290.0
track_1126026,278.8
track_0414116,188.7
track_0918868,250.5
track_1064757,267.8
track_1248107,217.1
track_1415617,214.2
track_0625212,193.6
track_0711264,181.6
track_0202160,264.6
track_0714711,406.9
track_0150963,112.8
track_1054275,330.7
track_0341549,94.0
track_1328152,174.9
track_0032360,269.1
track_0873824,319.0
track_1279793,226.3
track_0211417,243.1
track_0873803,235.2
track_0081019,280.9
track_1397348,236.6
track_1077045,156.3
track_0202156,286.2
track_1041924,275.9
track_0897306,41.9
track_1354596,304.1
track_1066302,359.0
track_1133339,305.3
track_1281201,224.1
track_0802319,189.0
track_1050671,228.3
track_0501300,103.9
track_0259829,283.3
track_0702745,179.8
track_1284735,225.1
track_1009674,210.2
track_1071434,199.1
track_1078694,384.0
track_0172316,73.2
track_0471254,220.7
track_0579645,148.0
track_1419493,230.1
track_0956535,242.1
track_1253041,69.9
track_1127770,193.8
track_1264206,209.7
track_0605992,215.8
track_1112023,192.3
track_1264215,90.2
track_1152644,281.2
track_1046853,230.0
track_0326506,87.3
track_1056504,288.7
track_0352693,204.3
track_0773677,223.7
track_0460235,242.4
track_0359664,155.4
track_1352821,137.3
track_1320029,153.8
track_0806983,258.3
track_0721200,302.1
track_1341268,247.1
track_1156050,185.1
track_1414122,384.1
track_1051717,96.1
track_0387011,247.9
track_1157022,232.4
track_1418655,159.7
track_0974623,227.0
track_0682358,194.7
track_1029334,254.9
track_1336657,240.0
track_0793920,296.0
track_0317867,211.0
track_0773672,362.2
track_1114719,214.0
track_0711256,116.5
track_1307741,207.1
track_1275150,317.4
track_1012644,330.6
track_1338387,192.1
track_0151109,146.1
track_1401968,235.1
track_0302310,188.6
track_1068955,131.1
track_1169064,181.0
track_1127775,207.9
track_1127564,187.4
track_1164342,73.1
track_1293742,222.6
track_1087019,199.2
track_0802300,75.1
track_1066916,338.3
track_1277827,210.0
track_1294827,141.0
track_0075175,124.4
track_1309758,139.3
track_0939254,150.0
track_1161435,166.0
track_1112339,34.0
track_1068253,216.5
track_1226951,177.2
track_1328101,219.9
track_1134038,149.7
track_1360446,128.5
track_0078308,267.4
track_1047224,98.2
track_0950930,215.9
track_1227362,271.4
track_0647524,113.5
track_1294971,207.6
track_0780390,341.2
track_1133995,226.1
track_0911794,246.1
track_0619886,275.9
track_0370259,259.7
track_1399778,277.4
track_0319625,190.7
track_1128220,237.3
track_1407555,187.0
track_1231043,184.4
track_0752519,167.3
track_1398415,136.5
track_1162011,238.3
track_1075213,106.1
track_1235600,124.8
track_1394595,165.5
track_0989850,43.2
track_0128857,326.4
track_1384384,130.0
track_1128213,297.7
track_0607863,272.8
track_0957940,141.2
track_1084677,267.8
track_1209995,176.7
track_1236647,393.5
track_0151107,94.8
track_1104752,236.8
track_0084200,325.9
track_1071168,385.5
track_1207617,211.4
track_0988509,189.8
track_1136808,253.5
track_0873614,281.7
track_0383997,168.8
track_1068641,104.0
track_1159742,263.8
track_1160617,107.9
track_0806976,295.6
track_1213353,760.8
track_1320025,242.8
track_1136906,241.6
track_0011750,105.2
track_1231991,183.3
track_1248274,191.0
track_1133090,129.0
track_0967570,228.0
track_1295326,136.1
track_0925415,192.0
track_0925530,187.9
track_1291615,230.9
track_0575219,238.7
track_1148306,289.0
track_1115046,384.2
track_1274236,271.9
track_1231038,176.4
track_1109894,177.5
track_1203319,247.7
track_1225292,240.1
track_1320007,162.0
track_0647531,152.5
track_1281205,223.6
track_1393420,270.0
track_1281204,268.9
track_0659885,188.6
track_0711263,193.0
track_1291606,250.4
track_1194945,148.4
track_1075147,273.7
track_1122633,422.9
track_1380445,122.1
track_1287603,148.6
track_0659902,215.5
track_1096873,220.6
track_1248261,164.3
track_1127765,284.1
track_1114150,169.1
track_1345990,119.9
track_1115616,60.4
track_0934869,258.0
track_0608958,138.1
track_1219424,136.0
track_1096308,176.2
track_0768441,164.5
track_1037060,172.5
track_0081023,632.8
track_0934048,200.4
track_0873615,270.7
track_0873815,226.0
track_0542410,385.1
track_0908549,233.0
track_1103993,224.0
track_1243728,202.7
track_0008563,414.9
track_0243697,254.6
track_1366150,318.6
track_0259710,103.1
track_0860149,313.8
track_1418667,213.5
track_1400594,136.6
track_1240411,775.0
track_1270588,215.0
track_1250079,178.8
track_0523086,122.9
track_1214390,303.5
track_1168492,371.3
track_1353978,208.8
track_1303605,305.2
track_0369458,208.3
track_0260184,205.1
track_1248603,157.3
track_1138238,132.4
track_1029331,262.1
track_1105051,169.7
track_0908547,317.0
track_0973998,184.9
track_1324672,314.8
track_1349805,480.0
track_1163787,304.3
track_1402955,240.0
track_1093795,160.0
track_0846448,220.1
track_1313079,157.0
track_1085328,263.0
track_1361520,129.9
track_1129654,162.5
track_1119591,106.5
track_0166397,206.4
track_1164633,111.9
track_1078440,251.1
track_1155230,224.5
track_0949953,650.0
track_0151073,117.7
track_1029299,343.9
track_0997094,176.9
track_1347619,223.7
track_0897994,158.9
track_1388815,304.1
track_0020943,168.7
track_0891604,193.6
track_1036108,341.0
track_0401856,346.2
track_0585146,71.5
track_1079294,212.9
track_1147855,242.2
track_1322994,184.1
track_0011760,124.5
track_0944914,82.8
track_1236861,151.7
track_0373302,273.1
track_0264477,292.8
track_1084125,223.2
track_0959967,298.0
track_1183161,184.8
track_0151050,67.8
track_0603240,216.4
track_1346571,282.2
track_1126059,99.7
track_1116403,90.0
track_0957454,282.6
track_1123782,746.0
track_1075167,192.1
track_1136338,88.7
track_1203414,213.5
track_1272518,169.9
track_0433148,228.1
track_0802177,254.6
track_1007901,172.0
track_1146547,115.3
track_0133656,212.3
track_0757500,107.0
track_1208444,213.9
track_1077039,216.9
track_1076387,198.1
track_0081802,229.8
track_0319824,260.7
track_1157599,215.8
track_0381195,236.4
track_1265316,475.6
track_0356842,195.8
track_1149538,246.0
track_1127769,223.5
track_1049276,322.5
track_0081017,231.9
track_0734388,212.5
track_1373040,511.9
track_0345903,270.3
track_0802317,237.4
track_1100243,248.2
track_1069872,189.5
track_1088134,920.3
track_0114765,365.4
track_1028913,126.8
track_1366157,314.0
track_0542360,227.9
track_1273901,274.3
track_0711268,154.5
track_1192523,337.2
track_1231902,209.1
track_0439625,211.0
track_1164206,76.8
track_1330455,123.5
track_1342912,163.7
track_1374201,237.0
track_0151022,157.8
track_0984997,172.6
track_1072426,1566.8
track_0855268,284.2
track_0350885,110.7
track_0280156,124.3
track_0151061,136.2
track_0785267,161.9
track_0565809,198.0
track_0498816,243.0
track_0049028,105.2
track_1193234,244.5
track_1346846,256.1
track_1284334,221.0
track_1203896,420.4
track_1084433,279.4
track_0780396,280.2
track_1101292,137.3
track_1056142,373.0
track_0108603,375.1
track_0902710,351.1
track_1135199,264.1
track_1269915,202.0
track_0383587,58.7
track_0369906,236.0
track_1112061,121.9
track_1132966,357.7
track_1157350,187.0
track_0919940,509.7
track_1336654,212.6
track_0976913,257.2
track_0196256,92.4
track_1195933,77.0
track_1159664,176.2
track_1109958,31.2
track_0230805,214.0
track_0089284,184.0
track_1037625,240.7
track_1322173,220.9
track_0891607,126.0
track_1371870,204.0
track_1311285,302.7
track_1012599,174.6
track_1210606,145.0
track_1057820,173.2
track_1284343,338.8
track_1114028,195.0
track_0246919,255.9
track_1355267,182.5
track_0296233,119.1
track_1179402,148.4
track_1028811,213.4
track_0975919,94.6
track_0811122,168.5
track_1302679,203.0
track_1414087,336.2
track_1049745,214.6
track_0025218,189.5
track_0218554,196.1
track_0686757,159.7
track_1223077,108.2
track_1052158,217.9
track_0243737,239.9
track_1167887,277.5
track_1127777,205.7
track_1018541,188.2
track_1228696,256.8
track_1416526,170.7
track_1012601,128.6
track_1397813,103.0
track_1316298,158.8
track_1321118,121.1
track_1063515,275.0
track_0302718,350.2
track_0347530,253.0
track_1137248,262.3
track_0635968,225.9
track_1053396,457.7
track_1159639,224.7
track_1205771,377.6
track_1138891,151.5
track_1331235,165.2
track_1202180,113.2
track_1148988,240.0
track_1109993,58.1
track_0090044,102.2
track_1177397,398.6
track_1248614,146.9
track_1084678,267.2
track_0075171,175.3
track_0802274,223.1
track_0636028,283.6
track_1380007,254.6
track_1379396,171.0
track_1167103,155.0
track_1086428,217.4
track_0556349,100.1
track_0973381,183.4
track_1125687,60.0
track_0293159,213.2
track_1104755,260.0
track_1119405,122.5
track_0284925,620.0
track_0306657,293.7
track_1400596,107.9
track_1139989,130.5
track_1114535,473.7
track_1267145,202.6
track_0088553,219.0
track_0048720,281.1
track_1031569,269.1
track_0361074,291.1
track_1413465,449.8
track_1150097,263.3
track_1129026,232.0
track_1380650,208.1
track_1248601,185.2
track_1153109,246.2
track_0019197,321.0
track_1379861,326.4
track_0998076,268.9
track_0938051,195.3
track_0318672,232.4
track_0500417,270.3
track_1268991,201.0
track_1159694,164.2
track_1071413,394.1
track_1109971,30.0
track_1170598,159.0
track_1218916,119.0
track_1127771,245.2
track_0944926,164.2
track_1417007,337.7
track_0921757,346.0
track_0150952,102.9
track_1284459,147.6
track_0275236,150.2
track_1381596,158.7
track_1121311,180.7
track_1150757,392.0
track_0150951,62.6
track_0207461,194.4
track_0936355,267.4
track_1134578,280.5
track_1170732,174.7
track_1076539,218.3
track_1189907,142.2
track_0553092,180.9
track_0801485,281.0
track_0847338,456.0
track_0618825,156.9
track_0368182,319.1
track_1023324,144.3
track_1354689,318.6
track_0934875,210.1
track_0891606,152.4
track_0206645,139.3
track_1171701,349.2
track_0733185,207.4
track_1149230,59.1
track_1077722,205.1
track_1269082,308.0
track_0133512,155.4
track_1075205,105.8
track_1083509,192.8
track_1215910,350.0
track_0661757,267.6
track_1018539,146.5
track_1319993,149.4
track_0647522,128.0
track_1319230,245.5
track_1007064,277.4
track_0466286,442.0
track_1216208,262.0
track_0081189,136.2
track_0902704,268.6
track_1216038,227.3
track_1085598,207.0
track_1098378,470.4
track_1107314,294.2
track_0571483,146.5
track_0150961,83.3
track_0114794,306.4
track_1244877,260.5
track_0036702,97.5
track_1159369,354.0
track_1347952,82.0
track_1081859,128.4
track_1248611,198.7
track_0661755,270.1
track_0089267,198.0
track_1078780,207.3
track_0875087,186.1
track_1111990,79.2
track_1370478,138.8
track_1096870,220.6
track_1369854,120.9
track_1018533,248.8
track_0731613,337.8
track_1032795,127.9
track_1400601,140.7
track_0802290,178.3
track_1372838,323.9
track_0647529,117.6
track_1312608,256.9
track_0769796,146.4
track_1387749,284.5
track_0976778,224.0
track_0271880,120.9
track_0802180,199.1
track_1314148,176.9
track_1159746,149.6
track_0810905,292.0
track_0381193,219.9
track_1266577,357.7
track_1012003,206.0
track_0553245,256.5
track_1387143,184.2
track_0854720,245.2
track_1082095,144.0
track_1158989,59.1
track_1109829,98.8
track_1169734,94.1
track_1287570,358.2
track_0020945,145.8
track_1248605,196.0
track_1317904,178.8
track_1366118,387.9
track_0306265,245.8
track_0271874,102.3
track_1088852,236.1
track_1110784,77.1
track_1338388,256.1
track_0802280,195.9
track_1326860,387.5
track_0768427,154.3
track_0371281,221.7
track_1275611,234.8
track_1372077,227.6
track_0594268,232.0
track_0154633,499.7
track_1396093,68.3
track_0381089,220.3
track_0110023,238.3
track_0865773,377.2
track_1194831,85.6
track_1076566,207.2
track_1097206,465.2
track_1328085,469.1
track_0017963,400.5
track_1316650,280.0
track_1112049,30.6
track_0242781,268.6
track_1119406,138.9
track_0711278,155.5
track_1113729,369.8
track_0997001,273.4
track_0785622,388.0
track_0896606,238.4
track_0381194,332.0
track_1088384,219.2
track_0635297,206.3
track_0119406,314.3
track_1227740,238.6
track_0897986,92.0
track_0094700,310.2
track_1379392,199.2
track_0786775,347.3
track_1251852,269.0
track_1133358,303.9
track_0168880,125.7
track_0162035,122.1
track_1320014,201.6
track_1340350,554.0
track_0081024,298.0
track_0659895,97.5
track_0873552,249.6
track_1149722,253.2
track_1160353,335.1
track_1041495,163.8
track_1127784,203.0
track_1146583,128.9
track_0802325,249.4
track_1244942,202.2
track_1121402,191.2
track_0048727,269.5
track_1369860,114.1
track_1253436,225.4
track_1095020,255.0
track_0381099,86.0
track_1253378,174.0
track_1194943,153.2
track_1185651,133.8
track_1012596,214.1
track_0553251,212.1
track_1127766,209.4
track_1032241,192.5
track_1034276,132.1
track_1126084,480.5
track_0342260,158.5
track_1203426,209.5
track_1056814,224.8
track_1123037,365.6
track_0034518,304.7
track_0470772,576.0
track_1125826,185.6
track_0973390,331.7
track_1102193,250.5
track_0080776,46.3
track_0865675,285.3
track_0840600,184.1
track_1028895,135.5
track_0810671,203.1
track_1369053,154.1
track_0399204,264.9
track_0625211,260.1
track_0162042,265.9
track_1040986,212.1
track_1210925,672.5
track_0271876,43.8
track_0230889,216.8
track_1374685,153.4
track_1202372,248.8
track_1013134,316.7
track_1109855,95.4
track_1416528,163.8
track_0989718,165.0
track_1150103,393.7
track_0659904,172.0
track_1046572,192.3
track_1316336,256.8
track_0922588,122.1
track_1283764,261.6
track_0150789,102.0
track_0811230,228.9
track_0594785,380.3
track_1163206,118.0
track_1109864,150.0
track_0485055,252.3
track_0976776,236.1
track_0989881,243.7
track_0897982,154.0
track_1322017,227.4
track_1087889,320.6
track_0594264,308.3
track_0381100,251.1
track_1134761,124.4
track_1098130,265.0
track_0911360,256.2
track_0961892,160.8
track_0700218,260.9
track_1085622,377.4
track_1208806,225.0
track_1042079,324.2
track_1137264,127.4
track_0799821,247.6
track_1130046,267.1
track_1123666,80.1
track_1369350,199.4
track_1296859,132.0
track_1415546,37.3
track_1205917,78.7
track_1306069,172.4
track_0259889,183.8
track_0259693,97.1
track_1372873,171.7
track_1156122,162.0
track_1189651,231.9
track_0873804,224.0
track_1047229,47.1
track_1407674,143.6
track_1165509,158.4
track_0957462,228.8
track_0078305,199.5
track_1089191,368.6
track_1165777,315.7
track_1369051,180.7
track_0708466,106.8
track_1356240,260.1
track_1110486,35.9
track_1327155,237.5
track_0147667,136.3
track_0181825,172.8
track_1289135,519.5
track_0275243,91.0
track_0802299,157.5
track_0996967,223.9
track_1364092,263.1
track_1094520,234.0
track_1138774,67.7
track_0373053,150.9
track_1118532,334.0
track_0260183,156.3
track_0768443,151.1
track_1153108,254.3
track_0090063,139.7
track_1374955,252.8
track_0973999,232.5
track_0790453,203.5
track_1115532,268.6
track_1315062,273.6
track_0607865,345.8
track_0976789,173.7
track_1133349,299.5
track_1076576,61.6
track_1219360,173.4
track_1243881,340.0
track_1329456,231.4
track_0868277,238.2
track_1336890,203.3
track_1315879,276.6
track_1137232,177.7
track_0768442,156.1
track_1360554,84.7
track_0162026,269.6
track_1388888,207.8
track_0988517,280.3
track_1138827,98.9
track_1012595,114.6
track_0073119,285.7
track_1376053,250.3
track_1161436,88.8
track_1127785,120.0
track_0188690,202.8
track_1064327,301.3
track_0780392,192.6
track_1080223,276.5
track_1039614,755.2
track_1075183,115.1
track_0844330,249.2
track_1167072,167.4
track_1072438,716.9
track_1104716,267.6
track_0134739,256.4
track_1064764,280.8
track_1345287,60.8
track_1029324,332.8
track_0983612,255.9
track_1357549,93.9
track_1159155,194.0
track_0922583,168.1
track_0011771,127.1
track_0034851,222.6
track_0094755,176.2
track_1115077,131.4
track_1207618,266.6
track_0453977,549.8
track_0913290,177.4
track_1406914,337.4
track_1165525,206.4
track_1076453,198.2
track_0166409,369.7
track_1377609,189.8
track_1147623,362.0
track_1306011,222.7
track_0647539,158.5
track_1084121,272.0
track_1132263,96.0
track_1248612,240.6
track_1094574,190.0
track_1317594,320.2
track_1066755,203.4
track_1196184,179.9
track_1163962,236.1
track_1158489,101.9
track_0680974,1105.2
track_1251845,344.5
track_0297688,208.0
track_0636316,168.7
track_1361245,184.2
track_1340348,42.0
track_1320027,157.4
track_1057027,156.3
track_0188480,289.9
track_1129030,87.2
track_1011996,180.0
track_1032804,202.8
track_0771286,164.2
track_1396204,221.9
track_1130987,523.2
track_0385449,732.1
track_0875085,183.4
track_1414160,459.6
track_1340791,197.7
track_1391159,399.0
track_0230823,270.0
track_1168167,249.1
track_1194829,160.5
track_0667863,395.8
track_1415744,80.1
track_1388866,205.0
track_0259832,375.2
track_1044931,226.7
track_1248271,149.4
track_0802176,83.5
track_0891610,223.2
track_0007395,109.9
track_1159666,219.5
track_0799921,174.5
track_1272453,186.1
track_0903600,155.6
track_0094704,227.2
track_0719759,202.5
track_0507395,219.6
track_0618450,142.6
track_1051948,284.1
track_0219519,283.4
track_1327738,166.8
track_1171068,479.4
track_1179214,332.0
track_1366153,261.9
track_1170733,171.7
track_0500830,163.8
track_1197327,131.4
track_1170412,93.0
track_0602737,267.5
track_1217507,230.3
track_1079757,346.0
track_1061502,124.1
track_1372065,177.7
track_0066955,163.2
track_1415613,211.9
track_1324909,206.1
track_0780395,303.8
track_1093792,197.0
track_1189933,182.4
track_1128219,210.0
track_1370609,184.5
track_1416044,42.7
track_1155991,238.0
track_1247372,374.0
track_0890573,142.8
track_0721938,288.8
track_1103451,216.5
track_1027910,216.1
track_1066137,250.1
track_1123877,132.2
track_1397773,488.0
track_0162039,210.8
track_1157307,172.0
track_1127285,269.1
track_1125690,60.0
track_0095713,218.5
track_1274296,288.1
track_0381091,263.0
track_1230637,197.8
track_0076972,182.3
track_1324697,544.8
track_1269806,216.3
track_0957452,99.7
track_1027952,168.0
track_1083959,40.6
track_0553250,231.4
track_1058927,186.1
track_1133350,274.3
track_1116402,90.0
track_0370261,272.0
track_0166335,241.8
track_1248248,112.2
track_1080211,156.7
track_1066206,291.1
track_1299911,103.2
track_1076565,116.7
track_1300041,100.0
track_0986593,161.7
track_1107267,264.0
track_1123888,232.1
track_1061297,125.5
track_0962064,224.3
track_1141668,259.5
track_1160619,148.1
track_1236045,177.0
track_0647533,167.0
track_0342256,43.6
track_1393646,270.1
track_1173144,360.6
track_0658531,348.9
track_1331579,372.5
track_0986867,315.0
track_1296783,133.1
track_0154630,599.1
track_0272369,295.1
track_0206015,210.1
track_0947793,135.8
track_1136897,288.0
track_1089136,44.4
track_1346883,180.0
track_1283748,177.8
track_0077445,189.1
track_0919638,328.6
track_0399425,268.0
track_0950094,372.0
track_0339224,89.1
track_1189927,146.7
track_1086691,123.9
track_1096859,276.2
track_1109972,112.5
track_0080811,76.7
track_1023319,157.4
track_1349471,210.9
track_1037058,218.9
track_1351143,178.1
track_0011747,97.3
track_1194951,149.4
track_0025992,192.0
track_1235675,210.2
track_1104876,158.0
track_1417885,31.2
track_1111974,58.6
track_1078477,191.0
track_0888638,204.3
track_1150485,101.6
track_1353975,111.9
track_1153117,297.3
track_0072836,242.8
track_1137270,151.0
track_1336656,234.9
track_0789654,213.4
track_1352266,250.6
track_0365389,383.3
track_1154727,155.8
track_1186080,582.0
track_1324426,268.8
track_0891990,195.0
track_1036706,213.4
track_0873809,204.3
track_1102231,191.8
track_1197341,147.6
track_1320013,166.4
track_1196182,218.2
track_1296928,170.7
track_1415804,233.7
track_1041776,259.5
track_1056821,229.7
track_1079190,135.0
track_1339213,237.0
track_1037055,196.0
track_1328148,169.1
track_1208804,234.7
track_1278316,289.0
track_1164724,112.0
track_1286534,30.8
track_0802283,212.7
track_0802291,124.8
track_1374261,230.7
track_1162034,402.3
track_0740990,256.4
track_1134250,97.6
track_0982407,165.0
track_1353701,144.0
track_1294977,227.9
track_1359331,251.1
track_1012593,167.8
track_1194315,234.5
track_1112016,108.4
track_0259844,263.8
track_0702765,202.5
track_0785631,238.0
track_1033220,420.4
track_0280160,157.4
track_1167306,68.3
track_0594266,252.1
track_1231903,185.1
track_1388874,172.9
track_0594258,290.1
track_0874890,297.9
track_1134851,233.5
track_0321962,354.0
track_1320012,114.5
track_0939258,132.5
track_0292851,493.9
track_0414047,157.9
track_1032911,234.8
track_0989880,279.1
track_0736795,187.3
track_1083514,185.6
track_1054375,308.6
track_1380591,105.9
track_1370320,250.6
track_0038114,308.7
track_1345843,50.1
track_1028810,202.0
track_0460299,275.0
track_1051206,229.0
track_1171143,622.0
track_1056584,859.7
track_1149699,156.5
track_0729309,329.3
track_0371272,447.4
track_1088397,59.7
track_1090981,150.1
track_1389166,97.0
track_1416707,280.0
track_1357385,189.0
track_1243731,144.0
track_0461017,263.0
track_1156007,272.4
track_1345288,69.3
track_0207506,223.6
track_1365284,160.0
track_1164204,80.0
track_1234333,204.6
track_1380665,264.1
track_1248607,164.8
track_1292791,319.5
track_0661498,362.1
track_0875083,325.3
track_1075454,172.3
track_0518471,89.9
track_1355021,83.3
track_0986804,352.9
track_1144454,244.3
track_0129967,182.4
track_0293157,207.6
track_1137418,89.3
track_1178110,258.2
track_1203895,244.1
track_0799822,201.7
track_0945019,322.1
track_0086256,169.1
track_1348469,254.7
track_1376074,198.0
track_1348656,229.0
track_1027882,281.2
track_1400007,328.9
track_0619882,241.8
track_0957456,93.1
track_1195900,103.0
track_1349483,140.4
track_1234413,171.3
track_0711275,169.0
track_1076567,156.9
track_1150348,246.5
track_1264207,142.3
track_1097122,391.9
track_0858545,270.5
track_1064324,252.6
track_1186549,231.2
track_0015656,530.2
track_1225155,255.6
track_0277846,225.0
track_0008564,366.1
track_1113639,253.2
track_1289381,456.0
track_0026220,199.5
track_1087143,429.4
track_1163315,312.9
track_1158483,543.5
track_0036703,89.4
track_0934049,177.7
track_1340341,255.5
track_0330212,152.7
track_1127560,192.1
track_1088103,1100.0
track_1112439,457.5
track_1399583,230.8
track_0353272,273.5
track_1248608,208.5
track_1418302,202.4
track_0265519,216.7
track_0342262,208.9
track_1132269,46.1
track_1287569,745.7
track_1189144,350.0
track_1369722,308.7
track_1393522,228.6
track_1319236,264.5
track_1171568,257.6
track_1270570,165.3
track_1141662,320.0
track_0321963,317.3
track_1162021,218.7
track_1159625,166.3
track_1337809,277.0
track_1146588,2171.4
track_0965443,457.8
track_1101585,233.5
track_1389032,203.2
track_0150790,84.0
track_1159702,159.6
track_1328162,254.1
track_1155893,223.4
track_0328898,249.2
track_1170409,158.0
track_1085332,299.0
track_1137241,127.1
track_0806978,245.0
track_1074318,124.0
track_0565810,148.5
track_1067259,256.1
track_1190441,240.9
track_0667859,285.4
track_0114772,246.7
track_1303037,219.9
track_0847332,281.1
track_1075202,134.4
track_1096815,341.2
track_0992068,31.2
track_1168558,307.4
track_0151094,69.3
track_0476786,278.4
track_1384684,169.5
track_1080565,267.3
track_0373353,262.1
track_0152604,172.1
track_1371493,368.1
track_1007745,272.9
track_0037814,341.7
track_1155221,229.7
track_1387493,240.0
track_1157021,69.5
track_0243794,220.3
track_0081810,275.8
track_1160272,116.1
track_1122128,437.6
track_0785624,286.0
track_0585155,163.0
track_1075924,141.4
track_0603758,174.2
track_1090143,220.2
track_1102225,222.5
track_0740993,224.5
track_0048725,204.3
track_1389364,217.1
track_1093793,182.0
track_0247281,195.5
track_0293173,251.4
track_1320021,141.4
track_1045881,206.4
track_1039520,167.4
track_1340340,140.3
track_1375198,75.8
track_0965438,371.8
track_1138693,239.2
track_1369956,291.1
track_1086640,648.0
track_0292852,206.9
track_1384191,180.0
track_1051174,186.2
track_1194313,198.8
track_0711265,184.5
track_0151044,63.6
track_1365934,167.0
track_1129650,268.3
track_0230830,230.3
track_1132262,61.0
track_1137252,170.2
track_1113640,268.3
track_1374949,164.9
track_1292795,248.9
track_0802323,193.3
track_1123292,286.5
track_0459357,219.8
track_1222624,271.2
track_1162978,710.8
track_0694644,187.9
track_1396603,213.8
track_1104889,190.0
track_1070643,257.1
track_0919476,273.7
track_1137243,160.4
track_0941155,235.7
track_1320587,188.2
track_1270631,353.2
track_0073073,51.3
track_1164337,244.4
track_1098423,468.0
track_0088561,118.2
track_1181577,177.5
track_1347935,32.0
track_1396101,80.2
track_1195897,121.6
track_1346106,307.9
track_1158119,367.4
track_1125823,225.9
track_1067695,265.8
track_0780394,421.9
track_0941157,234.0
track_1172565,74.2
track_1155894,134.4
track_0123481,254.8
track_1369046,129.9
track_0976816,186.9
track_1273904,188.6
track_0082423,342.2
track_0811239,221.1
track_0571473,182.5
track_1295411,143.6
track_1159621,125.8
track_1330447,98.0
track_1380677,402.0
track_1374303,187.0
track_0888633,313.3
track_1129332,186.0
track_1203392,237.1
track_1077822,259.8
track_1372872,214.8
track_0151154,168.2
track_1277912,64.3
track_1243723,111.9
track_1027883,271.1
track_0242906,237.8
track_1320026,104.4
track_1357457,309.1
track_1322187,230.5
track_0043176,356.6
track_1225309,161.9
track_0721199,202.0
track_1075928,145.4
track_1394753,184.8
track_0913699,241.8
track_1171144,296.6
track_0902755,192.0
track_1208808,311.9
track_1151198,414.6
track_1314542,69.3
track_1235167,184.6
track_0114781,359.9
track_1252983,257.2
track_1110370,77.6
track_0956243,93.9
track_1187350,224.3
track_0032317,257.5
track_0715788,248.6
track_1323012,263.0
track_1159618,214.5
track_0902713,235.9
track_1075184,100.2
track_1202192,169.8
track_1417904,169.5
track_0236348,266.1
track_1396257,65.3
track_0305531,191.4
track_1418411,184.5
track_1327811,257.5
track_1227222,224.6
track_1055321,136.6
track_1271483,217.6
track_1057809,60.3
track_0466285,475.7
track_0644847,279.6
track_1126036,237.7
track_0890975,153.5
track_0962585,216.0
track_1177396,221.4
track_0034519,276.1
track_0482193,95.6
track_1080204,173.3
track_1250205,30.8
track_1337807,224.9
track_0172814,317.3
track_0209232,251.4
track_1027606,187.1
track_0108580,222.5
track_0939257,136.3
track_1110490,162.9
track_1193569,145.1
track_1353974,165.0
track_1381591,189.1
track_1137236,234.1
track_1084375,129.8
track_1340795,289.1
track_1063331,200.0
track_1122005,202.9
track_1027878,256.4
track_0758070,253.4
track_1114039,239.2
track_1208250,514.0
track_1039576,470.5
track_1274243,150.9
track_1393409,90.0
track_1339446,380.5
track_1247375,274.9
track_1282103,177.1
track_1360760,216.1
track_0728042,197.0
track_1078363,219.7
track_1339385,305.6
track_1061372,163.0
track_0802284,218.1
track_1077728,338.5
track_1245170,128.2
track_1015045,199.6
track_1234506,374.3
track_0944154,76.5
track_1107043,112.0
track_0802181,224.7
track_1341041,231.5
track_1128221,318.9
track_1165476,175.4
track_1329523,74.0
track_1066658,344.8
track_1092333,418.2
track_0859220,129.6
track_1172557,44.9
track_0135825,177.6
track_1250762,692.9
track_1163588,289.8
track_1109865,161.6
track_0081188,131.8
track_1092337,228.8
track_0873550,232.8
track_1374699,158.0
track_1066204,280.6
track_0461018,220.0
track_1342722,107.5
track_0939249,175.5
track_0096815,526.8
track_1156089,193.0
track_1110300,225.2
track_1375202,151.8
track_1053494,406.0
track_1149222,54.9
track_1147272,216.5
track_1189915,263.3
track_0938364,61.3
track_0008561,248.3
track_1283377,318.9
track_1133342,267.7
track_0323684,93.8
track_1129661,608.2
track_1159693,244.3
track_1159661,191.8
track_0078732,237.9
track_1070609,166.2
track_1364940,48.5
track_1085331,297.0
track_1078824,200.0
track_1156320,168.7
track_1095479,399.1
track_0491053,152.6
track_1178802,371.6
track_1212789,103.1
track_1022638,542.0
track_1122852,219.7
track_1075201,111.5
track_0640122,287.5
track_0075176,151.5
track_1217516,192.1
track_1221583,124.6
track_1204670,230.0
track_1225500,195.1
track_1168163,222.9
track_1112019,92.9
track_1053496,265.5
track_1339219,130.1
track_1149239,56.6
track_0661752,205.2
track_1177895,157.9
track_1037835,85.0
track_0448681,267.4
track_1118385,266.3
track_1307836,195.0
track_0962729,240.7
track_1414396,186.3
track_1149223,85.4
track_0603750,214.8
track_1270605,185.1
track_0667860,266.0
track_1320019,151.0
track_0984752,202.7
track_0921507,227.6
track_1162095,56.8
track_0710259,273.7
track_0989871,191.3
track_1075171,88.2
track_0166587,245.2
track_1174877,208.0
track_0965319,209.7
track_1158185,126.5
track_1121415,366.9
track_0836024,238.1
track_1272517,240.4
track_1029333,275.0
track_1300045,215.5
track_0537758,212.3
track_1364624,122.7
track_0766434,230.6
track_0734510,344.4
track_1046467,186.0
track_1080220,149.5
track_1157351,266.3
track_1332192,196.6
track_0686755,191.4
track_1280191,355.9
track_1072572,591.8
track_0453823,389.4
track_1374300,199.1
track_1189652,306.0
track_1380651,200.1
track_0242902,213.3
track_1156129,417.5
track_1189918,132.6
track_1072571,433.0
track_0921758,472.4
track_1313457,243.6
track_0977854,127.7
track_0847200,65.4
track_1380115,124.4
track_0873565,218.4
track_1418666,129.7
track_0368162,149.7
track_1073157,252.0
track_1035558,272.7
track_0023863,199.7
track_1319505,278.0
track_0594259,306.6
track_1065764,186.0
track_0448684,237.5
track_1067251,229.3
track_1116425,45.7
track_1084385,66.6
track_0768438,171.0
track_0296238,289.1
track_0919470,261.4
track_1377415,276.9
track_0083416,83.2
track_1162015,174.3
track_1107730,180.0
track_1400269,175.0
track_1030901,307.7
track_1314921,60.0
track_1075185,102.9
track_0666757,217.6
track_1384681,140.4
track_1265329,258.5
track_1195920,104.7
track_1075892,295.5
track_1032157,172.8
track_1405039,192.0
track_1300336,159.5
track_0134738,309.5
track_1092336,244.3
track_0602712,230.0
track_0707019,167.8
track_0080795,238.1
track_1081055,211.6
track_0025239,250.6
track_0209047,300.9
track_1097027,265.4
track_1339383,231.1
track_0511086,229.9
track_1170416,134.4
track_1038730,263.3
track_0594263,172.5
track_1104890,120.0
track_1196187,185.9
track_1390456,71.0
track_1291949,414.7
track_1102224,326.0
track_0405789,283.8
track_1035128,309.3
track_1264202,98.5
track_1067691,165.0
track_0769794,238.3
track_0711276,165.0
track_1287605,213.1
track_1251473,164.7
track_0956549,363.9
track_1157306,124.4
track_1231681,162.3
track_1056820,293.3
track_1084671,286.7
track_1289136,122.9
track_1125400,105.0
track_1118535,295.5
track_1381534,363.9
track_1070458,60.1
track_1033164,249.9
track_1231641,185.2
track_1137265,124.7
track_1149532,52.0
track_0426733,75.5
track_0211415,231.9
track_1166071,176.8
track_1379926,320.2
track_1061405,185.7
track_1372832,312.0
track_0873555,194.9
track_0585158,155.5
track_0695030,117.9
track_1154252,252.9
track_0556370,158.0
track_0131615,236.8
track_1076561,181.4
track_1135221,308.0
track_1187351,192.0
track_1161407,307.3
track_1186433,252.4
track_0867666,216.8
track_0950828,224.3
track_0066954,165.3
track_1163304,213.6
track_1034275,172.6
track_1081038,321.4
track_0286148,512.5
track_0460240,428.5
track_1208345,210.1
track_1288349,579.2
track_1086192,293.0
track_1169700,152.6
track_1108197,259.4
track_1414158,352.3
track_1136528,153.8
track_1047976,63.1
track_1155551,177.0
track_1235673,349.9
track_1103454,174.0
track_0793922,283.4
track_1156087,228.0
track_1227366,233.9
track_1075206,73.0
track_1314923,147.8
track_0081289,175.5
track_0074751,345.5
track_0945015,333.8
track_0980882,166.0
track_1030383,134.0
track_1264208,149.5
track_0402063,122.9
track_0771287,128.2
track_0035743,250.4
track_0565806,86.1
track_1329975,316.8
track_1012007,150.0
track_0998081,331.9
track_1412817,266.2
track_1243741,198.9
track_1361472,191.7
track_1137269,125.4
track_1395043,112.0
track_1091993,296.0
track_1118592,337.2
track_1069765,372.6
track_0026439,114.7
track_1094514,148.0
track_0081806,217.4
track_1122006,187.5
track_1369645,305.4
track_1418339,205.1
track_0088555,520.4
track_0414048,333.6
track_1414157,442.5
track_1111541,378.5
track_1221745,343.4
track_0915275,84.4
track_1004124,81.3
track_1245139,82.9
track_1372086,267.8
track_1150483,176.2
track_0082643,363.3
track_0606413,193.3
track_1335407,156.1
track_1296934,90.9
track_0457238,250.3
track_1144143,192.8
track_1051711,30.0
track_1132970,250.3
track_0500413,216.1
track_1150488,212.2
track_1165393,290.4
track_0708471,157.2
track_1274155,51.9
track_1368978,177.7
track_1266585,537.3
track_1077360,267.7
track_0647527,164.5
track_0802289,146.8
track_1221847,249.4
track_1301743,195.0
track_0415996,186.8
track_1286240,221.5
track_1054107,318.0
track_1133345,326.3
track_1245141,188.3
track_1372075,227.6
track_1136673,193.2
track_1354123,194.2
track_1039617,159.3
track_0726468,322.8
track_0636311,286.0
track_1304568,564.0
track_1306013,191.0
track_1073152,374.8
track_1234990,216.7
track_1164992,502.4
track_1186167,210.7
track_1160226,290.9
track_0260196,221.8
track_1350986,61.0
track_1122057,159.8
track_0967228,257.2
track_1397815,56.3
track_0356930,204.6
track_1105060,228.8
track_1416571,96.0
track_0278335,204.0
track_0782923,264.0
track_1148779,151.0
track_0941397,179.9
track_1170597,205.7
track_0439632,277.0
track_1016733,258.6
track_1366125,265.1
track_1341106,325.8
track_1096247,328.0
track_0245501,189.4
track_1040985,217.1
track_1295768,255.2
track_0897319,229.0
track_0362499,377.5
track_0271119,413.5
track_0704160,202.3
track_0974624,172.4
track_1149540,270.3
track_1052561,123.8
track_1384193,110.9
track_1054930,213.8
track_1154906,192.0
track_1312510,173.9
track_0345161,120.0
track_1139435,31.0
track_1419769,313.6
track_0228880,464.0
track_1354786,251.2
track_0081284,140.1
track_1189926,135.4
track_1170740,229.0
track_0950104,308.9
track_1418412,161.5
track_1096932,275.0
track_1174089,310.0
track_1240602,397.3
track_1201481,286.6
track_0094750,200.2
track_0734446,315.8
track_1129029,158.6
track_1067250,327.8
track_0976786,248.5
track_0719847,166.7
track_1225290,187.0
track_1351141,239.3
track_0873551,234.8
track_1036947,228.0
track_1413871,209.6
track_1208805,336.0
track_1164986,257.7
track_0773683,731.3
track_1320011,165.4
track_1264107,225.6
track_0835814,196.6
track_0764960,297.0
track_1126701,272.1
track_0396641,119.2
track_0259681,52.5
track_0130374,138.9
track_1075178,138.0
track_1123677,49.2
track_0128838,213.7
track_1357556,239.8
track_1131998,227.0
track_1308820,398.9
track_0078736,350.5
track_0272365,467.2
track_1123840,36.6
track_1393400,210.0
track_1086430,850.7
track_1189906,199.7
track_0846576,312.3
track_1316318,336.3
track_0963335,175.0
track_0855373,205.0
track_1131569,372.0
track_1394524,224.1
track_1065643,193.4
track_1227365,231.1
track_1126664,369.4
track_0973383,195.9
track_1046359,2112.2
track_1032224,902.5
track_1107282,249.8
track_1189657,231.2
track_0618820,129.5
track_1039778,170.0
track_1369045,246.4
track_1292130,177.4
track_1165511,46.2
track_0088563,106.4
track_0202153,184.9
track_1275613,195.8
track_0585148,62.0
track_1104882,165.0
track_1397148,132.5
track_1124167,262.3
track_1171551,240.1
track_1348663,230.0
track_1366152,189.7
track_0383582,245.9
track_1098412,490.0
track_1243736,264.0
track_0790454,219.9
track_1113024,63.9
track_0973997,233.5
track_0947792,193.5
track_0078727,229.4
track_0866758,145.0
track_1047961,320.0
track_1234446,181.8
track_1316343,314.9
track_0913694,257.9
track_1044791,333.5
track_0858721,521.3
track_0768434,192.0
track_0326511,115.7
track_1251475,171.0
track_1026043,205.0
track_1227739,258.6
track_1251175,79.6
track_1059054,193.5
track_1113648,153.6
track_0897988,168.8
track_1194311,218.9
track_1137276,129.4
track_0603759,155.7
track_0996971,159.8
track_1248618,170.9
track_1370669,234.7
track_1181578,83.6
track_1249629,135.7
track_0946950,213.8
track_1384033,41.5
track_1166023,243.0
track_1368980,155.7
track_0606116,270.3
track_1133343,256.9
track_1066898,280.8
track_1345282,166.2
track_1266576,440.0
track_1098804,242.5
track_0579913,209.6
track_1168170,180.5
track_0151079,89.7
track_0962055,188.3
track_0710540,213.4
track_0139573,238.6
track_0094734,151.6
track_0017490,233.7
track_1148781,150.0
track_1227373,295.8
track_1152113,2159.5
track_1028805,152.2
track_1098748,203.6
track_0957450,133.1
track_0600030,910.2
track_1223053,235.6
track_1158175,169.0
track_0565808,196.0
track_1377610,194.8
track_1129455,522.3
track_1051173,187.7
track_1349477,252.4
track_1231997,205.5
track_1217505,109.1
track_1170413,156.0
track_1231994,184.1
track_0962582,186.7
track_1243717,222.7
track_1148183,220.7
track_0855359,345.6
track_1089972,214.0
track_1150080,320.6
track_1108514,172.0
track_0034412,170.0
track_1399777,285.3
track_0704686,186.6
track_1170410,120.0
track_1047938,194.0
track_1194314,233.1
track_1132279,209.3
track_0839515,160.8
track_1203377,271.4
track_0398646,227.8
track_1077042,193.2
track_0414114,166.2
track_1340336,190.0
track_1193253,288.1
track_1345298,74.1
track_1079818,221.0
track_1054346,157.3
track_0565790,160.0
track_0425767,274.2
track_0381096,215.5
track_0655027,190.6
track_1315899,416.9
track_1109896,125.2
track_1163399,205.3
track_1026847,398.9
track_1339227,169.6
track_1075141,309.4
track_0076976,169.6
track_0283205,133.3
track_1194583,295.5
track_1078693,436.0
track_1119016,246.0
track_0081811,222.6
track_0355479,741.0
track_1163210,117.0
track_1069008,218.8
track_0897316,197.4
track_0345909,280.7
track_0647530,147.0
track_1194557,381.5
track_0165726,680.9
track_1319995,183.7
track_1138824,96.8
track_0074752,210.3
track_1113031,108.8
track_0038760,213.6
track_1316647,261.5
track_0151034,117.4
track_0897314,96.6
track_0571481,160.5
track_1083515,148.0
track_0875380,262.0
track_0341566,148.2
track_1393421,210.0
track_1150119,247.8
track_0916193,272.5
track_1341457,299.5
track_1082696,52.9
track_1102228,174.6
track_1265915,329.4
track_1337808,227.8
track_1093961,439.7
track_0534299,144.0
track_1111967,78.1
track_1310214,298.0
track_1164227,309.3
track_0106895,376.4
track_1273058,148.2
track_1178804,374.5
track_1218784,202.6
track_1343814,146.1
track_1143987,316.1
track_1291834,167.5
track_1186642,162.6
track_1075927,89.8
track_1248264,168.0
track_1164047,128.1
track_0425763,267.0
track_1330233,46.8
track_0116616,873.0
track_1320022,138.4
track_0004888,87.4
track_1359474,215.8
track_1086297,658.6
track_1346208,426.9
track_0406256,270.2
track_0565797,148.0
track_1030095,387.2
track_1098070,297.7
track_1085249,160.4
track_0810901,212.0
track_1116399,90.0
track_1114502,276.0
track_1075203,105.4
track_1093937,175.0
track_1372289,152.9
track_1396094,65.0
track_1361240,372.0
track_0043880,192.5
track_1160422,112.2
track_0296235,306.8
track_0008559,247.1
track_1204136,206.4
track_1166920,265.2
track_1076563,136.7
track_1166919,298.0
track_0862389,220.3
track_0565807,141.8
track_0780388,312.2
track_1418669,220.4
track_1222766,150.8
track_1164568,295.6
track_1255094,132.6
track_1157360,199.3
track_0959178,270.1
track_1169102,299.0
track_0024028,109.7
track_1075191,96.3
track_1065247,233.6
track_0635960,247.7
track_0802327,175.1
track_1135794,248.4
track_1358547,202.1
track_1319998,143.7
track_0996964,244.5
track_1358775,223.7
track_0553258,278.8
track_0888621,232.5
track_1203669,200.0
track_1160047,272.8
track_1328088,195.8
track_1049878,289.3
track_0007391,188.1
track_1138236,144.4
track_1159749,222.5
track_0618816,170.1
track_1310766,227.0
track_0383994,162.6
track_1352822,55.6
track_1144228,262.4
track_1076459,172.6
track_0242573,223.4
track_0980789,110.0
track_1346630,380.1
track_1300334,1043.9
track_0679888,209.5
track_1098067,240.9
track_1170729,149.2
track_0084162,259.0
track_1085599,280.7
track_0242572,720.8
track_1310350,64.0
track_1166105,202.8
track_1109854,49.0
track_0810899,176.0
track_1190626,341.7
track_0034860,304.1
track_1393519,136.8
track_1162356,184.0
track_1368384,320.0
track_0679891,173.3
track_1193245,260.2
track_1029332,363.4
track_1353823,182.4
track_1232050,205.9
track_1379928,320.1
track_0080874,163.5
track_0997096,197.4
track_0043882,268.4
track_0839518,165.5
track_1223086,195.8
track_0867661,220.7
track_1069328,356.5
track_1115606,105.8
track_0017954,414.8
track_1056815,724.2
track_1414089,362.6
track_1317906,271.5
track_1188768,220.3
track_1322186,331.0
track_1142630,127.1
track_0209151,322.7
track_0659896,189.5
track_1116432,65.5
track_1109774,154.0
track_0035338,777.7
track_0400858,229.3
track_1227360,209.0
track_0461021,33.1
track_1018536,205.5
track_1098838,187.8
track_1366002,64.6
track_0956523,188.2
track_0938334,245.5
track_0006725,231.5
track_0647559,78.0
track_0035174,247.2
track_0783258,164.9
track_1094793,233.0
track_1076455,258.1
track_1186545,255.8
track_1203127,63.7
track_1166926,230.3
track_1169139,317.6
track_1221302,202.0
track_1131880,362.3
track_1326730,146.8
track_1138103,217.8
track_1293738,224.3
track_1144450,244.7
track_1129651,216.3
track_0260177,137.4
track_1108281,54.5
track_0263535,237.8
track_1208659,193.0
track_1018537,162.5
track_1021917,446.2
track_1141663,332.1
track_1330449,228.0
track_1009601,33.5
track_1067707,58.3
track_1208443,210.4
track_1277295,290.0
track_0088558,121.3
track_0094736,199.5
track_1216213,183.0
track_1372083,117.5
track_0810903,224.1
track_1112447,418.9
track_0046036,174.5
track_0867664,196.4
track_0903604,141.7
track_0802277,233.4
track_0188692,337.0
track_1326691,114.9
track_0847261,165.9
track_1089141,30.7
track_1156038,390.0
track_0057861,452.0
track_1313370,259.1
track_1072437,401.1
track_1090978,97.8
track_0962586,187.8
track_1029296,299.7
track_0383585,136.1
track_1231491,166.5
track_1131486,528.7
track_1072574,1015.1
track_1115531,123.8
track_1011999,200.5
track_1231998,190.8
track_0874649,264.4
track_0244797,195.3
track_1215962,122.4
track_1051017,265.5
track_0383720,92.8
track_1204139,311.4
track_0342259,144.1
track_1366154,251.7
track_1245137,126.9
track_1207615,147.7
track_1179411,232.5
track_0356935,254.5
track_0417626,311.5
track_1036279,429.3
track_0272800,42.0
track_1193602,90.9
track_1159704,259.6
track_1357400,136.0
track_1030278,256.9
track_1165468,215.1
track_1263279,260.2
track_0753761,91.6
track_1222345,168.0
track_0470761,103.9
track_1365283,163.1
track_1171560,284.8
track_0944149,53.2
track_1119019,291.3
track_1128216,219.1
track_1126028,248.8
track_1395044,74.0
track_1029316,2645.0
track_0108579,132.0
track_1127781,222.5
track_1201672,262.3
track_1085610,555.9
track_0287785,247.9
track_0443722,373.0
track_1159668,171.9
track_1155994,300.0
track_0381093,229.8
track_1379929,330.3
track_0653755,90.5
track_0939253,139.0
track_0094710,235.4
track_1046227,284.3
track_1110496,79.0
track_1132968,238.3
track_1264203,252.7
track_0973384,253.6
track_1065654,170.9
track_1232304,659.3
track_0094753,206.9
track_1203415,183.6
track_1278743,222.7
track_1159948,360.0
track_1340332,180.0
track_1138561,132.6
track_1053493,297.5
track_1038253,145.0
track_1166922,236.7
track_1040562,273.2
track_1268460,222.6
track_1369694,333.1
track_1102692,476.0
track_0802294,183.6
track_1222865,134.9
track_0729302,233.7
track_1358788,196.0
track_0773680,354.3
track_0147074,191.1
track_0311275,158.7
track_1137274,154.5
track_1274034,246.1
track_1150739,261.2
track_1169699,129.9
track_0296236,223.9
track_1352532,205.2
track_1153111,296.4
track_1128909,179.1
track_1144123,109.9
track_1094516,160.0
track_1159684,166.8
track_1027880,292.3
track_1038509,172.0
track_1127767,215.2
track_1321985,260.6
track_1138770,294.2
track_0579304,162.8
track_1417908,168.0
track_1112008,195.7
track_0119407,249.1
track_1074677,251.9
track_1189653,204.3
track_1030282,280.1
track_0347566,252.6
track_1126678,333.1
track_0988508,135.8
track_1075208,140.5
track_0764957,201.9
track_1366155,215.0
track_1404305,103.0
track_1394780,162.2
track_0501671,315.6
track_0517945,94.0
track_1274171,41.5
track_1046465,103.5
track_1371094,178.3
track_0773678,275.8
track_0259900,107.7
track_1273979,227.5
track_1231642,275.4
track_1341045,238.0
track_1119594,205.5
track_1332191,183.8
track_1127404,33.3
track_1136346,59.1
track_1270614,226.0
track_1104966,61.3
track_0382144,317.6
track_1137258,106.1
track_1351139,208.0
track_1133994,288.4
track_0635546,416.9
track_0891600,75.7
track_0683803,256.4
track_0268681,249.4
track_0682504,446.0
track_1302675,181.6
track_1056174,239.4
track_0066676,248.1
track_0881055,277.2
track_0439627,244.3
track_0259517,254.4
track_1397809,127.0
track_0921510,221.0
track_0081181,88.9
track_0380595,332.7
track_1369864,123.3
track_1027879,242.1
track_1415313,322.0
track_0556350,175.5
track_1234244,206.8
track_1043818,245.9
track_1039759,291.1
track_0961260,92.1
track_1076572,148.6
track_1203672,200.0
track_0026826,220.3
track_0000395,111.3
track_1035010,90.2
track_0219518,280.7
track_1026041,183.5
track_0259695,64.2
track_1165465,175.9
track_1174466,186.0
track_1105050,254.2
track_0771285,238.2
track_1123289,81.1
track_1364935,54.9
track_0078309,212.0
track_0244521,362.5
track_1149236,61.5
track_1089222,498.8
track_1132265,64.0
track_1401998,1034.9
track_1098668,58.1
track_1111545,471.0
track_1099318,157.6
track_0576998,256.8
track_0922822,280.2
track_0087998,282.7
track_1159949,200.0
track_1164465,215.6
track_0081025,241.5
track_0360983,157.1
track_1400964,303.8
track_1191611,240.1
track_0665851,327.9
track_0939256,198.0
track_1222552,238.1
track_1090043,105.6
track_1114713,208.0
track_0619884,154.2
track_0556379,196.0
track_1222843,258.8
track_1168168,173.2
track_1366140,255.0
track_1404306,97.9
track_1389038,342.8
track_0306669,233.4
track_1350758,185.0
track_0844825,373.4
track_0081036,278.0
track_1326527,261.3
track_0962731,138.7
track_1384789,194.7
track_0078731,177.3
track_0571482,153.1
track_0973995,153.6
track_0571475,113.5
track_1028812,218.7
track_1387670,162.0
track_1250857,380.2
track_0042765,200.7
track_1147244,509.3
track_1138690,181.0
track_0716986,270.0
track_1088078,241.6
track_1159151,166.6
track_0259899,327.3
track_0014020,183.1
track_1216156,83.8
track_1416234,184.4
track_0571480,170.0
track_1126703,247.2
track_0462267,327.2
track_1365285,126.9
track_1107281,324.8
track_0700223,291.9
track_1208353,218.9
track_1226206,302.6
track_1329825,146.1
track_1099978,192.5
track_1101595,216.5
track_1317905,277.0
track_1380663,259.3
track_1202175,238.3
track_0659897,166.0
track_1039758,319.8
track_1128218,214.0
track_1043783,197.6
track_1248259,194.7
track_1243732,184.7
track_1283760,234.1
track_0325393,85.4
track_0202170,202.2
track_1274235,183.8
track_1028797,247.9
track_0482666,1376.2
track_1320001,140.8
track_0890567,50.7
track_0325365,180.1
track_1416041,109.8
track_1123057,317.8
track_1357566,224.8
track_0873559,230.2
track_1098680,109.8
track_0414112,180.0
track_0664815,31.4
track_1126034,260.6
track_1364467,32.9
track_0961137,237.5
track_1101583,124.9
track_1337401,297.1
track_1326222,261.0
track_1155112,193.9
track_1189939,141.9
track_0665854,225.1
track_1366173,256.5
track_1189950,205.6
track_1372283,216.0
track_0995827,61.7
track_0278344,222.5
track_1296632,184.0
track_1137401,120.0
track_0602722,178.9
track_1312892,266.3
track_1072907,208.9
track_1164988,352.0
track_1101581,224.7
track_1348113,135.5
track_0913700,269.3
track_1399849,193.8
track_1225956,249.0
track_1078393,227.5
track_1136879,134.0
track_0665857,214.6
track_1379272,258.6
track_1352261,346.1
track_1194953,50.2
track_1096084,32.6
track_1149240,86.0
track_1348048,161.4
track_1372062,177.7
track_1379954,305.6
track_1051204,263.1
track_1352264,157.9
track_0967236,157.4
track_0873817,246.9
track_0725505,468.0
track_1272093,287.0
track_1337946,524.4
track_0891038,206.5
track_1149214,56.6
track_1203893,172.0
track_1288813,237.3
track_1143940,230.0
track_0711258,155.5
track_0347653,186.7
track_0272872,61.1
track_0773673,214.0
track_1148780,81.8
track_1420944,216.7
track_0088321,368.0
track_1278181,189.0
track_0846409,374.3
track_1086156,221.6
track_1187719,156.8
track_0211416,245.1
track_0511069,237.1
track_0980765,184.5
track_0634500,214.5
track_0847329,205.0
track_1065621,162.6
track_1188767,260.2
track_1219366,210.1
track_0802296,45.7
track_0202149,234.1
track_0244537,325.3
track_1364105,1648.6
track_0049023,194.2
track_1222786,158.8
track_1082916,130.1
track_0785627,148.0
track_0202182,292.1
track_1046471,121.0
track_0575227,278.3
track_0873814,242.0
track_1165500,85.0
track_1084365,264.3
track_0313777,233.0
track_1248606,144.0
track_0921511,191.5
track_1176205,214.0
track_1394576,230.3
track_0976757,227.4
track_1183080,241.2
track_1052559,161.4
track_0618461,145.5
track_1307679,271.8
track_0049039,122.3
track_0865722,288.5
track_1341279,160.0
track_1167081,172.1
track_1068671,291.1
track_1126010,312.0
track_0081746,204.5
track_0242568,503.5
track_1384192,141.0
track_1408400,216.0
track_1202186,112.1
track_1279769,152.0
track_1231040,166.7
track_1112340,151.5
track_1414174,391.9
track_0162037,190.1
track_1203873,213.2
track_1102226,250.0
track_0965441,296.4
track_0078730,247.6
track_1243724,164.8
track_0771293,146.4
track_0585157,61.0
track_1106486,192.0
track_1184702,259.5
track_0491057,168.6
track_1110785,160.8
track_0618458,156.9
track_0991715,103.8
track_1186432,274.4
track_1160273,62.2
track_1373039,480.1
track_1147265,198.9
track_1269812,271.9
track_1039579,36.1
track_1222615,390.9
track_1073699,204.3
track_1111981,102.3
track_1124505,143.7
track_0965442,153.7
track_0387029,245.3
track_0017493,140.1
track_1082910,126.6
track_1226703,377.2
track_1288116,386.5
track_1243718,157.3
track_0078306,210.1
track_0113461,279.2
track_1166101,243.5
track_1053841,408.1
track_1369651,415.2
track_1039851,157.1
track_0080759,83.7
track_1058898,523.0
track_0439633,193.8
track_1163893,275.0
track_1275453,361.8
track_1339423,153.5
track_1166110,198.6
track_1313336,183.8
track_0988511,180.0
track_1105055,228.3
track_1397807,44.5
track_1032701,177.7
track_0035167,344.9
track_1131077,185.3
track_0698637,172.4
track_1267752,145.0
track_1235015,315.6
track_0073118,199.2
track_0345286,54.0
track_1137277,150.0
track_0875308,217.4
track_1012602,175.8
track_1197331,138.3
track_1137249,218.6
track_1219427,204.0
track_0785626,346.0
track_1326540,250.5
track_0302314,171.2
track_1288817,405.0
track_1397854,282.0
track_0259542,215.9
track_1132142,321.0
track_1109886,168.3
track_1078481,268.6
track_0369922,259.2
track_1272095,271.8
track_1303221,220.8
track_1130009,218.8
track_0271746,124.6
track_1108069,222.9
track_0663096,198.2
track_1030276,304.5
track_1039570,565.8
track_0900241,138.0
track_0047050,180.6
track_1395228,70.2
track_1028809,161.0
track_1097804,406.3
track_1248617,198.9
track_1011995,166.3
track_1077730,228.7
track_1316645,164.1
track_1131458,222.9
track_0355482,538.3
track_1118531,192.8
track_1323016,263.0
track_0347562,263.5
track_1194975,112.4
track_0361002,230.7
track_1247310,333.7
track_1069009,218.8
track_1037062,213.1
track_0618456,163.6
track_1374144,120.0
track_1339414,211.0
track_0292483,264.0
track_1051203,204.1
track_0542419,401.0
track_0493143,904.0
track_1047941,255.0
track_1066895,345.4
track_0172015,230.6
track_0564210,259.7
track_1225496,147.6
track_1394580,183.4
track_1156021,262.9
track_0601132,149.6
track_1375200,116.1
track_0073076,225.5
track_1123943,209.7
track_0007398,128.0
track_1157472,249.3
track_0938057,200.4
track_1389407,146.2
track_1068673,252.3
track_1369432,211.2
track_0662441,257.9
track_1064030,43.0
track_0150827,124.1
track_0371274,144.0
track_0307087,254.1
track_0218557,203.6
track_1082092,116.0
track_1372089,133.9
track_0625208,292.8
track_1322924,44.5
track_0799227,233.2
track_0031974,209.5
track_1397853,238.1
track_1354682,301.8
track_0975813,149.0
track_1126697,279.4
track_0662421,151.9
track_1194761,162.5
track_1112435,556.3
track_0259817,420.0
track_0216409,438.1
track_1192534,212.4
track_1096129,158.7
track_1105054,318.9
track_1154728,99.0
track_0804123,311.7
track_0096894,341.5
track_0025242,184.5
track_0844329,225.5
track_0478350,331.1
track_1041499,247.2
track_1149543,219.0
track_1136384,194.1
track_0505949,349.9
track_1123854,81.9
track_1088002,92.8
track_0026234,379.8
track_0878925,325.1
track_0935825,153.3
track_0219516,378.0
track_0459512,213.4
track_1051949,217.7
track_0858548,180.8
track_0082800,61.3
track_0387022,248.9
track_1133359,289.9
track_1101588,292.5
track_0728919,194.4
track_1069339,113.0
track_0242571,363.4
track_0991722,30.0
track_1137412,660.1
track_0048722,283.1
track_1284355,217.0
track_1232048,179.3
track_1225041,225.7
track_1373315,308.2
track_1104849,128.0
track_1104648,271.7
track_1150270,223.8
track_1231995,46.2
track_1111543,430.6
track_0081202,122.1
track_1275300,73.6
track_0075170,143.3
track_1240417,967.0
track_1104881,165.0
track_1170739,142.4
track_0482390,241.5
track_0088556,269.7
track_0949554,196.0
track_1236404,144.0
track_1335380,247.4
track_0139613,257.5
track_0035169,157.4
track_1282294,136.5
track_1320010,182.2
track_1150351,258.3
track_1344338,231.7
track_1224353,302.4
track_1201670,326.7
track_0565789,156.6
track_0191460,406.2
track_1009675,130.4
track_1248254,156.8
track_1209262,204.8
track_0752575,209.2
track_1085217,324.8
track_1234988,322.5
track_1135192,191.0
track_1143221,104.3
track_1156097,208.5
track_1353822,255.2
track_0769000,189.7
track_0847262,291.6
track_1074704,298.4
track_0897996,165.2
track_1089211,279.8
track_0575215,216.8
track_1187042,192.0
track_1171628,295.3
track_1401340,170.7
track_0936436,175.0
track_1184762,236.8
track_0773679,353.9
track_1189940,150.3
track_0979815,397.0
track_1195903,110.5
track_1150482,165.0
track_0494621,327.3
track_1044778,258.0
track_0752299,156.3
track_0025989,176.6
track_1274164,46.1
track_0761284,101.2
track_0835856,293.4
track_0997870,186.0
track_0992764,88.0
track_1202178,116.2
track_1133179,304.1
track_0669142,256.1
track_0704843,215.8
track_0865677,343.2
track_1171709,120.0
track_0259815,129.5
track_1231643,248.2
track_1165510,157.0
track_1202190,239.3
track_1126024,256.8
track_1110299,156.1
track_1086303,653.5
track_0743965,237.1
track_0771289,154.5
track_1341278,271.7
track_1210240,245.2
track_0342258,211.9
track_1168018,122.6
track_1279613,80.0
track_0209091,210.7
track_0794804,367.2
track_0042767,408.0
track_1077726,194.7
track_0226540,211.2
track_1327739,234.7
track_1066144,474.1
track_1189894,144.0
track_1294001,269.6
track_1125585,291.6
track_0719850,137.7
track_0964540,235.0
track_1125675,30.1
track_1417906,164.5
track_0381087,236.6
track_1124169,254.3
track_1374257,266.8
track_1123294,34.1
track_1096126,194.7
track_1081526,192.2
track_0383992,160.7
track_1089140,75.6
track_0982406,165.0
track_1132247,114.0
track_1171700,192.0
track_1109962,225.6
track_1186166,226.4
track_0713738,100.3
track_0353341,289.8
track_0344574,208.5
track_1343394,107.9
track_1261216,165.5
track_0542789,171.0
track_1150276,143.4
track_0602695,302.4
track_1346845,172.8
track_0219537,340.3
track_1133177,258.6
track_1350765,197.9
track_1272092,492.7
track_1068572,161.4
track_1053404,388.8
track_0785705,300.0
track_1374952,121.4
track_1103994,222.0
track_1097029,192.0
track_1033504,348.8
track_1372500,200.3
track_1295529,384.6
track_1297069,155.5
track_1164989,244.3
track_1320574,208.0
track_1330385,210.0
track_0891910,200.4
track_1372589,128.0
track_1086347,263.1
track_1177886,246.6
track_0073149,272.5
track_1143153,184.0
track_1127392,147.5
track_0253757,114.5
track_0082642,427.7
track_0780389,280.8
track_0000955,217.5
track_1385196,212.9
track_0373290,144.0
track_1234093,446.1
track_1219472,182.5
track_1349482,169.9
track_1320020,156.3
track_1076454,196.8
track_1087886,365.6
track_0996996,279.2
track_1128044,99.0
track_1097134,328.4
track_1367654,255.8
track_1380834,72.0
track_1037052,128.9
track_1075182,64.8
track_0139517,251.1
track_1312860,194.0
track_0014013,263.7
track_0842774,396.6
track_0890974,217.8
track_1107022,377.4
track_1070607,304.4
track_0903594,171.4
track_1126702,478.5
track_0517944,88.0
track_0897318,247.5
track_1097126,352.8
track_1217790,222.9
track_0581066,169.2
track_1398422,235.0
track_0768398,110.3
track_1033575,194.8
track_1231045,217.5
track_1400502,82.1
track_1221852,187.3
track_1102196,180.5
track_0151024,166.7
track_1082098,152.0
track_0760009,112.4
track_0647528,152.5
track_1098484,298.0
track_0034855,233.1
track_1056140,224.1
track_1073701,295.4
track_1081801,137.2
track_1063454,119.5
track_1289132,135.3
track_1277892,234.8
track_1098500,247.3
track_1112018,106.3
track_0785423,246.2
track_1401330,325.0
track_1388864,172.0
track_1408515,282.1
track_1169727,78.5
track_0890540,384.0
track_0897309,239.9
track_0785620,300.0
track_1414397,170.7
track_1203321,231.4
track_1350373,32.7
track_0015658,320.3
track_1300329,307.6
track_0903590,183.7
track_1075200,140.3
track_1171067,68.0
track_1330446,143.5
track_1096934,387.4
track_0381086,103.9
track_1110379,80.9
track_1137266,101.4
track_1339347,193.5
track_1075214,68.2
track_0047053,262.2
track_1264350,316.4
track_1029328,208.1
track_1341953,293.9
track_1320023,79.8
track_1358777,200.0
track_1063105,259.1
track_0390001,177.6
track_0501672,277.7
track_0166604,183.3
track_0272871,117.5
track_0371277,152.7
track_1402278,210.1
track_0402848,217.4
track_0202195,323.0
track_1049278,230.6
track_1272096,331.0
track_0319802,287.9
track_0749612,219.4
track_1405040,261.4
track_1056823,307.0
track_1080394,122.2
track_0081283,207.1
track_1316758,198.0
track_0913702,318.0
track_1059975,286.0
track_1341270,212.6
track_1335151,209.1
track_1418335,160.2
track_1284529,227.5
track_0073153,180.6
track_1148774,191.5
track_1171561,268.4
track_0986862,465.4
track_0759145,96.9
track_0346272,184.7
track_1054438,405.0
track_0967235,265.0
track_1193235,336.1
track_1277826,57.2
track_0405785,221.6
track_0081190,254.6
track_1063327,142.0
track_0155325,432.7
track_1132181,86.0
track_1337334,73.9
track_1150486,289.8
track_0232891,245.6
track_1227741,309.2
track_1039358,259.1
track_1029323,235.3
track_1405032,250.8
track_1114031,201.5
track_1156090,314.0
track_1101376,64.0
track_1072911,247.2
track_0470793,143.2
track_1127783,235.6
track_0383570,90.8
track_1231497,148.8
track_1399549,177.4
track_1284740,177.3
track_1118834,226.6
track_0908091,181.0
track_1164982,213.1
track_1084674,350.6
track_1166929,180.7
track_1194759,181.6
track_0564209,348.4
track_1011642,229.4
track_1330453,150.5
track_0674310,59.7
track_1248600,225.7
track_1389168,153.5
track_1215628,245.4
track_1114497,197.6
track_1088066,308.6
track_0498817,330.2
track_1118537,360.0
track_1379863,359.0
track_1111830,270.0
track_1264972,151.5
track_0785436,214.5
track_1133985,227.0
track_0133660,199.3
track_1273980,251.5
track_0914766,143.5
track_1251685,296.6
track_1143154,174.0
track_1193021,327.2
track_1103312,326.2
track_1009559,347.3
track_0665853,225.7
track_0959164,280.5
track_1225042,200.1
track_1015565,158.4
track_1164635,219.6
track_1271786,192.5
track_0918871,235.6
track_1383957,99.8
track_1128035,142.0
track_1026346,195.1
track_1158501,140.0
track_1348658,290.0
track_1277850,39.5
track_1103453,88.0
track_0839516,159.5
track_1266573,338.9
track_0151035,112.4
track_1097289,283.2
track_1087792,362.4
track_0647521,114.1
track_1195885,102.8
track_1413862,228.5
track_1041565,193.8
track_0026564,208.2
track_1289382,482.2
track_1160271,111.2
track_1273948,132.0
track_1156054,145.5
track_1340796,297.6
track_1186546,177.7
track_1159691,129.3
track_0866706,107.4
track_0938331,174.3
track_1256023,219.3
track_1094523,120.0
track_0873567,223.8
track_1165996,156.8
track_1123875,36.6
track_0264475,79.2
track_1109964,184.3
track_1070454,158.4
track_1284933,214.0
track_1165907,372.0
track_0863566,246.9
track_1341277,92.0
track_1130020,259.7
track_0802297,55.9
track_0718511,162.1
track_0603760,204.9
track_0511078,227.6
track_1109954,198.7
track_1095026,221.2
track_0659899,150.0
track_0076658,224.0
track_1078778,234.0
track_0079750,371.7
track_1149694,172.2
track_0306434,143.0
track_1247374,253.8
track_0511052,278.6
track_1096122,178.4
track_1204590,465.0
track_1287551,805.3
track_1203427,176.0
track_1196186,193.0
track_1127042,419.7
track_1345279,100.8
track_0459361,256.5
track_1028815,226.3
track_0000954,218.5
track_1202182,292.4
track_0244524,258.0
track_0875036,292.4
track_0785421,215.1
track_1095701,200.4
track_0790445,196.0
track_1155023,181.3
track_1165472,209.4
track_0789657,227.3
track_1160052,366.0
track_1076449,252.5
track_0873816,192.2
track_1194767,189.2
track_1070600,195.1
track_1108284,705.5
track_0078735,168.2
track_1159665,201.6
track_1235608,225.6
track_1081050,139.8
track_0373293,252.0
track_0159038,227.1
track_1186429,107.8
track_1158118,912.0
track_1419786,197.1
track_1164990,276.2
track_1208028,131.4
track_0036237,1087.3
track_0973385,177.5
track_1362272,46.3
track_0802178,211.6
track_0491052,237.9
track_0302318,220.5
track_0006606,224.9
track_1283758,290.1
track_0585154,219.0
track_1264201,110.0
track_1280424,299.5
track_1262645,107.1
track_1288418,100.0
track_1033092,228.0
track_1351138,172.7
track_1223076,108.2
track_1078794,253.0
track_1126844,126.0
track_1160054,257.0
track_1293739,194.1
track_0773676,302.3
track_0242384,272.2
track_1255088,108.7
track_0922587,165.1
track_1137250,123.5
track_0875307,197.4
track_1101578,239.9
track_1127780,195.1
track_1268905,207.4
track_1278514,144.1
track_1228737,204.9
track_0010808,240.0
track_1293999,297.4
track_1248253,225.0
track_0897993,148.4
track_1156023,282.8
track_1111836,312.0
track_1037053,251.1
track_0606409,381.9
track_1279603,118.4
track_1151415,231.2
track_1242274,252.8
track_0384148,192.1
track_1056816,183.0
track_0497845,92.9
track_0934959,68.3
track_1231992,150.4
track_1350823,127.1
track_1329450,142.3
track_1226134,81.3
track_1077046,321.9
track_1158988,59.1
track_1159622,247.3
track_0659887,60.6
track_1156010,284.0
track_1407170,200.4
track_1128209,260.2
track_1328127,162.3
track_1109850,117.0
track_1096887,408.5
track_0325368,156.4
track_0081026,396.2
track_1070599,193.6
track_0835929,233.5
track_0938335,273.7
track_1400600,230.5
track_0759091,187.2
track_0448653,277.2
track_1369856,100.8
track_1159557,120.1
track_1131097,113.4
track_0967565,146.1
track_0897981,146.9
track_0125447,225.2
track_1084680,154.7
track_0802286,137.1
track_0272928,39.4
track_1399056,592.3
track_1372090,133.9
track_1369646,396.8
track_1150491,77.0
track_0349108,385.0
track_1289126,334.2
track_1070639,431.8
track_1342574,177.6
track_0828834,99.3
track_1157602,115.1
track_1372074,227.6
track_1033432,104.5
track_0581063,103.2
track_1248623,155.8
track_0711260,158.0
track_0579303,220.0
track_1171608,281.8
track_1136878,104.0
track_0278356,328.0
track_1369712,839.8
track_1321517,120.9
track_0147668,185.7
track_1362243,321.9
track_1355266,211.7
track_1089586,236.1
track_1052468,191.1
track_0977169,186.0
track_0304546,185.6
track_1368979,115.5
track_0714709,251.7
track_0950107,261.9
track_0491059,111.4
track_1294741,228.9
track_1053498,337.5
track_1321060,133.7
track_1321063,263.5
track_1162382,214.0
track_0381090,250.0
track_1081532,152.6
track_0897985,140.3
track_1090467,76.0
track_1032329,166.8
track_1078436,237.7
track_1330450,176.0
track_1138695,288.5
track_1189924,157.1
track_1348739,136.1
track_1253537,577.5
track_0080761,68.1
track_0040318,351.3
track_0832634,240.8
track_0961605,144.7
track_1056172,263.3
track_0356932,217.1
track_1095820,206.8
track_1072433,437.4
track_1121410,164.8
track_1256028,200.9
track_0891611,141.2
track_1176206,214.0
track_0662053,281.8
track_1366144,198.9
track_0945016,295.4
track_1345054,371.7
track_1400605,96.3
track_0802320,207.0
track_0875370,92.0
track_0523087,352.1
track_1239507,295.2
track_1356516,302.5
track_0167096,306.3
track_1276899,182.2
track_1341266,187.4
track_0094731,209.4
track_0470759,123.5
track_0172815,152.3
track_1188770,329.9
track_1234387,166.2
track_0729298,211.4
track_1287647,142.6
track_0888639,208.5
track_1086273,455.3
track_1076564,106.7
track_0556373,165.0
track_1053845,449.1
track_1300037,294.0
track_0947021,123.9
track_0897307,171.3
track_1098678,113.4
track_1037059,185.5
track_0666622,165.1
track_1080201,144.1
track_1164994,232.0
track_0628410,274.2
track_0151043,184.8
track_1386494,234.0
track_1357458,453.3
track_0080771,52.8
track_0306199,260.2
track_1080561,351.6
track_0076656,193.1
track_1057796,124.2
track_0205094,195.1
track_1244946,171.6
track_0752520,152.8
track_0914774,97.8
track_1077047,163.1
track_1096119,303.9
track_1151411,170.0
track_0854721,267.7
track_0873808,195.5
track_1307837,266.9
track_1131997,110.0
track_1248278,165.7
