TRACK_ID,logmel_path
track_1147710,/content/drive/MyDrive/MTG_Instrument_old/dataset/logmel_songs/10/1147710.npy
track_1103990,/content/drive/MyDrive/MTG_Instrument_old/dataset/logmel_songs/90/1103990.npy
track_1131488,/content/drive/MyDrive/MTG_Instrument_old/dataset/logmel_songs/88/1131488.npy
track_1198188,/content/drive/MyDrive/MTG_Instrument_old/dataset/logmel_songs/88/1198188.npy
track_0245962,/content/drive/MyDrive/MTG_Instrument_old/dataset/logmel_songs/62/245962.npy
track_0719849,/content/drive/MyDrive/MTG_Instrument_old/dataset/logmel_songs/49/719849.npy
track_0736523,/content/drive/MyDrive/MTG_Instrument_old/dataset/logmel_songs/23/736523.npy
track_1129658,/content/drive/MyDrive/MTG_Instrument_old/dataset/logmel_songs/58/1129658.npy
track_1379947,/content/drive/MyDrive/MTG_Instrument_old/dataset/logmel_songs/47/1379947.npy
track_0846411,/content/drive/MyDrive/MTG_Instrument_old/dataset/logmel_songs/11/846411.npy
track_0131632,/content/drive/MyDrive/MTG_Instrument_old/dataset/logmel_songs/32/131632.npy
track_0802326,/content/drive/MyDrive/MTG_Instrument_old/dataset/logmel_songs/26/802326.npy
track_0625206,/content/drive/MyDrive/MTG_Instrument_old/dataset/logmel_songs/06/625206.npy
track_0939255,/content/drive/MyDrive/MTG_Instrument_old/dataset/logmel_songs/55/939255.npy
track_0168403,/content/drive/MyDrive/MTG_Instrument_old/dataset/logmel_songs/03/168403.npy
track_0383573,/content/drive/MyDrive/MTG_Instrument_old/dataset/logmel_songs/73/383573.npy
track_1351134,/content/drive/MyDrive/MTG_Instrument_old/dataset/logmel_songs/34/1351134.npy
track_0035173,/content/drive/MyDrive/MTG_Instrument_old/dataset/logmel_songs/73/35173.npy
track_1233768,/content/drive/MyDrive/MTG_Instrument_old/dataset/logmel_songs/68/1233768.npy
track_1023273,/content/drive/MyDrive/MTG_Instrument_old/dataset/logmel_songs/73/1023273.npy
track_0026219,/content/drive/MyDrive/MTG_Instrument_old/dataset/logmel_songs/19/26219.npy
track_0553091,/content/drive/MyDrive/MTG_Instrument_old/dataset/logmel_songs/91/553091.npy
track_1347896,/content/drive/MyDrive/MTG_Instrument_old/dataset/logmel_songs/96/1347896.npy
track_0171074,/content/drive/MyDrive/MTG_Instrument_old/dataset/logmel_songs/74/171074.npy
track_1052660,/content/drive/MyDrive/MTG_Instrument_old/dataset/logmel_songs/60/1052660.npy
track_0842757,/content/drive/MyDrive/MTG_Instrument_old/dataset/logmel_songs/57/842757.npy
track_0162045,/content/drive/MyDrive/MTG_Instrument_old/dataset/logmel_songs/45/162045.npy
track_1149234,/content/drive/MyDrive/MTG_Instrument_old/dataset/logmel_songs/34/1149234.npy
track_0711277,/content/drive/MyDrive/MTG_Instrument_old/dataset/logmel_songs/77/711277.npy
track_1132736,/content/drive/MyDrive/MTG_Instrument_old/dataset/logmel_songs/36/1132736.npy
track_0773674,/content/drive/MyDrive/MTG_Instrument_old/dataset/logmel_songs/74/773674.npy
track_0986866,/content/drive/MyDrive/MTG_Instrument_old/dataset/logmel_songs/66/986866.npy
track_1163967,/content/drive/MyDrive/MTG_Instrument_old/dataset/logmel_songs/67/1163967.npy
track_1367768,/content/drive/MyDrive/MTG_Instrument_old/dataset/logmel_songs/68/1367768.npy
track_1088383,/content/drive/MyDrive/MTG_Instrument_old/dataset/logmel_songs/83/1088383.npy
track_1098068,/content/drive/MyDrive/MTG_Instrument_old/dataset/logmel_songs/68/1098068.npy
track_1194604,/content/drive/MyDrive/MTG_Instrument_old/dataset/logmel_songs/04/1194604.npy
track_0723360,/content/drive/MyDrive/MTG_Instrument_old/dataset/logmel_songs/60/723360.npy
track_0511074,/content/drive/MyDrive/MTG_Instrument_old/dataset/logmel_songs/74/511074.npy
track_1137247,/content/drive/MyDrive/MTG_Instrument_old/dataset/logmel_songs/47/1137247.npy
track_1103321,/content/drive/MyDrive/MTG_Instrument_old/dataset/logmel_songs/21/1103321.npy
track_1098831,/content/drive/MyDrive/MTG_Instrument_old/dataset/logmel_songs/31/1098831.npy
track_1417008,/content/drive/MyDrive/MTG_Instrument_old/dataset/logmel_songs/08/1417008.npy
track_1052565,/content/drive/MyDrive/MTG_Instrument_old/dataset/logmel_songs/65/1052565.npy
track_1009061,/content/drive/MyDrive/MTG_Instrument_old/dataset/logmel_songs/61/1009061.npy
track_0350359,/content/drive/MyDrive/MTG_Instrument_old/dataset/logmel_songs/59/350359.npy
track_1105603,/content/drive/MyDrive/MTG_Instrument_old/dataset/logmel_songs/03/1105603.npy
track_1274166,/content/drive/MyDrive/MTG_Instrument_old/dataset/logmel_songs/66/1274166.npy
track_0989877,/content/drive/MyDrive/MTG_Instrument_old/dataset/logmel_songs/77/989877.npy
track_1113645,/content/drive/MyDrive/MTG_Instrument_old/dataset/logmel_songs/45/1113645.npy
track_1339384,/content/drive/MyDrive/MTG_Instrument_old/dataset/logmel_songs/84/1339384.npy
track_0166333,/content/drive/MyDrive/MTG_Instrument_old/dataset/logmel_songs/33/166333.npy
track_1196185,/content/drive/MyDrive/MTG_Instrument_old/dataset/logmel_songs/85/1196185.npy
track_1160157,/content/drive/MyDrive/MTG_Instrument_old/dataset/logmel_songs/57/1160157.npy
track_1164968,/content/drive/MyDrive/MTG_Instrument_old/dataset/logmel_songs/68/1164968.npy
track_0741321,/content/drive/MyDrive/MTG_Instrument_old/dataset/logmel_songs/21/741321.npy
track_0081020,/content/drive/MyDrive/MTG_Instrument_old/dataset/logmel_songs/20/81020.npy
track_1158178,/content/drive/MyDrive/MTG_Instrument_old/dataset/logmel_songs/78/1158178.npy
track_1145836,/content/drive/MyDrive/MTG_Instrument_old/dataset/logmel_songs/36/1145836.npy
track_0661313,/content/drive/MyDrive/MTG_Instrument_old/dataset/logmel_songs/13/661313.npy
track_1222347,/content/drive/MyDrive/MTG_Instrument_old/dataset/logmel_songs/47/1222347.npy
track_1137272,/content/drive/MyDrive/MTG_Instrument_old/dataset/logmel_songs/72/1137272.npy
track_1399581,/content/drive/MyDrive/MTG_Instrument_old/dataset/logmel_songs/81/1399581.npy
track_0271744,/content/drive/MyDrive/MTG_Instrument_old/dataset/logmel_songs/44/271744.npy
track_0976782,/content/drive/MyDrive/MTG_Instrument_old/dataset/logmel_songs/82/976782.npy
track_1113991,/content/drive/MyDrive/MTG_Instrument_old/dataset/logmel_songs/91/1113991.npy
track_0245387,/content/drive/MyDrive/MTG_Instrument_old/dataset/logmel_songs/87/245387.npy
track_1243735,/content/drive/MyDrive/MTG_Instrument_old/dataset/logmel_songs/35/1243735.npy
track_0914765,/content/drive/MyDrive/MTG_Instrument_old/dataset/logmel_songs/65/914765.npy
track_0135244,/content/drive/MyDrive/MTG_Instrument_old/dataset/logmel_songs/44/135244.npy
track_1332180,/content/drive/MyDrive/MTG_Instrument_old/dataset/logmel_songs/80/1332180.npy
track_0498810,/content/drive/MyDrive/MTG_Instrument_old/dataset/logmel_songs/10/498810.npy
track_1083510,/content/drive/MyDrive/MTG_Instrument_old/dataset/logmel_songs/10/1083510.npy
track_1109965,/content/drive/MyDrive/MTG_Instrument_old/dataset/logmel_songs/65/1109965.npy
track_0946828,/content/drive/MyDrive/MTG_Instrument_old/dataset/logmel_songs/28/946828.npy
track_1124249,/content/drive/MyDrive/MTG_Instrument_old/dataset/logmel_songs/49/1124249.npy
track_0704838,/content/drive/MyDrive/MTG_Instrument_old/dataset/logmel_songs/38/704838.npy
track_1227396,/content/drive/MyDrive/MTG_Instrument_old/dataset/logmel_songs/96/1227396.npy
track_1080900,/content/drive/MyDrive/MTG_Instrument_old/dataset/logmel_songs/00/1080900.npy
track_0742888,/content/drive/MyDrive/MTG_Instrument_old/dataset/logmel_songs/88/742888.npy
track_1165508,/content/drive/MyDrive/MTG_Instrument_old/dataset/logmel_songs/08/1165508.npy
track_1236047,/content/drive/MyDrive/MTG_Instrument_old/dataset/logmel_songs/47/1236047.npy
track_0998079,/content/drive/MyDrive/MTG_Instrument_old/dataset/logmel_songs/79/998079.npy
track_1228623,/content/drive/MyDrive/MTG_Instrument_old/dataset/logmel_songs/23/1228623.npy
track_1374954,/content/drive/MyDrive/MTG_Instrument_old/dataset/logmel_songs/54/1374954.npy
track_1248561,/content/drive/MyDrive/MTG_Instrument_old/dataset/logmel_songs/61/1248561.npy
track_0015169,/content/drive/MyDrive/MTG_Instrument_old/dataset/logmel_songs/69/15169.npy
track_0205736,/content/drive/MyDrive/MTG_Instrument_old/dataset/logmel_songs/36/205736.npy
track_1190958,/content/drive/MyDrive/MTG_Instrument_old/dataset/logmel_songs/58/1190958.npy
track_1179410,/content/drive/MyDrive/MTG_Instrument_old/dataset/logmel_songs/10/1179410.npy
track_0113791,/content/drive/MyDrive/MTG_Instrument_old/dataset/logmel_songs/91/113791.npy
track_0296237,/content/drive/MyDrive/MTG_Instrument_old/dataset/logmel_songs/37/296237.npy
track_1023486,/content/drive/MyDrive/MTG_Instrument_old/dataset/logmel_songs/86/1023486.npy
track_0938052,/content/drive/MyDrive/MTG_Instrument_old/dataset/logmel_songs/52/938052.npy
track_0272910,/content/drive/MyDrive/MTG_Instrument_old/dataset/logmel_songs/10/272910.npy
track_0129978,/content/drive/MyDrive/MTG_Instrument_old/dataset/logmel_songs/78/129978.npy
track_0136840,/content/drive/MyDrive/MTG_Instrument_old/dataset/logmel_songs/40/136840.npy
track_1067291,/content/drive/MyDrive/MTG_Instrument_old/dataset/logmel_songs/91/1067291.npy
track_0088554,/content/drive/MyDrive/MTG_Instrument_old/dataset/logmel_songs/54/88554.npy
track_1159696,/content/drive/MyDrive/MTG_Instrument_old/dataset/logmel_songs/96/1159696.npy
track_1268732,/content/drive/MyDrive/MTG_Instrument_old/dataset/logmel_songs/32/1268732.npy
track_1129657,/content/drive/MyDrive/MTG_Instrument_old/dataset/logmel_songs/57/1129657.npy
track_0402576,/content/drive/MyDrive/MTG_Instrument_old/dataset/logmel_songs/76/402576.npy
track_1416534,/content/drive/MyDrive/MTG_Instrument_old/dataset/logmel_songs/34/1416534.npy
track_1126082,/content/drive/MyDrive/MTG_Instrument_old/dataset/logmel_songs/82/1126082.npy
track_1317901,/content/drive/MyDrive/MTG_Instrument_old/dataset/logmel_songs/01/1317901.npy
track_1078474,/content/drive/MyDrive/MTG_Instrument_old/dataset/logmel_songs/74/1078474.npy
track_1103452,/content/drive/MyDrive/MTG_Instrument_old/dataset/logmel_songs/52/1103452.npy
track_1332223,/content/drive/MyDrive/MTG_Instrument_old/dataset/logmel_songs/23/1332223.npy
track_1417903,/content/drive/MyDrive/MTG_Instrument_old/dataset/logmel_songs/03/1417903.npy
track_0913291,/content/drive/MyDrive/MTG_Instrument_old/dataset/logmel_songs/91/913291.npy
track_1150099,/content/drive/MyDrive/MTG_Instrument_old/dataset/logmel_songs/99/1150099.npy
track_0919356,/content/drive/MyDrive/MTG_Instrument_old/dataset/logmel_songs/56/919356.npy
track_1372874,/content/drive/MyDrive/MTG_Instrument_old/dataset/logmel_songs/74/1372874.npy
track_0166583,/content/drive/MyDrive/MTG_Instrument_old/dataset/logmel_songs/83/166583.npy
track_1051952,/content/drive/MyDrive/MTG_Instrument_old/dataset/logmel_songs/52/1051952.npy
track_1165995,/content/drive/MyDrive/MTG_Instrument_old/dataset/logmel_songs/95/1165995.npy
track_0903596,/content/drive/MyDrive/MTG_Instrument_old/dataset/logmel_songs/96/903596.npy
track_1164567,/content/drive/MyDrive/MTG_Instrument_old/dataset/logmel_songs/67/1164567.npy
track_0293161,/content/drive/MyDrive/MTG_Instrument_old/dataset/logmel_songs/61/293161.npy
track_1123291,/content/drive/MyDrive/MTG_Instrument_old/dataset/logmel_songs/91/1123291.npy
track_1040015,/content/drive/MyDrive/MTG_Instrument_old/dataset/logmel_songs/15/1040015.npy
track_0425766,/content/drive/MyDrive/MTG_Instrument_old/dataset/logmel_songs/66/425766.npy
track_1115634,/content/drive/MyDrive/MTG_Instrument_old/dataset/logmel_songs/34/1115634.npy
track_0858536,/content/drive/MyDrive/MTG_Instrument_old/dataset/logmel_songs/36/858536.npy
track_1251313,/content/drive/MyDrive/MTG_Instrument_old/dataset/logmel_songs/13/1251313.npy
track_0957457,/content/drive/MyDrive/MTG_Instrument_old/dataset/logmel_songs/57/957457.npy
track_0077441,/content/drive/MyDrive/MTG_Instrument_old/dataset/logmel_songs/41/77441.npy
track_1348657,/content/drive/MyDrive/MTG_Instrument_old/dataset/logmel_songs/57/1348657.npy
track_1374304,/content/drive/MyDrive/MTG_Instrument_old/dataset/logmel_songs/04/1374304.npy
track_0277804,/content/drive/MyDrive/MTG_Instrument_old/dataset/logmel_songs/04/277804.npy
track_1105052,/content/drive/MyDrive/MTG_Instrument_old/dataset/logmel_songs/52/1105052.npy
track_1222001,/content/drive/MyDrive/MTG_Instrument_old/dataset/logmel_songs/01/1222001.npy
track_1077278,/content/drive/MyDrive/MTG_Instrument_old/dataset/logmel_songs/78/1077278.npy
track_0890461,/content/drive/MyDrive/MTG_Instrument_old/dataset/logmel_songs/61/890461.npy
track_0470753,/content/drive/MyDrive/MTG_Instrument_old/dataset/logmel_songs/53/470753.npy
track_0965601,/content/drive/MyDrive/MTG_Instrument_old/dataset/logmel_songs/01/965601.npy
track_1159669,/content/drive/MyDrive/MTG_Instrument_old/dataset/logmel_songs/69/1159669.npy
track_1095024,/content/drive/MyDrive/MTG_Instrument_old/dataset/logmel_songs/24/1095024.npy
track_0764605,/content/drive/MyDrive/MTG_Instrument_old/dataset/logmel_songs/05/764605.npy
track_1365242,/content/drive/MyDrive/MTG_Instrument_old/dataset/logmel_songs/42/1365242.npy
track_1170403,/content/drive/MyDrive/MTG_Instrument_old/dataset/logmel_songs/03/1170403.npy
track_0154635,/content/drive/MyDrive/MTG_Instrument_old/dataset/logmel_songs/35/154635.npy
track_1225501,/content/drive/MyDrive/MTG_Instrument_old/dataset/logmel_songs/01/1225501.npy
track_0278336,/content/drive/MyDrive/MTG_Instrument_old/dataset/logmel_songs/36/278336.npy
track_0571484,/content/drive/MyDrive/MTG_Instrument_old/dataset/logmel_songs/84/571484.npy
track_1118601,/content/drive/MyDrive/MTG_Instrument_old/dataset/logmel_songs/01/1118601.npy
track_1093649,/content/drive/MyDrive/MTG_Instrument_old/dataset/logmel_songs/49/1093649.npy
track_1134585,/content/drive/MyDrive/MTG_Instrument_old/dataset/logmel_songs/85/1134585.npy
track_0716963,/content/drive/MyDrive/MTG_Instrument_old/dataset/logmel_songs/63/716963.npy
track_0150962,/content/drive/MyDrive/MTG_Instrument_old/dataset/logmel_songs/62/150962.npy
track_1078367,/content/drive/MyDrive/MTG_Instrument_old/dataset/logmel_songs/67/1078367.npy
track_1153116,/content/drive/MyDrive/MTG_Instrument_old/dataset/logmel_songs/16/1153116.npy
track_0006719,/content/drive/MyDrive/MTG_Instrument_old/dataset/logmel_songs/19/6719.npy
track_1315940,/content/drive/MyDrive/MTG_Instrument_old/dataset/logmel_songs/40/1315940.npy
track_0188505,/content/drive/MyDrive/MTG_Instrument_old/dataset/logmel_songs/05/188505.npy
track_1054172,/content/drive/MyDrive/MTG_Instrument_old/dataset/logmel_songs/72/1054172.npy
track_0768437,/content/drive/MyDrive/MTG_Instrument_old/dataset/logmel_songs/37/768437.npy
track_0941153,/content/drive/MyDrive/MTG_Instrument_old/dataset/logmel_songs/53/941153.npy
track_1095021,/content/drive/MyDrive/MTG_Instrument_old/dataset/logmel_songs/21/1095021.npy
track_1111986,/content/drive/MyDrive/MTG_Instrument_old/dataset/logmel_songs/86/1111986.npy
track_0415498,/content/drive/MyDrive/MTG_Instrument_old/dataset/logmel_songs/98/415498.npy
track_1374256,/content/drive/MyDrive/MTG_Instrument_old/dataset/logmel_songs/56/1374256.npy
track_1060333,/content/drive/MyDrive/MTG_Instrument_old/dataset/logmel_songs/33/1060333.npy
track_1289378,/content/drive/MyDrive/MTG_Instrument_old/dataset/logmel_songs/78/1289378.npy
track_0988503,/content/drive/MyDrive/MTG_Instrument_old/dataset/logmel_songs/03/988503.npy
track_1041677,/content/drive/MyDrive/MTG_Instrument_old/dataset/logmel_songs/77/1041677.npy
track_0618448,/content/drive/MyDrive/MTG_Instrument_old/dataset/logmel_songs/48/618448.npy
track_0084042,/content/drive/MyDrive/MTG_Instrument_old/dataset/logmel_songs/42/84042.npy
track_1102230,/content/drive/MyDrive/MTG_Instrument_old/dataset/logmel_songs/30/1102230.npy
track_1078823,/content/drive/MyDrive/MTG_Instrument_old/dataset/logmel_songs/23/1078823.npy
track_0868977,/content/drive/MyDrive/MTG_Instrument_old/dataset/logmel_songs/77/868977.npy
track_1076577,/content/drive/MyDrive/MTG_Instrument_old/dataset/logmel_songs/77/1076577.npy
track_1416237,/content/drive/MyDrive/MTG_Instrument_old/dataset/logmel_songs/37/1416237.npy
track_1248256,/content/drive/MyDrive/MTG_Instrument_old/dataset/logmel_songs/56/1248256.npy
track_0976923,/content/drive/MyDrive/MTG_Instrument_old/dataset/logmel_songs/23/976923.npy
track_1189098,/content/drive/MyDrive/MTG_Instrument_old/dataset/logmel_songs/98/1189098.npy
track_1219476,/content/drive/MyDrive/MTG_Instrument_old/dataset/logmel_songs/76/1219476.npy
track_0964541,/content/drive/MyDrive/MTG_Instrument_old/dataset/logmel_songs/41/964541.npy
track_1293735,/content/drive/MyDrive/MTG_Instrument_old/dataset/logmel_songs/35/1293735.npy
track_1131491,/content/drive/MyDrive/MTG_Instrument_old/dataset/logmel_songs/91/1131491.npy
track_0941158,/content/drive/MyDrive/MTG_Instrument_old/dataset/logmel_songs/58/941158.npy
track_1276895,/content/drive/MyDrive/MTG_Instrument_old/dataset/logmel_songs/95/1276895.npy
track_0461019,/content/drive/MyDrive/MTG_Instrument_old/dataset/logmel_songs/19/461019.npy
track_1054399,/content/drive/MyDrive/MTG_Instrument_old/dataset/logmel_songs/99/1054399.npy
track_0991719,/content/drive/MyDrive/MTG_Instrument_old/dataset/logmel_songs/19/991719.npy
track_0891605,/content/drive/MyDrive/MTG_Instrument_old/dataset/logmel_songs/05/891605.npy
track_1403968,/content/drive/MyDrive/MTG_Instrument_old/dataset/logmel_songs/68/1403968.npy
track_1401972,/content/drive/MyDrive/MTG_Instrument_old/dataset/logmel_songs/72/1401972.npy
track_1228858,/content/drive/MyDrive/MTG_Instrument_old/dataset/logmel_songs/58/1228858.npy
track_1051068,/content/drive/MyDrive/MTG_Instrument_old/dataset/logmel_songs/68/1051068.npy
track_1129798,/content/drive/MyDrive/MTG_Instrument_old/dataset/logmel_songs/98/1129798.npy
track_1307835,/content/drive/MyDrive/MTG_Instrument_old/dataset/logmel_songs/35/1307835.npy
track_1071852,/content/drive/MyDrive/MTG_Instrument_old/dataset/logmel_songs/52/1071852.npy
track_1068666,/content/drive/MyDrive/MTG_Instrument_old/dataset/logmel_songs/66/1068666.npy
track_1169708,/content/drive/MyDrive/MTG_Instrument_old/dataset/logmel_songs/08/1169708.npy
track_1131495,/content/drive/MyDrive/MTG_Instrument_old/dataset/logmel_songs/95/1131495.npy
track_1397808,/content/drive/MyDrive/MTG_Instrument_old/dataset/logmel_songs/08/1397808.npy
track_0618459,/content/drive/MyDrive/MTG_Instrument_old/dataset/logmel_songs/59/618459.npy
track_1413875,/content/drive/MyDrive/MTG_Instrument_old/dataset/logmel_songs/75/1413875.npy
track_1049275,/content/drive/MyDrive/MTG_Instrument_old/dataset/logmel_songs/75/1049275.npy
track_0802281,/content/drive/MyDrive/MTG_Instrument_old/dataset/logmel_songs/81/802281.npy
track_1158971,/content/drive/MyDrive/MTG_Instrument_old/dataset/logmel_songs/71/1158971.npy
track_1074710,/content/drive/MyDrive/MTG_Instrument_old/dataset/logmel_songs/10/1074710.npy
track_1379949,/content/drive/MyDrive/MTG_Instrument_old/dataset/logmel_songs/49/1379949.npy
track_1110506,/content/drive/MyDrive/MTG_Instrument_old/dataset/logmel_songs/06/1110506.npy
track_0608931,/content/drive/MyDrive/MTG_Instrument_old/dataset/logmel_songs/31/608931.npy
track_0811237,/content/drive/MyDrive/MTG_Instrument_old/dataset/logmel_songs/37/811237.npy
track_1072427,/content/drive/MyDrive/MTG_Instrument_old/dataset/logmel_songs/27/1072427.npy
track_1166925,/content/drive/MyDrive/MTG_Instrument_old/dataset/logmel_songs/25/1166925.npy
track_1393523,/content/drive/MyDrive/MTG_Instrument_old/dataset/logmel_songs/23/1393523.npy
track_0873560,/content/drive/MyDrive/MTG_Instrument_old/dataset/logmel_songs/60/873560.npy
track_1081529,/content/drive/MyDrive/MTG_Instrument_old/dataset/logmel_songs/29/1081529.npy
track_0096718,/content/drive/MyDrive/MTG_Instrument_old/dataset/logmel_songs/18/96718.npy
track_0836526,/content/drive/MyDrive/MTG_Instrument_old/dataset/logmel_songs/26/836526.npy
track_0989879,/content/drive/MyDrive/MTG_Instrument_old/dataset/logmel_songs/79/989879.npy
track_1397164,/content/drive/MyDrive/MTG_Instrument_old/dataset/logmel_songs/64/1397164.npy
track_1360555,/content/drive/MyDrive/MTG_Instrument_old/dataset/logmel_songs/55/1360555.npy
track_1203323,/content/drive/MyDrive/MTG_Instrument_old/dataset/logmel_songs/23/1203323.npy
track_1125843,/content/drive/MyDrive/MTG_Instrument_old/dataset/logmel_songs/43/1125843.npy
track_1115567,/content/drive/MyDrive/MTG_Instrument_old/dataset/logmel_songs/67/1115567.npy
track_0357514,/content/drive/MyDrive/MTG_Instrument_old/dataset/logmel_songs/14/357514.npy
track_1035011,/content/drive/MyDrive/MTG_Instrument_old/dataset/logmel_songs/11/1035011.npy
track_1037056,/content/drive/MyDrive/MTG_Instrument_old/dataset/logmel_songs/56/1037056.npy
track_1127772,/content/drive/MyDrive/MTG_Instrument_old/dataset/logmel_songs/72/1127772.npy
track_0405783,/content/drive/MyDrive/MTG_Instrument_old/dataset/logmel_songs/83/405783.npy
track_1415108,/content/drive/MyDrive/MTG_Instrument_old/dataset/logmel_songs/08/1415108.npy
track_1368387,/content/drive/MyDrive/MTG_Instrument_old/dataset/logmel_songs/87/1368387.npy
track_1223282,/content/drive/MyDrive/MTG_Instrument_old/dataset/logmel_songs/82/1223282.npy
track_1132969,/content/drive/MyDrive/MTG_Instrument_old/dataset/logmel_songs/69/1132969.npy
track_1107063,/content/drive/MyDrive/MTG_Instrument_old/dataset/logmel_songs/63/1107063.npy
track_0264329,/content/drive/MyDrive/MTG_Instrument_old/dataset/logmel_songs/29/264329.npy
track_1413863,/content/drive/MyDrive/MTG_Instrument_old/dataset/logmel_songs/63/1413863.npy
track_1123937,/content/drive/MyDrive/MTG_Instrument_old/dataset/logmel_songs/37/1123937.npy
track_0416474,/content/drive/MyDrive/MTG_Instrument_old/dataset/logmel_songs/74/416474.npy
track_1257250,/content/drive/MyDrive/MTG_Instrument_old/dataset/logmel_songs/50/1257250.npy
track_1163971,/content/drive/MyDrive/MTG_Instrument_old/dataset/logmel_songs/71/1163971.npy
track_1284690,/content/drive/MyDrive/MTG_Instrument_old/dataset/logmel_songs/90/1284690.npy
track_1208243,/content/drive/MyDrive/MTG_Instrument_old/dataset/logmel_songs/43/1208243.npy
track_0021982,/content/drive/MyDrive/MTG_Instrument_old/dataset/logmel_songs/82/21982.npy
track_1371499,/content/drive/MyDrive/MTG_Instrument_old/dataset/logmel_songs/99/1371499.npy
track_1071300,/content/drive/MyDrive/MTG_Instrument_old/dataset/logmel_songs/00/1071300.npy
track_1057725,/content/drive/MyDrive/MTG_Instrument_old/dataset/logmel_songs/25/1057725.npy
track_1340349,/content/drive/MyDrive/MTG_Instrument_old/dataset/logmel_songs/49/1340349.npy
track_1076580,/content/drive/MyDrive/MTG_Instrument_old/dataset/logmel_songs/80/1076580.npy
track_1150744,/content/drive/MyDrive/MTG_Instrument_old/dataset/logmel_songs/44/1150744.npy
track_1083511,/content/drive/MyDrive/MTG_Instrument_old/dataset/logmel_songs/11/1083511.npy
track_1320575,/content/drive/MyDrive/MTG_Instrument_old/dataset/logmel_songs/75/1320575.npy
track_0383567,/content/drive/MyDrive/MTG_Instrument_old/dataset/logmel_songs/67/383567.npy
track_1027875,/content/drive/MyDrive/MTG_Instrument_old/dataset/logmel_songs/75/1027875.npy
track_0079748,/content/drive/MyDrive/MTG_Instrument_old/dataset/logmel_songs/48/79748.npy
track_0855269,/content/drive/MyDrive/MTG_Instrument_old/dataset/logmel_songs/69/855269.npy
track_1044568,/content/drive/MyDrive/MTG_Instrument_old/dataset/logmel_songs/68/1044568.npy
track_1111539,/content/drive/MyDrive/MTG_Instrument_old/dataset/logmel_songs/39/1111539.npy
track_1052562,/content/drive/MyDrive/MTG_Instrument_old/dataset/logmel_songs/62/1052562.npy
track_0414049,/content/drive/MyDrive/MTG_Instrument_old/dataset/logmel_songs/49/414049.npy
track_0259843,/content/drive/MyDrive/MTG_Instrument_old/dataset/logmel_songs/43/259843.npy
track_1295769,/content/drive/MyDrive/MTG_Instrument_old/dataset/logmel_songs/69/1295769.npy
track_1143990,/content/drive/MyDrive/MTG_Instrument_old/dataset/logmel_songs/90/1143990.npy
track_1256026,/content/drive/MyDrive/MTG_Instrument_old/dataset/logmel_songs/26/1256026.npy
track_1217511,/content/drive/MyDrive/MTG_Instrument_old/dataset/logmel_songs/11/1217511.npy
track_1087153,/content/drive/MyDrive/MTG_Instrument_old/dataset/logmel_songs/53/1087153.npy
track_1075176,/content/drive/MyDrive/MTG_Instrument_old/dataset/logmel_songs/76/1075176.npy
track_0919353,/content/drive/MyDrive/MTG_Instrument_old/dataset/logmel_songs/53/919353.npy
track_1069084,/content/drive/MyDrive/MTG_Instrument_old/dataset/logmel_songs/84/1069084.npy
track_1414831,/content/drive/MyDrive/MTG_Instrument_old/dataset/logmel_songs/31/1414831.npy
track_1089272,/content/drive/MyDrive/MTG_Instrument_old/dataset/logmel_songs/72/1089272.npy
track_0686758,/content/drive/MyDrive/MTG_Instrument_old/dataset/logmel_songs/58/686758.npy
track_1098677,/content/drive/MyDrive/MTG_Instrument_old/dataset/logmel_songs/77/1098677.npy
track_1075169,/content/drive/MyDrive/MTG_Instrument_old/dataset/logmel_songs/69/1075169.npy
track_1137238,/content/drive/MyDrive/MTG_Instrument_old/dataset/logmel_songs/38/1137238.npy
track_1112025,/content/drive/MyDrive/MTG_Instrument_old/dataset/logmel_songs/25/1112025.npy
track_1313335,/content/drive/MyDrive/MTG_Instrument_old/dataset/logmel_songs/35/1313335.npy
track_1111542,/content/drive/MyDrive/MTG_Instrument_old/dataset/logmel_songs/42/1111542.npy
track_1131565,/content/drive/MyDrive/MTG_Instrument_old/dataset/logmel_songs/65/1131565.npy
track_1416193,/content/drive/MyDrive/MTG_Instrument_old/dataset/logmel_songs/93/1416193.npy
track_1133089,/content/drive/MyDrive/MTG_Instrument_old/dataset/logmel_songs/89/1133089.npy
track_1077725,/content/drive/MyDrive/MTG_Instrument_old/dataset/logmel_songs/25/1077725.npy
track_1398418,/content/drive/MyDrive/MTG_Instrument_old/dataset/logmel_songs/18/1398418.npy
track_0873805,/content/drive/MyDrive/MTG_Instrument_old/dataset/logmel_songs/05/873805.npy
track_0485059,/content/drive/MyDrive/MTG_Instrument_old/dataset/logmel_songs/59/485059.npy
track_1203372,/content/drive/MyDrive/MTG_Instrument_old/dataset/logmel_songs/72/1203372.npy
track_1346207,/content/drive/MyDrive/MTG_Instrument_old/dataset/logmel_songs/07/1346207.npy
track_1374953,/content/drive/MyDrive/MTG_Instrument_old/dataset/logmel_songs/53/1374953.npy
track_0565805,/content/drive/MyDrive/MTG_Instrument_old/dataset/logmel_songs/05/565805.npy
track_1156029,/content/drive/MyDrive/MTG_Instrument_old/dataset/logmel_songs/29/1156029.npy
track_1163228,/content/drive/MyDrive/MTG_Instrument_old/dataset/logmel_songs/28/1163228.npy
track_0006729,/content/drive/MyDrive/MTG_Instrument_old/dataset/logmel_songs/29/6729.npy
track_1313337,/content/drive/MyDrive/MTG_Instrument_old/dataset/logmel_songs/37/1313337.npy
track_0785281,/content/drive/MyDrive/MTG_Instrument_old/dataset/logmel_songs/81/785281.npy
track_0902298,/content/drive/MyDrive/MTG_Instrument_old/dataset/logmel_songs/98/902298.npy
track_1374689,/content/drive/MyDrive/MTG_Instrument_old/dataset/logmel_songs/89/1374689.npy
track_1015038,/content/drive/MyDrive/MTG_Instrument_old/dataset/logmel_songs/38/1015038.npy
track_1234363,/content/drive/MyDrive/MTG_Instrument_old/dataset/logmel_songs/63/1234363.npy
track_1168165,/content/drive/MyDrive/MTG_Instrument_old/dataset/logmel_songs/65/1168165.npy
track_1227368,/content/drive/MyDrive/MTG_Instrument_old/dataset/logmel_songs/68/1227368.npy
track_1320009,/content/drive/MyDrive/MTG_Instrument_old/dataset/logmel_songs/09/1320009.npy
track_0957460,/content/drive/MyDrive/MTG_Instrument_old/dataset/logmel_songs/60/957460.npy
track_1086668,/content/drive/MyDrive/MTG_Instrument_old/dataset/logmel_songs/68/1086668.npy
track_1277840,/content/drive/MyDrive/MTG_Instrument_old/dataset/logmel_songs/40/1277840.npy
track_1351591,/content/drive/MyDrive/MTG_Instrument_old/dataset/logmel_songs/91/1351591.npy
track_0989872,/content/drive/MyDrive/MTG_Instrument_old/dataset/logmel_songs/72/989872.npy
track_0151133,/content/drive/MyDrive/MTG_Instrument_old/dataset/logmel_songs/33/151133.npy
track_0020740,/content/drive/MyDrive/MTG_Instrument_old/dataset/logmel_songs/40/20740.npy
track_1087734,/content/drive/MyDrive/MTG_Instrument_old/dataset/logmel_songs/34/1087734.npy
track_1084672,/content/drive/MyDrive/MTG_Instrument_old/dataset/logmel_songs/72/1084672.npy
track_0078315,/content/drive/MyDrive/MTG_Instrument_old/dataset/logmel_songs/15/78315.npy
track_1063106,/content/drive/MyDrive/MTG_Instrument_old/dataset/logmel_songs/06/1063106.npy
track_0207733,/content/drive/MyDrive/MTG_Instrument_old/dataset/logmel_songs/33/207733.npy
track_1369861,/content/drive/MyDrive/MTG_Instrument_old/dataset/logmel_songs/61/1369861.npy
track_1027608,/content/drive/MyDrive/MTG_Instrument_old/dataset/logmel_songs/08/1027608.npy
track_0205081,/content/drive/MyDrive/MTG_Instrument_old/dataset/logmel_songs/81/205081.npy
track_1251851,/content/drive/MyDrive/MTG_Instrument_old/dataset/logmel_songs/51/1251851.npy
track_1073718,/content/drive/MyDrive/MTG_Instrument_old/dataset/logmel_songs/18/1073718.npy
track_1389557,/content/drive/MyDrive/MTG_Instrument_old/dataset/logmel_songs/57/1389557.npy
track_0900243,/content/drive/MyDrive/MTG_Instrument_old/dataset/logmel_songs/43/900243.npy
track_0718510,/content/drive/MyDrive/MTG_Instrument_old/dataset/logmel_songs/10/718510.npy
track_1165515,/content/drive/MyDrive/MTG_Instrument_old/dataset/logmel_songs/15/1165515.npy
track_1341040,/content/drive/MyDrive/MTG_Instrument_old/dataset/logmel_songs/40/1341040.npy
track_1291218,/content/drive/MyDrive/MTG_Instrument_old/dataset/logmel_songs/18/1291218.npy
track_1089263,/content/drive/MyDrive/MTG_Instrument_old/dataset/logmel_songs/63/1089263.npy
track_0076657,/content/drive/MyDrive/MTG_Instrument_old/dataset/logmel_songs/57/76657.npy
track_1208442,/content/drive/MyDrive/MTG_Instrument_old/dataset/logmel_songs/42/1208442.npy
track_1284340,/content/drive/MyDrive/MTG_Instrument_old/dataset/logmel_songs/40/1284340.npy
track_0457120,/content/drive/MyDrive/MTG_Instrument_old/dataset/logmel_songs/20/457120.npy
track_1080166,/content/drive/MyDrive/MTG_Instrument_old/dataset/logmel_songs/66/1080166.npy
track_1294702,/content/drive/MyDrive/MTG_Instrument_old/dataset/logmel_songs/02/1294702.npy
track_0659903,/content/drive/MyDrive/MTG_Instrument_old/dataset/logmel_songs/03/659903.npy
track_0307384,/content/drive/MyDrive/MTG_Instrument_old/dataset/logmel_songs/84/307384.npy
track_0347819,/content/drive/MyDrive/MTG_Instrument_old/dataset/logmel_songs/19/347819.npy
track_0259858,/content/drive/MyDrive/MTG_Instrument_old/dataset/logmel_songs/58/259858.npy
track_1296703,/content/drive/MyDrive/MTG_Instrument_old/dataset/logmel_songs/03/1296703.npy
track_0111509,/content/drive/MyDrive/MTG_Instrument_old/dataset/logmel_songs/09/111509.npy
track_1026042,/content/drive/MyDrive/MTG_Instrument_old/dataset/logmel_songs/42/1026042.npy
track_1190623,/content/drive/MyDrive/MTG_Instrument_old/dataset/logmel_songs/23/1190623.npy
track_1381058,/content/drive/MyDrive/MTG_Instrument_old/dataset/logmel_songs/58/1381058.npy
track_0991720,/content/drive/MyDrive/MTG_Instrument_old/dataset/logmel_songs/20/991720.npy
track_0959968,/content/drive/MyDrive/MTG_Instrument_old/dataset/logmel_songs/68/959968.npy
track_0460237,/content/drive/MyDrive/MTG_Instrument_old/dataset/logmel_songs/37/460237.npy
track_1394568,/content/drive/MyDrive/MTG_Instrument_old/dataset/logmel_songs/68/1394568.npy
track_0074602,/content/drive/MyDrive/MTG_Instrument_old/dataset/logmel_songs/02/74602.npy
track_1272099,/content/drive/MyDrive/MTG_Instrument_old/dataset/logmel_songs/99/1272099.npy
track_1207987,/content/drive/MyDrive/MTG_Instrument_old/dataset/logmel_songs/87/1207987.npy
track_0976785,/content/drive/MyDrive/MTG_Instrument_old/dataset/logmel_songs/85/976785.npy
track_1418015,/content/drive/MyDrive/MTG_Instrument_old/dataset/logmel_songs/15/1418015.npy
track_1257007,/content/drive/MyDrive/MTG_Instrument_old/dataset/logmel_songs/07/1257007.npy
track_0810890,/content/drive/MyDrive/MTG_Instrument_old/dataset/logmel_songs/90/810890.npy
track_0965446,/content/drive/MyDrive/MTG_Instrument_old/dataset/logmel_songs/46/965446.npy
track_1160599,/content/drive/MyDrive/MTG_Instrument_old/dataset/logmel_songs/99/1160599.npy
track_1345306,/content/drive/MyDrive/MTG_Instrument_old/dataset/logmel_songs/06/1345306.npy
track_0080769,/content/drive/MyDrive/MTG_Instrument_old/dataset/logmel_songs/69/80769.npy
track_0020944,/content/drive/MyDrive/MTG_Instrument_old/dataset/logmel_songs/44/20944.npy
track_1229310,/content/drive/MyDrive/MTG_Instrument_old/dataset/logmel_songs/10/1229310.npy
track_1057735,/content/drive/MyDrive/MTG_Instrument_old/dataset/logmel_songs/35/1057735.npy
track_0922740,/content/drive/MyDrive/MTG_Instrument_old/dataset/logmel_songs/40/922740.npy
track_1032923,/content/drive/MyDrive/MTG_Instrument_old/dataset/logmel_songs/23/1032923.npy
track_1018531,/content/drive/MyDrive/MTG_Instrument_old/dataset/logmel_songs/31/1018531.npy
track_0941345,/content/drive/MyDrive/MTG_Instrument_old/dataset/logmel_songs/45/941345.npy
track_0025877,/content/drive/MyDrive/MTG_Instrument_old/dataset/logmel_songs/77/25877.npy
track_1028806,/content/drive/MyDrive/MTG_Instrument_old/dataset/logmel_songs/06/1028806.npy
track_0911868,/content/drive/MyDrive/MTG_Instrument_old/dataset/logmel_songs/68/911868.npy
track_1154902,/content/drive/MyDrive/MTG_Instrument_old/dataset/logmel_songs/02/1154902.npy
track_1076452,/content/drive/MyDrive/MTG_Instrument_old/dataset/logmel_songs/52/1076452.npy
track_0647537,/content/drive/MyDrive/MTG_Instrument_old/dataset/logmel_songs/37/647537.npy
track_0259807,/content/drive/MyDrive/MTG_Instrument_old/dataset/logmel_songs/07/259807.npy
track_0806979,/content/drive/MyDrive/MTG_Instrument_old/dataset/logmel_songs/79/806979.npy
track_0723356,/content/drive/MyDrive/MTG_Instrument_old/dataset/logmel_songs/56/723356.npy
track_1159670,/content/drive/MyDrive/MTG_Instrument_old/dataset/logmel_songs/70/1159670.npy
track_0711254,/content/drive/MyDrive/MTG_Instrument_old/dataset/logmel_songs/54/711254.npy
track_1164980,/content/drive/MyDrive/MTG_Instrument_old/dataset/logmel_songs/80/1164980.npy
track_1394565,/content/drive/MyDrive/MTG_Instrument_old/dataset/logmel_songs/65/1394565.npy
track_0034520,/content/drive/MyDrive/MTG_Instrument_old/dataset/logmel_songs/20/34520.npy
track_1328087,/content/drive/MyDrive/MTG_Instrument_old/dataset/logmel_songs/87/1328087.npy
track_0081287,/content/drive/MyDrive/MTG_Instrument_old/dataset/logmel_songs/87/81287.npy
track_0698107,/content/drive/MyDrive/MTG_Instrument_old/dataset/logmel_songs/07/698107.npy
track_1372288,/content/drive/MyDrive/MTG_Instrument_old/dataset/logmel_songs/88/1372288.npy
track_1194312,/content/drive/MyDrive/MTG_Instrument_old/dataset/logmel_songs/12/1194312.npy
track_1341271,/content/drive/MyDrive/MTG_Instrument_old/dataset/logmel_songs/71/1341271.npy
track_1024405,/content/drive/MyDrive/MTG_Instrument_old/dataset/logmel_songs/05/1024405.npy
track_1078441,/content/drive/MyDrive/MTG_Instrument_old/dataset/logmel_songs/41/1078441.npy
track_0150861,/content/drive/MyDrive/MTG_Instrument_old/dataset/logmel_songs/61/150861.npy
track_1112020,/content/drive/MyDrive/MTG_Instrument_old/dataset/logmel_songs/20/1112020.npy
track_0965968,/content/drive/MyDrive/MTG_Instrument_old/dataset/logmel_songs/68/965968.npy
track_1369415,/content/drive/MyDrive/MTG_Instrument_old/dataset/logmel_songs/15/1369415.npy
track_0134754,/content/drive/MyDrive/MTG_Instrument_old/dataset/logmel_songs/54/134754.npy
track_1381057,/content/drive/MyDrive/MTG_Instrument_old/dataset/logmel_songs/57/1381057.npy
track_1133071,/content/drive/MyDrive/MTG_Instrument_old/dataset/logmel_songs/71/1133071.npy
track_0491056,/content/drive/MyDrive/MTG_Instrument_old/dataset/logmel_songs/56/491056.npy
track_1319999,/content/drive/MyDrive/MTG_Instrument_old/dataset/logmel_songs/99/1319999.npy
track_1366003,/content/drive/MyDrive/MTG_Instrument_old/dataset/logmel_songs/03/1366003.npy
track_1079297,/content/drive/MyDrive/MTG_Instrument_old/dataset/logmel_songs/97/1079297.npy
track_1164983,/content/drive/MyDrive/MTG_Instrument_old/dataset/logmel_songs/83/1164983.npy
track_1207899,/content/drive/MyDrive/MTG_Instrument_old/dataset/logmel_songs/99/1207899.npy
track_0673573,/content/drive/MyDrive/MTG_Instrument_old/dataset/logmel_songs/73/673573.npy
track_1157324,/content/drive/MyDrive/MTG_Instrument_old/dataset/logmel_songs/24/1157324.npy
track_0806977,/content/drive/MyDrive/MTG_Instrument_old/dataset/logmel_songs/77/806977.npy
track_0078728,/content/drive/MyDrive/MTG_Instrument_old/dataset/logmel_songs/28/78728.npy
track_1412813,/content/drive/MyDrive/MTG_Instrument_old/dataset/logmel_songs/13/1412813.npy
track_1084481,/content/drive/MyDrive/MTG_Instrument_old/dataset/logmel_songs/81/1084481.npy
track_1012594,/content/drive/MyDrive/MTG_Instrument_old/dataset/logmel_songs/94/1012594.npy
track_1176229,/content/drive/MyDrive/MTG_Instrument_old/dataset/logmel_songs/29/1176229.npy
track_1203320,/content/drive/MyDrive/MTG_Instrument_old/dataset/logmel_songs/20/1203320.npy
track_0827272,/content/drive/MyDrive/MTG_Instrument_old/dataset/logmel_songs/72/827272.npy
track_1269115,/content/drive/MyDrive/MTG_Instrument_old/dataset/logmel_songs/15/1269115.npy
track_0956545,/content/drive/MyDrive/MTG_Instrument_old/dataset/logmel_songs/45/956545.npy
track_1330452,/content/drive/MyDrive/MTG_Instrument_old/dataset/logmel_songs/52/1330452.npy
track_1362247,/content/drive/MyDrive/MTG_Instrument_old/dataset/logmel_songs/47/1362247.npy
track_1135189,/content/drive/MyDrive/MTG_Instrument_old/dataset/logmel_songs/89/1135189.npy
track_1131574,/content/drive/MyDrive/MTG_Instrument_old/dataset/logmel_songs/74/1131574.npy
track_0773681,/content/drive/MyDrive/MTG_Instrument_old/dataset/logmel_songs/81/773681.npy
track_1291477,/content/drive/MyDrive/MTG_Instrument_old/dataset/logmel_songs/77/1291477.npy
track_1243719,/content/drive/MyDrive/MTG_Instrument_old/dataset/logmel_songs/19/1243719.npy
track_1379936,/content/drive/MyDrive/MTG_Instrument_old/dataset/logmel_songs/36/1379936.npy
track_1317900,/content/drive/MyDrive/MTG_Instrument_old/dataset/logmel_songs/00/1317900.npy
track_0026232,/content/drive/MyDrive/MTG_Instrument_old/dataset/logmel_songs/32/26232.npy
track_1089159,/content/drive/MyDrive/MTG_Instrument_old/dataset/logmel_songs/59/1089159.npy
track_0542411,/content/drive/MyDrive/MTG_Instrument_old/dataset/logmel_songs/11/542411.npy
track_0571474,/content/drive/MyDrive/MTG_Instrument_old/dataset/logmel_songs/74/571474.npy
track_1185783,/content/drive/MyDrive/MTG_Instrument_old/dataset/logmel_songs/83/1185783.npy
track_1271442,/content/drive/MyDrive/MTG_Instrument_old/dataset/logmel_songs/42/1271442.npy
track_0131569,/content/drive/MyDrive/MTG_Instrument_old/dataset/logmel_songs/69/131569.npy
track_1414159,/content/drive/MyDrive/MTG_Instrument_old/dataset/logmel_songs/59/1414159.npy
track_1136881,/content/drive/MyDrive/MTG_Instrument_old/dataset/logmel_songs/81/1136881.npy
track_1404303,/content/drive/MyDrive/MTG_Instrument_old/dataset/logmel_songs/03/1404303.npy
track_1157598,/content/drive/MyDrive/MTG_Instrument_old/dataset/logmel_songs/98/1157598.npy
track_1248260,/content/drive/MyDrive/MTG_Instrument_old/dataset/logmel_songs/60/1248260.npy
track_1143941,/content/drive/MyDrive/MTG_Instrument_old/dataset/logmel_songs/41/1143941.npy
track_0647520,/content/drive/MyDrive/MTG_Instrument_old/dataset/logmel_songs/20/647520.npy
track_0889218,/content/drive/MyDrive/MTG_Instrument_old/dataset/logmel_songs/18/889218.npy
track_0977189,/content/drive/MyDrive/MTG_Instrument_old/dataset/logmel_songs/89/977189.npy
track_1247308,/content/drive/MyDrive/MTG_Instrument_old/dataset/logmel_songs/08/1247308.npy
track_0906585,/content/drive/MyDrive/MTG_Instrument_old/dataset/logmel_songs/85/906585.npy
track_1179726,/content/drive/MyDrive/MTG_Instrument_old/dataset/logmel_songs/26/1179726.npy
track_1029329,/content/drive/MyDrive/MTG_Instrument_old/dataset/logmel_songs/29/1029329.npy
track_1130018,/content/drive/MyDrive/MTG_Instrument_old/dataset/logmel_songs/18/1130018.npy
track_1315246,/content/drive/MyDrive/MTG_Instrument_old/dataset/logmel_songs/46/1315246.npy
track_0953637,/content/drive/MyDrive/MTG_Instrument_old/dataset/logmel_songs/37/953637.npy
track_0005087,/content/drive/MyDrive/MTG_Instrument_old/dataset/logmel_songs/87/5087.npy
track_1168553,/content/drive/MyDrive/MTG_Instrument_old/dataset/logmel_songs/53/1168553.npy
track_1310243,/content/drive/MyDrive/MTG_Instrument_old/dataset/logmel_songs/43/1310243.npy
track_0041971,/content/drive/MyDrive/MTG_Instrument_old/dataset/logmel_songs/71/41971.npy
track_1227102,/content/drive/MyDrive/MTG_Instrument_old/dataset/logmel_songs/02/1227102.npy
track_1267347,/content/drive/MyDrive/MTG_Instrument_old/dataset/logmel_songs/47/1267347.npy
track_1234358,/content/drive/MyDrive/MTG_Instrument_old/dataset/logmel_songs/58/1234358.npy
track_1321087,/content/drive/MyDrive/MTG_Instrument_old/dataset/logmel_songs/87/1321087.npy
track_0784880,/content/drive/MyDrive/MTG_Instrument_old/dataset/logmel_songs/80/784880.npy
track_0901204,/content/drive/MyDrive/MTG_Instrument_old/dataset/logmel_songs/04/901204.npy
track_1349480,/content/drive/MyDrive/MTG_Instrument_old/dataset/logmel_songs/80/1349480.npy
track_0713736,/content/drive/MyDrive/MTG_Instrument_old/dataset/logmel_songs/36/713736.npy
track_0151066,/content/drive/MyDrive/MTG_Instrument_old/dataset/logmel_songs/66/151066.npy
track_0883574,/content/drive/MyDrive/MTG_Instrument_old/dataset/logmel_songs/74/883574.npy
track_1379953,/content/drive/MyDrive/MTG_Instrument_old/dataset/logmel_songs/53/1379953.npy
track_1072432,/content/drive/MyDrive/MTG_Instrument_old/dataset/logmel_songs/32/1072432.npy
track_0780393,/content/drive/MyDrive/MTG_Instrument_old/dataset/logmel_songs/93/780393.npy
track_1250953,/content/drive/MyDrive/MTG_Instrument_old/dataset/logmel_songs/53/1250953.npy
track_1329969,/content/drive/MyDrive/MTG_Instrument_old/dataset/logmel_songs/69/1329969.npy
track_0345905,/content/drive/MyDrive/MTG_Instrument_old/dataset/logmel_songs/05/345905.npy
track_1372085,/content/drive/MyDrive/MTG_Instrument_old/dataset/logmel_songs/85/1372085.npy
track_0080752,/content/drive/MyDrive/MTG_Instrument_old/dataset/logmel_songs/52/80752.npy
track_1033095,/content/drive/MyDrive/MTG_Instrument_old/dataset/logmel_songs/95/1033095.npy
track_1329937,/content/drive/MyDrive/MTG_Instrument_old/dataset/logmel_songs/37/1329937.npy
track_1320018,/content/drive/MyDrive/MTG_Instrument_old/dataset/logmel_songs/18/1320018.npy
track_1036109,/content/drive/MyDrive/MTG_Instrument_old/dataset/logmel_songs/09/1036109.npy
track_1217221,/content/drive/MyDrive/MTG_Instrument_old/dataset/logmel_songs/21/1217221.npy
track_1216106,/content/drive/MyDrive/MTG_Instrument_old/dataset/logmel_songs/06/1216106.npy
track_1379950,/content/drive/MyDrive/MTG_Instrument_old/dataset/logmel_songs/50/1379950.npy
track_1365928,/content/drive/MyDrive/MTG_Instrument_old/dataset/logmel_songs/28/1365928.npy
track_1138580,/content/drive/MyDrive/MTG_Instrument_old/dataset/logmel_songs/80/1138580.npy
track_0245935,/content/drive/MyDrive/MTG_Instrument_old/dataset/logmel_songs/35/245935.npy
track_1201671,/content/drive/MyDrive/MTG_Instrument_old/dataset/logmel_songs/71/1201671.npy
track_0347879,/content/drive/MyDrive/MTG_Instrument_old/dataset/logmel_songs/79/347879.npy
track_1250219,/content/drive/MyDrive/MTG_Instrument_old/dataset/logmel_songs/19/1250219.npy
track_1129049,/content/drive/MyDrive/MTG_Instrument_old/dataset/logmel_songs/49/1129049.npy
track_1087768,/content/drive/MyDrive/MTG_Instrument_old/dataset/logmel_songs/68/1087768.npy
track_0150959,/content/drive/MyDrive/MTG_Instrument_old/dataset/logmel_songs/59/150959.npy
track_0066943,/content/drive/MyDrive/MTG_Instrument_old/dataset/logmel_songs/43/66943.npy
track_0416407,/content/drive/MyDrive/MTG_Instrument_old/dataset/logmel_songs/07/416407.npy
track_1203439,/content/drive/MyDrive/MTG_Instrument_old/dataset/logmel_songs/39/1203439.npy
track_1381342,/content/drive/MyDrive/MTG_Instrument_old/dataset/logmel_songs/42/1381342.npy
track_1047236,/content/drive/MyDrive/MTG_Instrument_old/dataset/logmel_songs/36/1047236.npy
track_1166111,/content/drive/MyDrive/MTG_Instrument_old/dataset/logmel_songs/11/1166111.npy
track_1046641,/content/drive/MyDrive/MTG_Instrument_old/dataset/logmel_songs/41/1046641.npy
track_1136876,/content/drive/MyDrive/MTG_Instrument_old/dataset/logmel_songs/76/1136876.npy
track_1370323,/content/drive/MyDrive/MTG_Instrument_old/dataset/logmel_songs/23/1370323.npy
track_1118538,/content/drive/MyDrive/MTG_Instrument_old/dataset/logmel_songs/38/1118538.npy
track_1418668,/content/drive/MyDrive/MTG_Instrument_old/dataset/logmel_songs/68/1418668.npy
track_1087887,/content/drive/MyDrive/MTG_Instrument_old/dataset/logmel_songs/87/1087887.npy
track_0731399,/content/drive/MyDrive/MTG_Instrument_old/dataset/logmel_songs/99/731399.npy
track_0343780,/content/drive/MyDrive/MTG_Instrument_old/dataset/logmel_songs/80/343780.npy
track_1089257,/content/drive/MyDrive/MTG_Instrument_old/dataset/logmel_songs/57/1089257.npy
track_0983610,/content/drive/MyDrive/MTG_Instrument_old/dataset/logmel_songs/10/983610.npy
track_0711274,/content/drive/MyDrive/MTG_Instrument_old/dataset/logmel_songs/74/711274.npy
track_0936354,/content/drive/MyDrive/MTG_Instrument_old/dataset/logmel_songs/54/936354.npy
track_1074314,/content/drive/MyDrive/MTG_Instrument_old/dataset/logmel_songs/14/1074314.npy
track_1322996,/content/drive/MyDrive/MTG_Instrument_old/dataset/logmel_songs/96/1322996.npy
track_1117494,/content/drive/MyDrive/MTG_Instrument_old/dataset/logmel_songs/94/1117494.npy
track_1220580,/content/drive/MyDrive/MTG_Instrument_old/dataset/logmel_songs/80/1220580.npy
track_1335981,/content/drive/MyDrive/MTG_Instrument_old/dataset/logmel_songs/81/1335981.npy
track_1149469,/content/drive/MyDrive/MTG_Instrument_old/dataset/logmel_songs/69/1149469.npy
track_1405572,/content/drive/MyDrive/MTG_Instrument_old/dataset/logmel_songs/72/1405572.npy
track_1231039,/content/drive/MyDrive/MTG_Instrument_old/dataset/logmel_songs/39/1231039.npy
track_0981913,/content/drive/MyDrive/MTG_Instrument_old/dataset/logmel_songs/13/981913.npy
track_0024321,/content/drive/MyDrive/MTG_Instrument_old/dataset/logmel_songs/21/24321.npy
track_1373316,/content/drive/MyDrive/MTG_Instrument_old/dataset/logmel_songs/16/1373316.npy
track_1104259,/content/drive/MyDrive/MTG_Instrument_old/dataset/logmel_songs/59/1104259.npy
track_1069802,/content/drive/MyDrive/MTG_Instrument_old/dataset/logmel_songs/02/1069802.npy
track_1116406,/content/drive/MyDrive/MTG_Instrument_old/dataset/logmel_songs/06/1116406.npy
track_1314626,/content/drive/MyDrive/MTG_Instrument_old/dataset/logmel_songs/26/1314626.npy
track_0986589,/content/drive/MyDrive/MTG_Instrument_old/dataset/logmel_songs/89/986589.npy
track_1326538,/content/drive/MyDrive/MTG_Instrument_old/dataset/logmel_songs/38/1326538.npy
track_0480539,/content/drive/MyDrive/MTG_Instrument_old/dataset/logmel_songs/39/480539.npy
track_1270234,/content/drive/MyDrive/MTG_Instrument_old/dataset/logmel_songs/34/1270234.npy
track_1169081,/content/drive/MyDrive/MTG_Instrument_old/dataset/logmel_songs/81/1169081.npy
track_0188695,/content/drive/MyDrive/MTG_Instrument_old/dataset/logmel_songs/95/188695.npy
track_1235603,/content/drive/MyDrive/MTG_Instrument_old/dataset/logmel_songs/03/1235603.npy
track_1399473,/content/drive/MyDrive/MTG_Instrument_old/dataset/logmel_songs/73/1399473.npy
track_1310215,/content/drive/MyDrive/MTG_Instrument_old/dataset/logmel_songs/15/1310215.npy
track_1137267,/content/drive/MyDrive/MTG_Instrument_old/dataset/logmel_songs/67/1137267.npy
track_1169581,/content/drive/MyDrive/MTG_Instrument_old/dataset/logmel_songs/81/1169581.npy
track_1112434,/content/drive/MyDrive/MTG_Instrument_old/dataset/logmel_songs/34/1112434.npy
track_1194763,/content/drive/MyDrive/MTG_Instrument_old/dataset/logmel_songs/63/1194763.npy
track_1205170,/content/drive/MyDrive/MTG_Instrument_old/dataset/logmel_songs/70/1205170.npy
track_1333038,/content/drive/MyDrive/MTG_Instrument_old/dataset/logmel_songs/38/1333038.npy
track_0785621,/content/drive/MyDrive/MTG_Instrument_old/dataset/logmel_songs/21/785621.npy
track_0368174,/content/drive/MyDrive/MTG_Instrument_old/dataset/logmel_songs/74/368174.npy
track_1171562,/content/drive/MyDrive/MTG_Instrument_old/dataset/logmel_songs/62/1171562.npy
track_0986802,/content/drive/MyDrive/MTG_Instrument_old/dataset/logmel_songs/02/986802.npy
track_1023276,/content/drive/MyDrive/MTG_Instrument_old/dataset/logmel_songs/76/1023276.npy
track_0914770,/content/drive/MyDrive/MTG_Instrument_old/dataset/logmel_songs/70/914770.npy
track_0476726,/content/drive/MyDrive/MTG_Instrument_old/dataset/logmel_songs/26/476726.npy
track_1194827,/content/drive/MyDrive/MTG_Instrument_old/dataset/logmel_songs/27/1194827.npy
track_0078734,/content/drive/MyDrive/MTG_Instrument_old/dataset/logmel_songs/34/78734.npy
track_1353819,/content/drive/MyDrive/MTG_Instrument_old/dataset/logmel_songs/19/1353819.npy
track_1138696,/content/drive/MyDrive/MTG_Instrument_old/dataset/logmel_songs/96/1138696.npy
track_1133341,/content/drive/MyDrive/MTG_Instrument_old/dataset/logmel_songs/41/1133341.npy
track_0401851,/content/drive/MyDrive/MTG_Instrument_old/dataset/logmel_songs/51/401851.npy
track_0048723,/content/drive/MyDrive/MTG_Instrument_old/dataset/logmel_songs/23/48723.npy
track_0897989,/content/drive/MyDrive/MTG_Instrument_old/dataset/logmel_songs/89/897989.npy
track_1244714,/content/drive/MyDrive/MTG_Instrument_old/dataset/logmel_songs/14/1244714.npy
track_1147275,/content/drive/MyDrive/MTG_Instrument_old/dataset/logmel_songs/75/1147275.npy
track_1256020,/content/drive/MyDrive/MTG_Instrument_old/dataset/logmel_songs/20/1256020.npy
track_1310775,/content/drive/MyDrive/MTG_Instrument_old/dataset/logmel_songs/75/1310775.npy
track_1320024,/content/drive/MyDrive/MTG_Instrument_old/dataset/logmel_songs/24/1320024.npy
track_1395100,/content/drive/MyDrive/MTG_Instrument_old/dataset/logmel_songs/00/1395100.npy
track_0015163,/content/drive/MyDrive/MTG_Instrument_old/dataset/logmel_songs/63/15163.npy
track_1243725,/content/drive/MyDrive/MTG_Instrument_old/dataset/logmel_songs/25/1243725.npy
track_1406626,/content/drive/MyDrive/MTG_Instrument_old/dataset/logmel_songs/26/1406626.npy
track_0751967,/content/drive/MyDrive/MTG_Instrument_old/dataset/logmel_songs/67/751967.npy
track_0956215,/content/drive/MyDrive/MTG_Instrument_old/dataset/logmel_songs/15/956215.npy
track_0417223,/content/drive/MyDrive/MTG_Instrument_old/dataset/logmel_songs/23/417223.npy
track_0890578,/content/drive/MyDrive/MTG_Instrument_old/dataset/logmel_songs/78/890578.npy
track_0078307,/content/drive/MyDrive/MTG_Instrument_old/dataset/logmel_songs/07/78307.npy
track_0259897,/content/drive/MyDrive/MTG_Instrument_old/dataset/logmel_songs/97/259897.npy
track_0790447,/content/drive/MyDrive/MTG_Instrument_old/dataset/logmel_songs/47/790447.npy
track_0632929,/content/drive/MyDrive/MTG_Instrument_old/dataset/logmel_songs/29/632929.npy
track_1171475,/content/drive/MyDrive/MTG_Instrument_old/dataset/logmel_songs/75/1171475.npy
track_1115079,/content/drive/MyDrive/MTG_Instrument_old/dataset/logmel_songs/79/1115079.npy
track_1063129,/content/drive/MyDrive/MTG_Instrument_old/dataset/logmel_songs/29/1063129.npy
track_0066953,/content/drive/MyDrive/MTG_Instrument_old/dataset/logmel_songs/53/66953.npy
track_1111546,/content/drive/MyDrive/MTG_Instrument_old/dataset/logmel_songs/46/1111546.npy
track_1417844,/content/drive/MyDrive/MTG_Instrument_old/dataset/logmel_songs/44/1417844.npy
track_1241538,/content/drive/MyDrive/MTG_Instrument_old/dataset/logmel_songs/38/1241538.npy
track_0188265,/content/drive/MyDrive/MTG_Instrument_old/dataset/logmel_songs/65/188265.npy
track_1248619,/content/drive/MyDrive/MTG_Instrument_old/dataset/logmel_songs/19/1248619.npy
track_0081800,/content/drive/MyDrive/MTG_Instrument_old/dataset/logmel_songs/00/81800.npy
track_0025223,/content/drive/MyDrive/MTG_Instrument_old/dataset/logmel_songs/23/25223.npy
track_1066901,/content/drive/MyDrive/MTG_Instrument_old/dataset/logmel_songs/01/1066901.npy
track_0989712,/content/drive/MyDrive/MTG_Instrument_old/dataset/logmel_songs/12/989712.npy
track_1374716,/content/drive/MyDrive/MTG_Instrument_old/dataset/logmel_songs/16/1374716.npy
track_1255091,/content/drive/MyDrive/MTG_Instrument_old/dataset/logmel_songs/91/1255091.npy
track_1110497,/content/drive/MyDrive/MTG_Instrument_old/dataset/logmel_songs/97/1110497.npy
track_1075190,/content/drive/MyDrive/MTG_Instrument_old/dataset/logmel_songs/90/1075190.npy
track_1078443,/content/drive/MyDrive/MTG_Instrument_old/dataset/logmel_songs/43/1078443.npy
track_1018538,/content/drive/MyDrive/MTG_Instrument_old/dataset/logmel_songs/38/1018538.npy
track_0209102,/content/drive/MyDrive/MTG_Instrument_old/dataset/logmel_songs/02/209102.npy
track_1095022,/content/drive/MyDrive/MTG_Instrument_old/dataset/logmel_songs/22/1095022.npy
track_0784882,/content/drive/MyDrive/MTG_Instrument_old/dataset/logmel_songs/82/784882.npy
track_1075198,/content/drive/MyDrive/MTG_Instrument_old/dataset/logmel_songs/98/1075198.npy
track_1386809,/content/drive/MyDrive/MTG_Instrument_old/dataset/logmel_songs/09/1386809.npy
track_0166334,/content/drive/MyDrive/MTG_Instrument_old/dataset/logmel_songs/34/166334.npy
track_0989849,/content/drive/MyDrive/MTG_Instrument_old/dataset/logmel_songs/49/989849.npy
track_1217501,/content/drive/MyDrive/MTG_Instrument_old/dataset/logmel_songs/01/1217501.npy
track_0359656,/content/drive/MyDrive/MTG_Instrument_old/dataset/logmel_songs/56/359656.npy
track_1078428,/content/drive/MyDrive/MTG_Instrument_old/dataset/logmel_songs/28/1078428.npy
track_0011842,/content/drive/MyDrive/MTG_Instrument_old/dataset/logmel_songs/42/11842.npy
track_1316649,/content/drive/MyDrive/MTG_Instrument_old/dataset/logmel_songs/49/1316649.npy
track_0147385,/content/drive/MyDrive/MTG_Instrument_old/dataset/logmel_songs/85/147385.npy
track_0758012,/content/drive/MyDrive/MTG_Instrument_old/dataset/logmel_songs/12/758012.npy
track_0677106,/content/drive/MyDrive/MTG_Instrument_old/dataset/logmel_songs/06/677106.npy
track_1133347,/content/drive/MyDrive/MTG_Instrument_old/dataset/logmel_songs/47/1133347.npy
track_1400606,/content/drive/MyDrive/MTG_Instrument_old/dataset/logmel_songs/06/1400606.npy
track_1148782,/content/drive/MyDrive/MTG_Instrument_old/dataset/logmel_songs/82/1148782.npy
track_1093050,/content/drive/MyDrive/MTG_Instrument_old/dataset/logmel_songs/50/1093050.npy
track_1043812,/content/drive/MyDrive/MTG_Instrument_old/dataset/logmel_songs/12/1043812.npy
track_1159616,/content/drive/MyDrive/MTG_Instrument_old/dataset/logmel_songs/16/1159616.npy
track_0206067,/content/drive/MyDrive/MTG_Instrument_old/dataset/logmel_songs/67/206067.npy
track_1158969,/content/drive/MyDrive/MTG_Instrument_old/dataset/logmel_songs/69/1158969.npy
track_1165470,/content/drive/MyDrive/MTG_Instrument_old/dataset/logmel_songs/70/1165470.npy
track_0934753,/content/drive/MyDrive/MTG_Instrument_old/dataset/logmel_songs/53/934753.npy
track_1087769,/content/drive/MyDrive/MTG_Instrument_old/dataset/logmel_songs/69/1087769.npy
track_1189656,/content/drive/MyDrive/MTG_Instrument_old/dataset/logmel_songs/56/1189656.npy
track_1369725,/content/drive/MyDrive/MTG_Instrument_old/dataset/logmel_songs/25/1369725.npy
track_0785618,/content/drive/MyDrive/MTG_Instrument_old/dataset/logmel_songs/18/785618.npy
track_1078362,/content/drive/MyDrive/MTG_Instrument_old/dataset/logmel_songs/62/1078362.npy
track_1090923,/content/drive/MyDrive/MTG_Instrument_old/dataset/logmel_songs/23/1090923.npy
track_1027877,/content/drive/MyDrive/MTG_Instrument_old/dataset/logmel_songs/77/1027877.npy
track_0448683,/content/drive/MyDrive/MTG_Instrument_old/dataset/logmel_songs/83/448683.npy
track_1193402,/content/drive/MyDrive/MTG_Instrument_old/dataset/logmel_songs/02/1193402.npy
track_0357144,/content/drive/MyDrive/MTG_Instrument_old/dataset/logmel_songs/44/357144.npy
track_1166931,/content/drive/MyDrive/MTG_Instrument_old/dataset/logmel_songs/31/1166931.npy
track_1132967,/content/drive/MyDrive/MTG_Instrument_old/dataset/logmel_songs/67/1132967.npy
track_1269805,/content/drive/MyDrive/MTG_Instrument_old/dataset/logmel_songs/05/1269805.npy
track_0046570,/content/drive/MyDrive/MTG_Instrument_old/dataset/logmel_songs/70/46570.npy
track_0155931,/content/drive/MyDrive/MTG_Instrument_old/dataset/logmel_songs/31/155931.npy
track_1223081,/content/drive/MyDrive/MTG_Instrument_old/dataset/logmel_songs/81/1223081.npy
track_1116408,/content/drive/MyDrive/MTG_Instrument_old/dataset/logmel_songs/08/1116408.npy
track_0976870,/content/drive/MyDrive/MTG_Instrument_old/dataset/logmel_songs/70/976870.npy
track_1080221,/content/drive/MyDrive/MTG_Instrument_old/dataset/logmel_songs/21/1080221.npy
track_0989072,/content/drive/MyDrive/MTG_Instrument_old/dataset/logmel_songs/72/989072.npy
track_1345292,/content/drive/MyDrive/MTG_Instrument_old/dataset/logmel_songs/92/1345292.npy
track_1399775,/content/drive/MyDrive/MTG_Instrument_old/dataset/logmel_songs/75/1399775.npy
track_1114716,/content/drive/MyDrive/MTG_Instrument_old/dataset/logmel_songs/16/1114716.npy
track_0155905,/content/drive/MyDrive/MTG_Instrument_old/dataset/logmel_songs/05/155905.npy
track_1289009,/content/drive/MyDrive/MTG_Instrument_old/dataset/logmel_songs/09/1289009.npy
track_1075194,/content/drive/MyDrive/MTG_Instrument_old/dataset/logmel_songs/94/1075194.npy
track_1033124,/content/drive/MyDrive/MTG_Instrument_old/dataset/logmel_songs/24/1033124.npy
track_1126029,/content/drive/MyDrive/MTG_Instrument_old/dataset/logmel_songs/29/1126029.npy
track_1393085,/content/drive/MyDrive/MTG_Instrument_old/dataset/logmel_songs/85/1393085.npy
track_1231996,/content/drive/MyDrive/MTG_Instrument_old/dataset/logmel_songs/96/1231996.npy
track_0028193,/content/drive/MyDrive/MTG_Instrument_old/dataset/logmel_songs/93/28193.npy
track_0938363,/content/drive/MyDrive/MTG_Instrument_old/dataset/logmel_songs/63/938363.npy
track_0822298,/content/drive/MyDrive/MTG_Instrument_old/dataset/logmel_songs/98/822298.npy
track_1386750,/content/drive/MyDrive/MTG_Instrument_old/dataset/logmel_songs/50/1386750.npy
track_1157594,/content/drive/MyDrive/MTG_Instrument_old/dataset/logmel_songs/94/1157594.npy
track_1240414,/content/drive/MyDrive/MTG_Instrument_old/dataset/logmel_songs/14/1240414.npy
track_0983611,/content/drive/MyDrive/MTG_Instrument_old/dataset/logmel_songs/11/983611.npy
track_1134040,/content/drive/MyDrive/MTG_Instrument_old/dataset/logmel_songs/40/1134040.npy
track_1324910,/content/drive/MyDrive/MTG_Instrument_old/dataset/logmel_songs/10/1324910.npy
track_1053401,/content/drive/MyDrive/MTG_Instrument_old/dataset/logmel_songs/01/1053401.npy
track_1155231,/content/drive/MyDrive/MTG_Instrument_old/dataset/logmel_songs/31/1155231.npy
track_0019191,/content/drive/MyDrive/MTG_Instrument_old/dataset/logmel_songs/91/19191.npy
track_1418663,/content/drive/MyDrive/MTG_Instrument_old/dataset/logmel_songs/63/1418663.npy
track_1265326,/content/drive/MyDrive/MTG_Instrument_old/dataset/logmel_songs/26/1265326.npy
track_1119549,/content/drive/MyDrive/MTG_Instrument_old/dataset/logmel_songs/49/1119549.npy
track_0981912,/content/drive/MyDrive/MTG_Instrument_old/dataset/logmel_songs/12/981912.npy
track_1308472,/content/drive/MyDrive/MTG_Instrument_old/dataset/logmel_songs/72/1308472.npy
track_0878745,/content/drive/MyDrive/MTG_Instrument_old/dataset/logmel_songs/45/878745.npy
track_1418656,/content/drive/MyDrive/MTG_Instrument_old/dataset/logmel_songs/56/1418656.npy
track_1177880,/content/drive/MyDrive/MTG_Instrument_old/dataset/logmel_songs/80/1177880.npy
track_0897308,/content/drive/MyDrive/MTG_Instrument_old/dataset/logmel_songs/08/897308.npy
track_1413874,/content/drive/MyDrive/MTG_Instrument_old/dataset/logmel_songs/74/1413874.npy
track_1159739,/content/drive/MyDrive/MTG_Instrument_old/dataset/logmel_songs/39/1159739.npy
track_0862834,/content/drive/MyDrive/MTG_Instrument_old/dataset/logmel_songs/34/862834.npy
track_1352260,/content/drive/MyDrive/MTG_Instrument_old/dataset/logmel_songs/60/1352260.npy
track_1398910,/content/drive/MyDrive/MTG_Instrument_old/dataset/logmel_songs/10/1398910.npy
track_1129801,/content/drive/MyDrive/MTG_Instrument_old/dataset/logmel_songs/01/1129801.npy
track_0647534,/content/drive/MyDrive/MTG_Instrument_old/dataset/logmel_songs/34/647534.npy
track_1369693,/content/drive/MyDrive/MTG_Instrument_old/dataset/logmel_songs/93/1369693.npy
track_1218923,/content/drive/MyDrive/MTG_Instrument_old/dataset/logmel_songs/23/1218923.npy
track_1164349,/content/drive/MyDrive/MTG_Instrument_old/dataset/logmel_songs/49/1164349.npy
track_0034856,/content/drive/MyDrive/MTG_Instrument_old/dataset/logmel_songs/56/34856.npy
track_0962726,/content/drive/MyDrive/MTG_Instrument_old/dataset/logmel_songs/26/962726.npy
track_1066894,/content/drive/MyDrive/MTG_Instrument_old/dataset/logmel_songs/94/1066894.npy
track_1053397,/content/drive/MyDrive/MTG_Instrument_old/dataset/logmel_songs/97/1053397.npy
track_0667866,/content/drive/MyDrive/MTG_Instrument_old/dataset/logmel_songs/66/667866.npy
track_1164203,/content/drive/MyDrive/MTG_Instrument_old/dataset/logmel_songs/03/1164203.npy
track_1419629,/content/drive/MyDrive/MTG_Instrument_old/dataset/logmel_songs/29/1419629.npy
track_1028901,/content/drive/MyDrive/MTG_Instrument_old/dataset/logmel_songs/01/1028901.npy
track_1420940,/content/drive/MyDrive/MTG_Instrument_old/dataset/logmel_songs/40/1420940.npy
track_1174467,/content/drive/MyDrive/MTG_Instrument_old/dataset/logmel_songs/67/1174467.npy
track_0128834,/content/drive/MyDrive/MTG_Instrument_old/dataset/logmel_songs/34/128834.npy
track_1222851,/content/drive/MyDrive/MTG_Instrument_old/dataset/logmel_songs/51/1222851.npy
track_0938330,/content/drive/MyDrive/MTG_Instrument_old/dataset/logmel_songs/30/938330.npy
track_0425768,/content/drive/MyDrive/MTG_Instrument_old/dataset/logmel_songs/68/425768.npy
track_0891603,/content/drive/MyDrive/MTG_Instrument_old/dataset/logmel_songs/03/891603.npy
track_1075177,/content/drive/MyDrive/MTG_Instrument_old/dataset/logmel_songs/77/1075177.npy
track_0987275,/content/drive/MyDrive/MTG_Instrument_old/dataset/logmel_songs/75/987275.npy
track_1362286,/content/drive/MyDrive/MTG_Instrument_old/dataset/logmel_songs/86/1362286.npy
track_1107272,/content/drive/MyDrive/MTG_Instrument_old/dataset/logmel_songs/72/1107272.npy
track_1374309,/content/drive/MyDrive/MTG_Instrument_old/dataset/logmel_songs/09/1374309.npy
track_0875312,/content/drive/MyDrive/MTG_Instrument_old/dataset/logmel_songs/12/875312.npy
track_0768508,/content/drive/MyDrive/MTG_Instrument_old/dataset/logmel_songs/08/768508.npy
track_1101580,/content/drive/MyDrive/MTG_Instrument_old/dataset/logmel_songs/80/1101580.npy
track_0259896,/content/drive/MyDrive/MTG_Instrument_old/dataset/logmel_songs/96/259896.npy
track_0974582,/content/drive/MyDrive/MTG_Instrument_old/dataset/logmel_songs/82/974582.npy
track_0946943,/content/drive/MyDrive/MTG_Instrument_old/dataset/logmel_songs/43/946943.npy
track_1159747,/content/drive/MyDrive/MTG_Instrument_old/dataset/logmel_songs/47/1159747.npy
track_1077050,/content/drive/MyDrive/MTG_Instrument_old/dataset/logmel_songs/50/1077050.npy
track_1083305,/content/drive/MyDrive/MTG_Instrument_old/dataset/logmel_songs/05/1083305.npy
track_1223943,/content/drive/MyDrive/MTG_Instrument_old/dataset/logmel_songs/43/1223943.npy
track_0993560,/content/drive/MyDrive/MTG_Instrument_old/dataset/logmel_songs/60/993560.npy
track_1085730,/content/drive/MyDrive/MTG_Instrument_old/dataset/logmel_songs/30/1085730.npy
track_0996970,/content/drive/MyDrive/MTG_Instrument_old/dataset/logmel_songs/70/996970.npy
track_1274167,/content/drive/MyDrive/MTG_Instrument_old/dataset/logmel_songs/67/1274167.npy
track_1158983,/content/drive/MyDrive/MTG_Instrument_old/dataset/logmel_songs/83/1158983.npy
track_1134035,/content/drive/MyDrive/MTG_Instrument_old/dataset/logmel_songs/35/1134035.npy
track_0147714,/content/drive/MyDrive/MTG_Instrument_old/dataset/logmel_songs/14/147714.npy
track_0785634,/content/drive/MyDrive/MTG_Instrument_old/dataset/logmel_songs/34/785634.npy
track_1077729,/content/drive/MyDrive/MTG_Instrument_old/dataset/logmel_songs/29/1077729.npy
track_0533186,/content/drive/MyDrive/MTG_Instrument_old/dataset/logmel_songs/86/533186.npy
track_1217823,/content/drive/MyDrive/MTG_Instrument_old/dataset/logmel_songs/23/1217823.npy
track_1408513,/content/drive/MyDrive/MTG_Instrument_old/dataset/logmel_songs/13/1408513.npy
track_1243733,/content/drive/MyDrive/MTG_Instrument_old/dataset/logmel_songs/33/1243733.npy
track_0017958,/content/drive/MyDrive/MTG_Instrument_old/dataset/logmel_songs/58/17958.npy
track_0659893,/content/drive/MyDrive/MTG_Instrument_old/dataset/logmel_songs/93/659893.npy
track_1217502,/content/drive/MyDrive/MTG_Instrument_old/dataset/logmel_songs/02/1217502.npy
track_1083519,/content/drive/MyDrive/MTG_Instrument_old/dataset/logmel_songs/19/1083519.npy
track_0964536,/content/drive/MyDrive/MTG_Instrument_old/dataset/logmel_songs/36/964536.npy
track_1064070,/content/drive/MyDrive/MTG_Instrument_old/dataset/logmel_songs/70/1064070.npy
track_0163182,/content/drive/MyDrive/MTG_Instrument_old/dataset/logmel_songs/82/163182.npy
track_0040344,/content/drive/MyDrive/MTG_Instrument_old/dataset/logmel_songs/44/40344.npy
track_1288350,/content/drive/MyDrive/MTG_Instrument_old/dataset/logmel_songs/50/1288350.npy
track_0715781,/content/drive/MyDrive/MTG_Instrument_old/dataset/logmel_songs/81/715781.npy
track_1133360,/content/drive/MyDrive/MTG_Instrument_old/dataset/logmel_songs/60/1133360.npy
track_0166336,/content/drive/MyDrive/MTG_Instrument_old/dataset/logmel_songs/36/166336.npy
track_0572382,/content/drive/MyDrive/MTG_Instrument_old/dataset/logmel_songs/82/572382.npy
track_0031982,/content/drive/MyDrive/MTG_Instrument_old/dataset/logmel_songs/82/31982.npy
track_0679796,/content/drive/MyDrive/MTG_Instrument_old/dataset/logmel_songs/96/679796.npy
track_1353820,/content/drive/MyDrive/MTG_Instrument_old/dataset/logmel_songs/20/1353820.npy
track_0711270,/content/drive/MyDrive/MTG_Instrument_old/dataset/logmel_songs/70/711270.npy
track_1225957,/content/drive/MyDrive/MTG_Instrument_old/dataset/logmel_songs/57/1225957.npy
track_0048719,/content/drive/MyDrive/MTG_Instrument_old/dataset/logmel_songs/19/48719.npy
track_1272454,/content/drive/MyDrive/MTG_Instrument_old/dataset/logmel_songs/54/1272454.npy
track_1370319,/content/drive/MyDrive/MTG_Instrument_old/dataset/logmel_songs/19/1370319.npy
track_1227104,/content/drive/MyDrive/MTG_Instrument_old/dataset/logmel_songs/04/1227104.npy
track_1379925,/content/drive/MyDrive/MTG_Instrument_old/dataset/logmel_songs/25/1379925.npy
track_1329940,/content/drive/MyDrive/MTG_Instrument_old/dataset/logmel_songs/40/1329940.npy
track_0031431,/content/drive/MyDrive/MTG_Instrument_old/dataset/logmel_songs/31/31431.npy
track_0031435,/content/drive/MyDrive/MTG_Instrument_old/dataset/logmel_songs/35/31435.npy
track_1106982,/content/drive/MyDrive/MTG_Instrument_old/dataset/logmel_songs/82/1106982.npy
track_1373036,/content/drive/MyDrive/MTG_Instrument_old/dataset/logmel_songs/36/1373036.npy
track_1245185,/content/drive/MyDrive/MTG_Instrument_old/dataset/logmel_songs/85/1245185.npy
track_0764950,/content/drive/MyDrive/MTG_Instrument_old/dataset/logmel_songs/50/764950.npy
track_1067694,/content/drive/MyDrive/MTG_Instrument_old/dataset/logmel_songs/94/1067694.npy
track_0683797,/content/drive/MyDrive/MTG_Instrument_old/dataset/logmel_songs/97/683797.npy
track_0873557,/content/drive/MyDrive/MTG_Instrument_old/dataset/logmel_songs/57/873557.npy
track_1131493,/content/drive/MyDrive/MTG_Instrument_old/dataset/logmel_songs/93/1131493.npy
track_0752758,/content/drive/MyDrive/MTG_Instrument_old/dataset/logmel_songs/58/752758.npy
track_1374298,/content/drive/MyDrive/MTG_Instrument_old/dataset/logmel_songs/98/1374298.npy
track_0364090,/content/drive/MyDrive/MTG_Instrument_old/dataset/logmel_songs/90/364090.npy
track_0414051,/content/drive/MyDrive/MTG_Instrument_old/dataset/logmel_songs/51/414051.npy
track_0151070,/content/drive/MyDrive/MTG_Instrument_old/dataset/logmel_songs/70/151070.npy
track_1165527,/content/drive/MyDrive/MTG_Instrument_old/dataset/logmel_songs/27/1165527.npy
track_0368770,/content/drive/MyDrive/MTG_Instrument_old/dataset/logmel_songs/70/368770.npy
track_1330503,/content/drive/MyDrive/MTG_Instrument_old/dataset/logmel_songs/03/1330503.npy
track_1222625,/content/drive/MyDrive/MTG_Instrument_old/dataset/logmel_songs/25/1222625.npy
track_1129997,/content/drive/MyDrive/MTG_Instrument_old/dataset/logmel_songs/97/1129997.npy
track_0392588,/content/drive/MyDrive/MTG_Instrument_old/dataset/logmel_songs/88/392588.npy
track_0146589,/content/drive/MyDrive/MTG_Instrument_old/dataset/logmel_songs/89/146589.npy
track_0736786,/content/drive/MyDrive/MTG_Instrument_old/dataset/logmel_songs/86/736786.npy
track_1417902,/content/drive/MyDrive/MTG_Instrument_old/dataset/logmel_songs/02/1417902.npy
track_0989873,/content/drive/MyDrive/MTG_Instrument_old/dataset/logmel_songs/73/989873.npy
track_1159745,/content/drive/MyDrive/MTG_Instrument_old/dataset/logmel_songs/45/1159745.npy
track_1371863,/content/drive/MyDrive/MTG_Instrument_old/dataset/logmel_songs/63/1371863.npy
track_0884407,/content/drive/MyDrive/MTG_Instrument_old/dataset/logmel_songs/07/884407.npy
track_1214388,/content/drive/MyDrive/MTG_Instrument_old/dataset/logmel_songs/88/1214388.npy
track_1163208,/content/drive/MyDrive/MTG_Instrument_old/dataset/logmel_songs/08/1163208.npy
track_1393403,/content/drive/MyDrive/MTG_Instrument_old/dataset/logmel_songs/03/1393403.npy
track_1061177,/content/drive/MyDrive/MTG_Instrument_old/dataset/logmel_songs/77/1061177.npy
track_0743964,/content/drive/MyDrive/MTG_Instrument_old/dataset/logmel_songs/64/743964.npy
track_0414119,/content/drive/MyDrive/MTG_Instrument_old/dataset/logmel_songs/19/414119.npy
track_0953635,/content/drive/MyDrive/MTG_Instrument_old/dataset/logmel_songs/35/953635.npy
track_1156576,/content/drive/MyDrive/MTG_Instrument_old/dataset/logmel_songs/76/1156576.npy
track_0405919,/content/drive/MyDrive/MTG_Instrument_old/dataset/logmel_songs/19/405919.npy
track_1350761,/content/drive/MyDrive/MTG_Instrument_old/dataset/logmel_songs/61/1350761.npy
track_1287056,/content/drive/MyDrive/MTG_Instrument_old/dataset/logmel_songs/56/1287056.npy
track_0205077,/content/drive/MyDrive/MTG_Instrument_old/dataset/logmel_songs/77/205077.npy
track_0785635,/content/drive/MyDrive/MTG_Instrument_old/dataset/logmel_songs/35/785635.npy
track_0192236,/content/drive/MyDrive/MTG_Instrument_old/dataset/logmel_songs/36/192236.npy
track_1037054,/content/drive/MyDrive/MTG_Instrument_old/dataset/logmel_songs/54/1037054.npy
track_0470750,/content/drive/MyDrive/MTG_Instrument_old/dataset/logmel_songs/50/470750.npy
track_0362500,/content/drive/MyDrive/MTG_Instrument_old/dataset/logmel_songs/00/362500.npy
track_1397804,/content/drive/MyDrive/MTG_Instrument_old/dataset/logmel_songs/04/1397804.npy
track_1216214,/content/drive/MyDrive/MTG_Instrument_old/dataset/logmel_songs/14/1216214.npy
track_1017998,/content/drive/MyDrive/MTG_Instrument_old/dataset/logmel_songs/98/1017998.npy
track_1309755,/content/drive/MyDrive/MTG_Instrument_old/dataset/logmel_songs/55/1309755.npy
track_0647535,/content/drive/MyDrive/MTG_Instrument_old/dataset/logmel_songs/35/647535.npy
track_1380654,/content/drive/MyDrive/MTG_Instrument_old/dataset/logmel_songs/54/1380654.npy
track_1240415,/content/drive/MyDrive/MTG_Instrument_old/dataset/logmel_songs/15/1240415.npy
track_1077038,/content/drive/MyDrive/MTG_Instrument_old/dataset/logmel_songs/38/1077038.npy
track_1187420,/content/drive/MyDrive/MTG_Instrument_old/dataset/logmel_songs/20/1187420.npy
track_0858542,/content/drive/MyDrive/MTG_Instrument_old/dataset/logmel_songs/42/858542.npy
track_0839519,/content/drive/MyDrive/MTG_Instrument_old/dataset/logmel_songs/19/839519.npy
track_1277829,/content/drive/MyDrive/MTG_Instrument_old/dataset/logmel_songs/29/1277829.npy
track_0950825,/content/drive/MyDrive/MTG_Instrument_old/dataset/logmel_songs/25/950825.npy
track_0400867,/content/drive/MyDrive/MTG_Instrument_old/dataset/logmel_songs/67/400867.npy
track_1111538,/content/drive/MyDrive/MTG_Instrument_old/dataset/logmel_songs/38/1111538.npy
track_1369650,/content/drive/MyDrive/MTG_Instrument_old/dataset/logmel_songs/50/1369650.npy
track_1075172,/content/drive/MyDrive/MTG_Instrument_old/dataset/logmel_songs/72/1075172.npy
track_0991748,/content/drive/MyDrive/MTG_Instrument_old/dataset/logmel_songs/48/991748.npy
track_1234415,/content/drive/MyDrive/MTG_Instrument_old/dataset/logmel_songs/15/1234415.npy
track_0034854,/content/drive/MyDrive/MTG_Instrument_old/dataset/logmel_songs/54/34854.npy
track_1046840,/content/drive/MyDrive/MTG_Instrument_old/dataset/logmel_songs/40/1046840.npy
track_1156015,/content/drive/MyDrive/MTG_Instrument_old/dataset/logmel_songs/15/1156015.npy
track_1151199,/content/drive/MyDrive/MTG_Instrument_old/dataset/logmel_songs/99/1151199.npy
track_1134436,/content/drive/MyDrive/MTG_Instrument_old/dataset/logmel_songs/36/1134436.npy
track_1330890,/content/drive/MyDrive/MTG_Instrument_old/dataset/logmel_songs/90/1330890.npy
track_1162354,/content/drive/MyDrive/MTG_Instrument_old/dataset/logmel_songs/54/1162354.npy
track_1038120,/content/drive/MyDrive/MTG_Instrument_old/dataset/logmel_songs/20/1038120.npy
track_1023325,/content/drive/MyDrive/MTG_Instrument_old/dataset/logmel_songs/25/1023325.npy
track_0709422,/content/drive/MyDrive/MTG_Instrument_old/dataset/logmel_songs/22/709422.npy
track_1377412,/content/drive/MyDrive/MTG_Instrument_old/dataset/logmel_songs/12/1377412.npy
track_0556354,/content/drive/MyDrive/MTG_Instrument_old/dataset/logmel_songs/54/556354.npy
track_1164981,/content/drive/MyDrive/MTG_Instrument_old/dataset/logmel_songs/81/1164981.npy
track_1012598,/content/drive/MyDrive/MTG_Instrument_old/dataset/logmel_songs/98/1012598.npy
track_0356426,/content/drive/MyDrive/MTG_Instrument_old/dataset/logmel_songs/26/356426.npy
track_1029335,/content/drive/MyDrive/MTG_Instrument_old/dataset/logmel_songs/35/1029335.npy
track_0409025,/content/drive/MyDrive/MTG_Instrument_old/dataset/logmel_songs/25/409025.npy
track_1046434,/content/drive/MyDrive/MTG_Instrument_old/dataset/logmel_songs/34/1046434.npy
track_0944145,/content/drive/MyDrive/MTG_Instrument_old/dataset/logmel_songs/45/944145.npy
track_1311818,/content/drive/MyDrive/MTG_Instrument_old/dataset/logmel_songs/18/1311818.npy
track_1344145,/content/drive/MyDrive/MTG_Instrument_old/dataset/logmel_songs/45/1344145.npy
track_1115533,/content/drive/MyDrive/MTG_Instrument_old/dataset/logmel_songs/33/1115533.npy
track_0368745,/content/drive/MyDrive/MTG_Instrument_old/dataset/logmel_songs/45/368745.npy
track_0460301,/content/drive/MyDrive/MTG_Instrument_old/dataset/logmel_songs/01/460301.npy
track_1075207,/content/drive/MyDrive/MTG_Instrument_old/dataset/logmel_songs/07/1075207.npy
track_0031434,/content/drive/MyDrive/MTG_Instrument_old/dataset/logmel_songs/34/31434.npy
track_1384753,/content/drive/MyDrive/MTG_Instrument_old/dataset/logmel_songs/53/1384753.npy
track_1419650,/content/drive/MyDrive/MTG_Instrument_old/dataset/logmel_songs/50/1419650.npy
track_1109868,/content/drive/MyDrive/MTG_Instrument_old/dataset/logmel_songs/68/1109868.npy
track_1078430,/content/drive/MyDrive/MTG_Instrument_old/dataset/logmel_songs/30/1078430.npy
track_1000082,/content/drive/MyDrive/MTG_Instrument_old/dataset/logmel_songs/82/1000082.npy
track_1157600,/content/drive/MyDrive/MTG_Instrument_old/dataset/logmel_songs/00/1157600.npy
track_1128211,/content/drive/MyDrive/MTG_Instrument_old/dataset/logmel_songs/11/1128211.npy
track_1077041,/content/drive/MyDrive/MTG_Instrument_old/dataset/logmel_songs/41/1077041.npy
track_0957938,/content/drive/MyDrive/MTG_Instrument_old/dataset/logmel_songs/38/957938.npy
track_1164993,/content/drive/MyDrive/MTG_Instrument_old/dataset/logmel_songs/93/1164993.npy
track_1248247,/content/drive/MyDrive/MTG_Instrument_old/dataset/logmel_songs/47/1248247.npy
track_1048681,/content/drive/MyDrive/MTG_Instrument_old/dataset/logmel_songs/81/1048681.npy
track_0466208,/content/drive/MyDrive/MTG_Instrument_old/dataset/logmel_songs/08/466208.npy
track_1354685,/content/drive/MyDrive/MTG_Instrument_old/dataset/logmel_songs/85/1354685.npy
track_0121140,/content/drive/MyDrive/MTG_Instrument_old/dataset/logmel_songs/40/121140.npy
track_1288117,/content/drive/MyDrive/MTG_Instrument_old/dataset/logmel_songs/17/1288117.npy
track_1189649,/content/drive/MyDrive/MTG_Instrument_old/dataset/logmel_songs/49/1189649.npy
track_1320635,/content/drive/MyDrive/MTG_Instrument_old/dataset/logmel_songs/35/1320635.npy
track_0073120,/content/drive/MyDrive/MTG_Instrument_old/dataset/logmel_songs/20/73120.npy
track_0579640,/content/drive/MyDrive/MTG_Instrument_old/dataset/logmel_songs/40/579640.npy
track_1260048,/content/drive/MyDrive/MTG_Instrument_old/dataset/logmel_songs/48/1260048.npy
track_1094445,/content/drive/MyDrive/MTG_Instrument_old/dataset/logmel_songs/45/1094445.npy
track_1096078,/content/drive/MyDrive/MTG_Instrument_old/dataset/logmel_songs/78/1096078.npy
track_0874889,/content/drive/MyDrive/MTG_Instrument_old/dataset/logmel_songs/89/874889.npy
track_1119436,/content/drive/MyDrive/MTG_Instrument_old/dataset/logmel_songs/36/1119436.npy
track_0897321,/content/drive/MyDrive/MTG_Instrument_old/dataset/logmel_songs/21/897321.npy
track_0149625,/content/drive/MyDrive/MTG_Instrument_old/dataset/logmel_songs/25/149625.npy
track_0139602,/content/drive/MyDrive/MTG_Instrument_old/dataset/logmel_songs/02/139602.npy
track_0962587,/content/drive/MyDrive/MTG_Instrument_old/dataset/logmel_songs/87/962587.npy
track_1107680,/content/drive/MyDrive/MTG_Instrument_old/dataset/logmel_songs/80/1107680.npy
track_0802179,/content/drive/MyDrive/MTG_Instrument_old/dataset/logmel_songs/79/802179.npy
track_1165407,/content/drive/MyDrive/MTG_Instrument_old/dataset/logmel_songs/07/1165407.npy
track_0903605,/content/drive/MyDrive/MTG_Instrument_old/dataset/logmel_songs/05/903605.npy
track_1402705,/content/drive/MyDrive/MTG_Instrument_old/dataset/logmel_songs/05/1402705.npy
track_1163970,/content/drive/MyDrive/MTG_Instrument_old/dataset/logmel_songs/70/1163970.npy
track_1380680,/content/drive/MyDrive/MTG_Instrument_old/dataset/logmel_songs/80/1380680.npy
track_1371293,/content/drive/MyDrive/MTG_Instrument_old/dataset/logmel_songs/93/1371293.npy
track_1231041,/content/drive/MyDrive/MTG_Instrument_old/dataset/logmel_songs/41/1231041.npy
track_0891614,/content/drive/MyDrive/MTG_Instrument_old/dataset/logmel_songs/14/891614.npy
track_1355463,/content/drive/MyDrive/MTG_Instrument_old/dataset/logmel_songs/63/1355463.npy
track_0603757,/content/drive/MyDrive/MTG_Instrument_old/dataset/logmel_songs/57/603757.npy
track_1162018,/content/drive/MyDrive/MTG_Instrument_old/dataset/logmel_songs/18/1162018.npy
track_1028798,/content/drive/MyDrive/MTG_Instrument_old/dataset/logmel_songs/98/1028798.npy
track_1356512,/content/drive/MyDrive/MTG_Instrument_old/dataset/logmel_songs/12/1356512.npy
track_1331482,/content/drive/MyDrive/MTG_Instrument_old/dataset/logmel_songs/82/1331482.npy
track_1397347,/content/drive/MyDrive/MTG_Instrument_old/dataset/logmel_songs/47/1397347.npy
track_0659891,/content/drive/MyDrive/MTG_Instrument_old/dataset/logmel_songs/91/659891.npy
track_1094055,/content/drive/MyDrive/MTG_Instrument_old/dataset/logmel_songs/55/1094055.npy
track_1267131,/content/drive/MyDrive/MTG_Instrument_old/dataset/logmel_songs/31/1267131.npy
track_0976783,/content/drive/MyDrive/MTG_Instrument_old/dataset/logmel_songs/83/976783.npy
track_1272514,/content/drive/MyDrive/MTG_Instrument_old/dataset/logmel_songs/14/1272514.npy
track_1100200,/content/drive/MyDrive/MTG_Instrument_old/dataset/logmel_songs/00/1100200.npy
track_1132713,/content/drive/MyDrive/MTG_Instrument_old/dataset/logmel_songs/13/1132713.npy
track_1210147,/content/drive/MyDrive/MTG_Instrument_old/dataset/logmel_songs/47/1210147.npy
track_0417582,/content/drive/MyDrive/MTG_Instrument_old/dataset/logmel_songs/82/417582.npy
track_1086774,/content/drive/MyDrive/MTG_Instrument_old/dataset/logmel_songs/74/1086774.npy
track_1068821,/content/drive/MyDrive/MTG_Instrument_old/dataset/logmel_songs/21/1068821.npy
track_0209073,/content/drive/MyDrive/MTG_Instrument_old/dataset/logmel_songs/73/209073.npy
track_1072570,/content/drive/MyDrive/MTG_Instrument_old/dataset/logmel_songs/70/1072570.npy
track_1397736,/content/drive/MyDrive/MTG_Instrument_old/dataset/logmel_songs/36/1397736.npy
track_0015655,/content/drive/MyDrive/MTG_Instrument_old/dataset/logmel_songs/55/15655.npy
track_1339697,/content/drive/MyDrive/MTG_Instrument_old/dataset/logmel_songs/97/1339697.npy
track_0771294,/content/drive/MyDrive/MTG_Instrument_old/dataset/logmel_songs/94/771294.npy
track_1219698,/content/drive/MyDrive/MTG_Instrument_old/dataset/logmel_songs/98/1219698.npy
track_1194757,/content/drive/MyDrive/MTG_Instrument_old/dataset/logmel_songs/57/1194757.npy
track_1287490,/content/drive/MyDrive/MTG_Instrument_old/dataset/logmel_songs/90/1287490.npy
track_0771290,/content/drive/MyDrive/MTG_Instrument_old/dataset/logmel_songs/90/771290.npy
track_0875752,/content/drive/MyDrive/MTG_Instrument_old/dataset/logmel_songs/52/875752.npy
track_0450992,/content/drive/MyDrive/MTG_Instrument_old/dataset/logmel_songs/92/450992.npy
track_1273390,/content/drive/MyDrive/MTG_Instrument_old/dataset/logmel_songs/90/1273390.npy
track_1177889,/content/drive/MyDrive/MTG_Instrument_old/dataset/logmel_songs/89/1177889.npy
track_1296151,/content/drive/MyDrive/MTG_Instrument_old/dataset/logmel_songs/51/1296151.npy
track_1113649,/content/drive/MyDrive/MTG_Instrument_old/dataset/logmel_songs/49/1113649.npy
track_1303225,/content/drive/MyDrive/MTG_Instrument_old/dataset/logmel_songs/25/1303225.npy
track_0921506,/content/drive/MyDrive/MTG_Instrument_old/dataset/logmel_songs/06/921506.npy
track_1146587,/content/drive/MyDrive/MTG_Instrument_old/dataset/logmel_songs/87/1146587.npy
track_1166104,/content/drive/MyDrive/MTG_Instrument_old/dataset/logmel_songs/04/1166104.npy
track_1130998,/content/drive/MyDrive/MTG_Instrument_old/dataset/logmel_songs/98/1130998.npy
track_1208040,/content/drive/MyDrive/MTG_Instrument_old/dataset/logmel_songs/40/1208040.npy
track_1264089,/content/drive/MyDrive/MTG_Instrument_old/dataset/logmel_songs/89/1264089.npy
track_1152622,/content/drive/MyDrive/MTG_Instrument_old/dataset/logmel_songs/22/1152622.npy
track_1284528,/content/drive/MyDrive/MTG_Instrument_old/dataset/logmel_songs/28/1284528.npy
track_1275425,/content/drive/MyDrive/MTG_Instrument_old/dataset/logmel_songs/25/1275425.npy
track_1166943,/content/drive/MyDrive/MTG_Instrument_old/dataset/logmel_songs/43/1166943.npy
track_1289369,/content/drive/MyDrive/MTG_Instrument_old/dataset/logmel_songs/69/1289369.npy
track_1399631,/content/drive/MyDrive/MTG_Instrument_old/dataset/logmel_songs/31/1399631.npy
track_0900510,/content/drive/MyDrive/MTG_Instrument_old/dataset/logmel_songs/10/900510.npy
track_1210790,/content/drive/MyDrive/MTG_Instrument_old/dataset/logmel_songs/90/1210790.npy
track_0284926,/content/drive/MyDrive/MTG_Instrument_old/dataset/logmel_songs/26/284926.npy
track_1055323,/content/drive/MyDrive/MTG_Instrument_old/dataset/logmel_songs/23/1055323.npy
track_1190841,/content/drive/MyDrive/MTG_Instrument_old/dataset/logmel_songs/41/1190841.npy
track_1156435,/content/drive/MyDrive/MTG_Instrument_old/dataset/logmel_songs/35/1156435.npy
track_1087795,/content/drive/MyDrive/MTG_Instrument_old/dataset/logmel_songs/95/1087795.npy
track_1049746,/content/drive/MyDrive/MTG_Instrument_old/dataset/logmel_songs/46/1049746.npy
track_0564206,/content/drive/MyDrive/MTG_Instrument_old/dataset/logmel_songs/06/564206.npy
track_1109863,/content/drive/MyDrive/MTG_Instrument_old/dataset/logmel_songs/63/1109863.npy
track_1290698,/content/drive/MyDrive/MTG_Instrument_old/dataset/logmel_songs/98/1290698.npy
track_0149296,/content/drive/MyDrive/MTG_Instrument_old/dataset/logmel_songs/96/149296.npy
track_0078726,/content/drive/MyDrive/MTG_Instrument_old/dataset/logmel_songs/26/78726.npy
track_1234423,/content/drive/MyDrive/MTG_Instrument_old/dataset/logmel_songs/23/1234423.npy
track_0084183,/content/drive/MyDrive/MTG_Instrument_old/dataset/logmel_songs/83/84183.npy
track_0846412,/content/drive/MyDrive/MTG_Instrument_old/dataset/logmel_songs/12/846412.npy
track_1231036,/content/drive/MyDrive/MTG_Instrument_old/dataset/logmel_songs/36/1231036.npy
track_1360754,/content/drive/MyDrive/MTG_Instrument_old/dataset/logmel_songs/54/1360754.npy
track_1159615,/content/drive/MyDrive/MTG_Instrument_old/dataset/logmel_songs/15/1159615.npy
track_1136877,/content/drive/MyDrive/MTG_Instrument_old/dataset/logmel_songs/77/1136877.npy
track_1393489,/content/drive/MyDrive/MTG_Instrument_old/dataset/logmel_songs/89/1393489.npy
track_0151089,/content/drive/MyDrive/MTG_Instrument_old/dataset/logmel_songs/89/151089.npy
track_1110767,/content/drive/MyDrive/MTG_Instrument_old/dataset/logmel_songs/67/1110767.npy
track_1075209,/content/drive/MyDrive/MTG_Instrument_old/dataset/logmel_songs/09/1075209.npy
track_0647540,/content/drive/MyDrive/MTG_Instrument_old/dataset/logmel_songs/40/647540.npy
track_1203752,/content/drive/MyDrive/MTG_Instrument_old/dataset/logmel_songs/52/1203752.npy
track_0789658,/content/drive/MyDrive/MTG_Instrument_old/dataset/logmel_songs/58/789658.npy
track_0512153,/content/drive/MyDrive/MTG_Instrument_old/dataset/logmel_songs/53/512153.npy
track_0997872,/content/drive/MyDrive/MTG_Instrument_old/dataset/logmel_songs/72/997872.npy
track_1251038,/content/drive/MyDrive/MTG_Instrument_old/dataset/logmel_songs/38/1251038.npy
track_1027924,/content/drive/MyDrive/MTG_Instrument_old/dataset/logmel_songs/24/1027924.npy
track_1242277,/content/drive/MyDrive/MTG_Instrument_old/dataset/logmel_songs/77/1242277.npy
track_1254621,/content/drive/MyDrive/MTG_Instrument_old/dataset/logmel_songs/21/1254621.npy
track_0015664,/content/drive/MyDrive/MTG_Instrument_old/dataset/logmel_songs/64/15664.npy
track_1023474,/content/drive/MyDrive/MTG_Instrument_old/dataset/logmel_songs/74/1023474.npy
track_0934870,/content/drive/MyDrive/MTG_Instrument_old/dataset/logmel_songs/70/934870.npy
track_0282557,/content/drive/MyDrive/MTG_Instrument_old/dataset/logmel_songs/57/282557.npy
track_0167298,/content/drive/MyDrive/MTG_Instrument_old/dataset/logmel_songs/98/167298.npy
track_1136527,/content/drive/MyDrive/MTG_Instrument_old/dataset/logmel_songs/27/1136527.npy
track_1087536,/content/drive/MyDrive/MTG_Instrument_old/dataset/logmel_songs/36/1087536.npy
track_0802275,/content/drive/MyDrive/MTG_Instrument_old/dataset/logmel_songs/75/802275.npy
track_0073158,/content/drive/MyDrive/MTG_Instrument_old/dataset/logmel_songs/58/73158.npy
track_0081266,/content/drive/MyDrive/MTG_Instrument_old/dataset/logmel_songs/66/81266.npy
track_0618817,/content/drive/MyDrive/MTG_Instrument_old/dataset/logmel_songs/17/618817.npy
track_1136874,/content/drive/MyDrive/MTG_Instrument_old/dataset/logmel_songs/74/1136874.npy
track_1177439,/content/drive/MyDrive/MTG_Instrument_old/dataset/logmel_songs/39/1177439.npy
track_1234987,/content/drive/MyDrive/MTG_Instrument_old/dataset/logmel_songs/87/1234987.npy
track_1147339,/content/drive/MyDrive/MTG_Instrument_old/dataset/logmel_songs/39/1147339.npy
track_0151082,/content/drive/MyDrive/MTG_Instrument_old/dataset/logmel_songs/82/151082.npy
track_1270018,/content/drive/MyDrive/MTG_Instrument_old/dataset/logmel_songs/18/1270018.npy
track_0084197,/content/drive/MyDrive/MTG_Instrument_old/dataset/logmel_songs/97/84197.npy
track_1289129,/content/drive/MyDrive/MTG_Instrument_old/dataset/logmel_songs/29/1289129.npy
track_0349112,/content/drive/MyDrive/MTG_Instrument_old/dataset/logmel_songs/12/349112.npy
track_0965594,/content/drive/MyDrive/MTG_Instrument_old/dataset/logmel_songs/94/965594.npy
track_0939242,/content/drive/MyDrive/MTG_Instrument_old/dataset/logmel_songs/42/939242.npy
track_1278239,/content/drive/MyDrive/MTG_Instrument_old/dataset/logmel_songs/39/1278239.npy
track_1350756,/content/drive/MyDrive/MTG_Instrument_old/dataset/logmel_songs/56/1350756.npy
track_1028804,/content/drive/MyDrive/MTG_Instrument_old/dataset/logmel_songs/04/1028804.npy
track_0968979,/content/drive/MyDrive/MTG_Instrument_old/dataset/logmel_songs/79/968979.npy
track_1326735,/content/drive/MyDrive/MTG_Instrument_old/dataset/logmel_songs/35/1326735.npy
track_1348042,/content/drive/MyDrive/MTG_Instrument_old/dataset/logmel_songs/42/1348042.npy
track_0084020,/content/drive/MyDrive/MTG_Instrument_old/dataset/logmel_songs/20/84020.npy
track_0897997,/content/drive/MyDrive/MTG_Instrument_old/dataset/logmel_songs/97/897997.npy
track_1348733,/content/drive/MyDrive/MTG_Instrument_old/dataset/logmel_songs/33/1348733.npy
track_1138825,/content/drive/MyDrive/MTG_Instrument_old/dataset/logmel_songs/25/1138825.npy
track_0111043,/content/drive/MyDrive/MTG_Instrument_old/dataset/logmel_songs/43/111043.npy
track_1159953,/content/drive/MyDrive/MTG_Instrument_old/dataset/logmel_songs/53/1159953.npy
track_1251476,/content/drive/MyDrive/MTG_Instrument_old/dataset/logmel_songs/76/1251476.npy
track_1248277,/content/drive/MyDrive/MTG_Instrument_old/dataset/logmel_songs/77/1248277.npy
track_0259855,/content/drive/MyDrive/MTG_Instrument_old/dataset/logmel_songs/55/259855.npy
track_1075197,/content/drive/MyDrive/MTG_Instrument_old/dataset/logmel_songs/97/1075197.npy
track_1320571,/content/drive/MyDrive/MTG_Instrument_old/dataset/logmel_songs/71/1320571.npy
track_1342575,/content/drive/MyDrive/MTG_Instrument_old/dataset/logmel_songs/75/1342575.npy
track_0257173,/content/drive/MyDrive/MTG_Instrument_old/dataset/logmel_songs/73/257173.npy
track_0259686,/content/drive/MyDrive/MTG_Instrument_old/dataset/logmel_songs/86/259686.npy
track_0653707,/content/drive/MyDrive/MTG_Instrument_old/dataset/logmel_songs/07/653707.npy
track_0307555,/content/drive/MyDrive/MTG_Instrument_old/dataset/logmel_songs/55/307555.npy
track_0764570,/content/drive/MyDrive/MTG_Instrument_old/dataset/logmel_songs/70/764570.npy
track_1372063,/content/drive/MyDrive/MTG_Instrument_old/dataset/logmel_songs/63/1372063.npy
track_0908094,/content/drive/MyDrive/MTG_Instrument_old/dataset/logmel_songs/94/908094.npy
track_0858544,/content/drive/MyDrive/MTG_Instrument_old/dataset/logmel_songs/44/858544.npy
track_1169724,/content/drive/MyDrive/MTG_Instrument_old/dataset/logmel_songs/24/1169724.npy
track_1133346,/content/drive/MyDrive/MTG_Instrument_old/dataset/logmel_songs/46/1133346.npy
track_0364088,/content/drive/MyDrive/MTG_Instrument_old/dataset/logmel_songs/88/364088.npy
track_1286536,/content/drive/MyDrive/MTG_Instrument_old/dataset/logmel_songs/36/1286536.npy
track_1369649,/content/drive/MyDrive/MTG_Instrument_old/dataset/logmel_songs/49/1369649.npy
track_1125685,/content/drive/MyDrive/MTG_Instrument_old/dataset/logmel_songs/85/1125685.npy
track_1166713,/content/drive/MyDrive/MTG_Instrument_old/dataset/logmel_songs/13/1166713.npy
track_1199050,/content/drive/MyDrive/MTG_Instrument_old/dataset/logmel_songs/50/1199050.npy
track_1293998,/content/drive/MyDrive/MTG_Instrument_old/dataset/logmel_songs/98/1293998.npy
track_1210242,/content/drive/MyDrive/MTG_Instrument_old/dataset/logmel_songs/42/1210242.npy
track_0647541,/content/drive/MyDrive/MTG_Instrument_old/dataset/logmel_songs/41/647541.npy
track_0081206,/content/drive/MyDrive/MTG_Instrument_old/dataset/logmel_songs/06/81206.npy
track_0991990,/content/drive/MyDrive/MTG_Instrument_old/dataset/logmel_songs/90/991990.npy
track_1170528,/content/drive/MyDrive/MTG_Instrument_old/dataset/logmel_songs/28/1170528.npy
track_0864173,/content/drive/MyDrive/MTG_Instrument_old/dataset/logmel_songs/73/864173.npy
track_1113882,/content/drive/MyDrive/MTG_Instrument_old/dataset/logmel_songs/82/1113882.npy
track_1040987,/content/drive/MyDrive/MTG_Instrument_old/dataset/logmel_songs/87/1040987.npy
track_0802183,/content/drive/MyDrive/MTG_Instrument_old/dataset/logmel_songs/83/802183.npy
track_1130010,/content/drive/MyDrive/MTG_Instrument_old/dataset/logmel_songs/10/1130010.npy
track_0625207,/content/drive/MyDrive/MTG_Instrument_old/dataset/logmel_songs/07/625207.npy
track_0514000,/content/drive/MyDrive/MTG_Instrument_old/dataset/logmel_songs/00/514000.npy
track_0297870,/content/drive/MyDrive/MTG_Instrument_old/dataset/logmel_songs/70/297870.npy
track_1364942,/content/drive/MyDrive/MTG_Instrument_old/dataset/logmel_songs/42/1364942.npy
track_0897987,/content/drive/MyDrive/MTG_Instrument_old/dataset/logmel_songs/87/897987.npy
track_1117540,/content/drive/MyDrive/MTG_Instrument_old/dataset/logmel_songs/40/1117540.npy
track_1269903,/content/drive/MyDrive/MTG_Instrument_old/dataset/logmel_songs/03/1269903.npy
track_1364932,/content/drive/MyDrive/MTG_Instrument_old/dataset/logmel_songs/32/1364932.npy
track_1097626,/content/drive/MyDrive/MTG_Instrument_old/dataset/logmel_songs/26/1097626.npy
track_0076974,/content/drive/MyDrive/MTG_Instrument_old/dataset/logmel_songs/74/76974.npy
track_0890610,/content/drive/MyDrive/MTG_Instrument_old/dataset/logmel_songs/10/890610.npy
track_0709629,/content/drive/MyDrive/MTG_Instrument_old/dataset/logmel_songs/29/709629.npy
track_0133657,/content/drive/MyDrive/MTG_Instrument_old/dataset/logmel_songs/57/133657.npy
track_1053495,/content/drive/MyDrive/MTG_Instrument_old/dataset/logmel_songs/95/1053495.npy
track_1049739,/content/drive/MyDrive/MTG_Instrument_old/dataset/logmel_songs/39/1049739.npy
track_1029330,/content/drive/MyDrive/MTG_Instrument_old/dataset/logmel_songs/30/1029330.npy
track_0998389,/content/drive/MyDrive/MTG_Instrument_old/dataset/logmel_songs/89/998389.npy
track_0556376,/content/drive/MyDrive/MTG_Instrument_old/dataset/logmel_songs/76/556376.npy
track_0356418,/content/drive/MyDrive/MTG_Instrument_old/dataset/logmel_songs/18/356418.npy
track_0921512,/content/drive/MyDrive/MTG_Instrument_old/dataset/logmel_songs/12/921512.npy
track_0798200,/content/drive/MyDrive/MTG_Instrument_old/dataset/logmel_songs/00/798200.npy
track_1098669,/content/drive/MyDrive/MTG_Instrument_old/dataset/logmel_songs/69/1098669.npy
track_1159659,/content/drive/MyDrive/MTG_Instrument_old/dataset/logmel_songs/59/1159659.npy
track_0683807,/content/drive/MyDrive/MTG_Instrument_old/dataset/logmel_songs/07/683807.npy
track_1075166,/content/drive/MyDrive/MTG_Instrument_old/dataset/logmel_songs/66/1075166.npy
track_0711255,/content/drive/MyDrive/MTG_Instrument_old/dataset/logmel_songs/55/711255.npy
track_1246832,/content/drive/MyDrive/MTG_Instrument_old/dataset/logmel_songs/32/1246832.npy
track_1379951,/content/drive/MyDrive/MTG_Instrument_old/dataset/logmel_songs/51/1379951.npy
track_0011751,/content/drive/MyDrive/MTG_Instrument_old/dataset/logmel_songs/51/11751.npy
track_0938053,/content/drive/MyDrive/MTG_Instrument_old/dataset/logmel_songs/53/938053.npy
track_0192895,/content/drive/MyDrive/MTG_Instrument_old/dataset/logmel_songs/95/192895.npy
track_1109856,/content/drive/MyDrive/MTG_Instrument_old/dataset/logmel_songs/56/1109856.npy
track_1186547,/content/drive/MyDrive/MTG_Instrument_old/dataset/logmel_songs/47/1186547.npy
track_0196223,/content/drive/MyDrive/MTG_Instrument_old/dataset/logmel_songs/23/196223.npy
track_0259417,/content/drive/MyDrive/MTG_Instrument_old/dataset/logmel_songs/17/259417.npy
track_1161763,/content/drive/MyDrive/MTG_Instrument_old/dataset/logmel_songs/63/1161763.npy
track_1129981,/content/drive/MyDrive/MTG_Instrument_old/dataset/logmel_songs/81/1129981.npy
track_1296929,/content/drive/MyDrive/MTG_Instrument_old/dataset/logmel_songs/29/1296929.npy
track_1109867,/content/drive/MyDrive/MTG_Instrument_old/dataset/logmel_songs/67/1109867.npy
track_1041562,/content/drive/MyDrive/MTG_Instrument_old/dataset/logmel_songs/62/1041562.npy
track_0271878,/content/drive/MyDrive/MTG_Instrument_old/dataset/logmel_songs/78/271878.npy
track_0830870,/content/drive/MyDrive/MTG_Instrument_old/dataset/logmel_songs/70/830870.npy
track_1156967,/content/drive/MyDrive/MTG_Instrument_old/dataset/logmel_songs/67/1156967.npy
track_1345276,/content/drive/MyDrive/MTG_Instrument_old/dataset/logmel_songs/76/1345276.npy
track_1112010,/content/drive/MyDrive/MTG_Instrument_old/dataset/logmel_songs/10/1112010.npy
track_1406724,/content/drive/MyDrive/MTG_Instrument_old/dataset/logmel_songs/24/1406724.npy
track_0897992,/content/drive/MyDrive/MTG_Instrument_old/dataset/logmel_songs/92/897992.npy
track_0785628,/content/drive/MyDrive/MTG_Instrument_old/dataset/logmel_songs/28/785628.npy
track_1165906,/content/drive/MyDrive/MTG_Instrument_old/dataset/logmel_songs/06/1165906.npy
track_1241455,/content/drive/MyDrive/MTG_Instrument_old/dataset/logmel_songs/55/1241455.npy
track_1052149,/content/drive/MyDrive/MTG_Instrument_old/dataset/logmel_songs/49/1052149.npy
track_0387038,/content/drive/MyDrive/MTG_Instrument_old/dataset/logmel_songs/38/387038.npy
track_1376072,/content/drive/MyDrive/MTG_Instrument_old/dataset/logmel_songs/72/1376072.npy
track_0205088,/content/drive/MyDrive/MTG_Instrument_old/dataset/logmel_songs/88/205088.npy
track_1034298,/content/drive/MyDrive/MTG_Instrument_old/dataset/logmel_songs/98/1034298.npy
track_0986592,/content/drive/MyDrive/MTG_Instrument_old/dataset/logmel_songs/92/986592.npy
track_1163968,/content/drive/MyDrive/MTG_Instrument_old/dataset/logmel_songs/68/1163968.npy
track_1414123,/content/drive/MyDrive/MTG_Instrument_old/dataset/logmel_songs/23/1414123.npy
track_1168782,/content/drive/MyDrive/MTG_Instrument_old/dataset/logmel_songs/82/1168782.npy
track_1349189,/content/drive/MyDrive/MTG_Instrument_old/dataset/logmel_songs/89/1349189.npy
track_1028801,/content/drive/MyDrive/MTG_Instrument_old/dataset/logmel_songs/01/1028801.npy
track_1082913,/content/drive/MyDrive/MTG_Instrument_old/dataset/logmel_songs/13/1082913.npy
track_1029949,/content/drive/MyDrive/MTG_Instrument_old/dataset/logmel_songs/49/1029949.npy
track_1188978,/content/drive/MyDrive/MTG_Instrument_old/dataset/logmel_songs/78/1188978.npy
track_1125688,/content/drive/MyDrive/MTG_Instrument_old/dataset/logmel_songs/88/1125688.npy
track_1085600,/content/drive/MyDrive/MTG_Instrument_old/dataset/logmel_songs/00/1085600.npy
track_0986873,/content/drive/MyDrive/MTG_Instrument_old/dataset/logmel_songs/73/986873.npy
track_0659889,/content/drive/MyDrive/MTG_Instrument_old/dataset/logmel_songs/89/659889.npy
track_1390995,/content/drive/MyDrive/MTG_Instrument_old/dataset/logmel_songs/95/1390995.npy
track_1130994,/content/drive/MyDrive/MTG_Instrument_old/dataset/logmel_songs/94/1130994.npy
track_1207619,/content/drive/MyDrive/MTG_Instrument_old/dataset/logmel_songs/19/1207619.npy
track_1111837,/content/drive/MyDrive/MTG_Instrument_old/dataset/logmel_songs/37/1111837.npy
track_1113990,/content/drive/MyDrive/MTG_Instrument_old/dataset/logmel_songs/90/1113990.npy
track_1023482,/content/drive/MyDrive/MTG_Instrument_old/dataset/logmel_songs/82/1023482.npy
track_1063872,/content/drive/MyDrive/MTG_Instrument_old/dataset/logmel_songs/72/1063872.npy
track_0907360,/content/drive/MyDrive/MTG_Instrument_old/dataset/logmel_songs/60/907360.npy
track_0862194,/content/drive/MyDrive/MTG_Instrument_old/dataset/logmel_songs/94/862194.npy
track_0287429,/content/drive/MyDrive/MTG_Instrument_old/dataset/logmel_songs/29/287429.npy
track_1064763,/content/drive/MyDrive/MTG_Instrument_old/dataset/logmel_songs/63/1064763.npy
track_1163969,/content/drive/MyDrive/MTG_Instrument_old/dataset/logmel_songs/69/1163969.npy
track_1032797,/content/drive/MyDrive/MTG_Instrument_old/dataset/logmel_songs/97/1032797.npy
track_0636317,/content/drive/MyDrive/MTG_Instrument_old/dataset/logmel_songs/17/636317.npy
track_0133517,/content/drive/MyDrive/MTG_Instrument_old/dataset/logmel_songs/17/133517.npy
track_1041707,/content/drive/MyDrive/MTG_Instrument_old/dataset/logmel_songs/07/1041707.npy
track_0553248,/content/drive/MyDrive/MTG_Instrument_old/dataset/logmel_songs/48/553248.npy
track_0205091,/content/drive/MyDrive/MTG_Instrument_old/dataset/logmel_songs/91/205091.npy
track_0246923,/content/drive/MyDrive/MTG_Instrument_old/dataset/logmel_songs/23/246923.npy
track_1243734,/content/drive/MyDrive/MTG_Instrument_old/dataset/logmel_songs/34/1243734.npy
track_0081804,/content/drive/MyDrive/MTG_Instrument_old/dataset/logmel_songs/04/81804.npy
track_1075211,/content/drive/MyDrive/MTG_Instrument_old/dataset/logmel_songs/11/1075211.npy
track_0709627,/content/drive/MyDrive/MTG_Instrument_old/dataset/logmel_songs/27/709627.npy
track_0924960,/content/drive/MyDrive/MTG_Instrument_old/dataset/logmel_songs/60/924960.npy
track_0028191,/content/drive/MyDrive/MTG_Instrument_old/dataset/logmel_songs/91/28191.npy
track_0470757,/content/drive/MyDrive/MTG_Instrument_old/dataset/logmel_songs/57/470757.npy
track_1165505,/content/drive/MyDrive/MTG_Instrument_old/dataset/logmel_songs/05/1165505.npy
track_0242738,/content/drive/MyDrive/MTG_Instrument_old/dataset/logmel_songs/38/242738.npy
track_0891601,/content/drive/MyDrive/MTG_Instrument_old/dataset/logmel_songs/01/891601.npy
track_1355271,/content/drive/MyDrive/MTG_Instrument_old/dataset/logmel_songs/71/1355271.npy
track_1268044,/content/drive/MyDrive/MTG_Instrument_old/dataset/logmel_songs/44/1268044.npy
track_1398419,/content/drive/MyDrive/MTG_Instrument_old/dataset/logmel_songs/19/1398419.npy
track_1183079,/content/drive/MyDrive/MTG_Instrument_old/dataset/logmel_songs/79/1183079.npy
track_1209624,/content/drive/MyDrive/MTG_Instrument_old/dataset/logmel_songs/24/1209624.npy
track_0459308,/content/drive/MyDrive/MTG_Instrument_old/dataset/logmel_songs/08/459308.npy
track_0711273,/content/drive/MyDrive/MTG_Instrument_old/dataset/logmel_songs/73/711273.npy
track_0922856,/content/drive/MyDrive/MTG_Instrument_old/dataset/logmel_songs/56/922856.npy
track_0848845,/content/drive/MyDrive/MTG_Instrument_old/dataset/logmel_songs/45/848845.npy
track_0941159,/content/drive/MyDrive/MTG_Instrument_old/dataset/logmel_songs/59/941159.npy
track_1302077,/content/drive/MyDrive/MTG_Instrument_old/dataset/logmel_songs/77/1302077.npy
track_0858547,/content/drive/MyDrive/MTG_Instrument_old/dataset/logmel_songs/47/858547.npy
track_0565802,/content/drive/MyDrive/MTG_Instrument_old/dataset/logmel_songs/02/565802.npy
track_1164345,/content/drive/MyDrive/MTG_Instrument_old/dataset/logmel_songs/45/1164345.npy
track_1225192,/content/drive/MyDrive/MTG_Instrument_old/dataset/logmel_songs/92/1225192.npy
track_1376068,/content/drive/MyDrive/MTG_Instrument_old/dataset/logmel_songs/68/1376068.npy
track_0284169,/content/drive/MyDrive/MTG_Instrument_old/dataset/logmel_songs/69/284169.npy
track_1049833,/content/drive/MyDrive/MTG_Instrument_old/dataset/logmel_songs/33/1049833.npy
track_0230903,/content/drive/MyDrive/MTG_Instrument_old/dataset/logmel_songs/03/230903.npy
track_1117568,/content/drive/MyDrive/MTG_Instrument_old/dataset/logmel_songs/68/1117568.npy
track_0206006,/content/drive/MyDrive/MTG_Instrument_old/dataset/logmel_songs/06/206006.npy
track_1165297,/content/drive/MyDrive/MTG_Instrument_old/dataset/logmel_songs/97/1165297.npy
track_0287788,/content/drive/MyDrive/MTG_Instrument_old/dataset/logmel_songs/88/287788.npy
track_0810897,/content/drive/MyDrive/MTG_Instrument_old/dataset/logmel_songs/97/810897.npy
track_1399518,/content/drive/MyDrive/MTG_Instrument_old/dataset/logmel_songs/18/1399518.npy
track_1243739,/content/drive/MyDrive/MTG_Instrument_old/dataset/logmel_songs/39/1243739.npy
track_1328470,/content/drive/MyDrive/MTG_Instrument_old/dataset/logmel_songs/70/1328470.npy
track_0353349,/content/drive/MyDrive/MTG_Instrument_old/dataset/logmel_songs/49/353349.npy
track_1373457,/content/drive/MyDrive/MTG_Instrument_old/dataset/logmel_songs/57/1373457.npy
track_1294886,/content/drive/MyDrive/MTG_Instrument_old/dataset/logmel_songs/86/1294886.npy
track_0417215,/content/drive/MyDrive/MTG_Instrument_old/dataset/logmel_songs/15/417215.npy
track_1093297,/content/drive/MyDrive/MTG_Instrument_old/dataset/logmel_songs/97/1093297.npy
track_1231044,/content/drive/MyDrive/MTG_Instrument_old/dataset/logmel_songs/44/1231044.npy
track_1162100,/content/drive/MyDrive/MTG_Instrument_old/dataset/logmel_songs/00/1162100.npy
track_0139617,/content/drive/MyDrive/MTG_Instrument_old/dataset/logmel_songs/17/139617.npy
track_1386497,/content/drive/MyDrive/MTG_Instrument_old/dataset/logmel_songs/97/1386497.npy
track_1148177,/content/drive/MyDrive/MTG_Instrument_old/dataset/logmel_songs/77/1148177.npy
track_1102227,/content/drive/MyDrive/MTG_Instrument_old/dataset/logmel_songs/27/1102227.npy
track_1029326,/content/drive/MyDrive/MTG_Instrument_old/dataset/logmel_songs/26/1029326.npy
track_1309759,/content/drive/MyDrive/MTG_Instrument_old/dataset/logmel_songs/59/1309759.npy
track_1300046,/content/drive/MyDrive/MTG_Instrument_old/dataset/logmel_songs/46/1300046.npy
track_0015662,/content/drive/MyDrive/MTG_Instrument_old/dataset/logmel_songs/62/15662.npy
track_1372078,/content/drive/MyDrive/MTG_Instrument_old/dataset/logmel_songs/78/1372078.npy
track_1373038,/content/drive/MyDrive/MTG_Instrument_old/dataset/logmel_songs/38/1373038.npy
track_0025241,/content/drive/MyDrive/MTG_Instrument_old/dataset/logmel_songs/41/25241.npy
track_0302312,/content/drive/MyDrive/MTG_Instrument_old/dataset/logmel_songs/12/302312.npy
track_1276897,/content/drive/MyDrive/MTG_Instrument_old/dataset/logmel_songs/97/1276897.npy
track_1270577,/content/drive/MyDrive/MTG_Instrument_old/dataset/logmel_songs/77/1270577.npy
track_1129656,/content/drive/MyDrive/MTG_Instrument_old/dataset/logmel_songs/56/1129656.npy
track_1053399,/content/drive/MyDrive/MTG_Instrument_old/dataset/logmel_songs/99/1053399.npy
track_1340366,/content/drive/MyDrive/MTG_Instrument_old/dataset/logmel_songs/66/1340366.npy
track_0731423,/content/drive/MyDrive/MTG_Instrument_old/dataset/logmel_songs/23/731423.npy
track_1300039,/content/drive/MyDrive/MTG_Instrument_old/dataset/logmel_songs/39/1300039.npy
track_1144133,/content/drive/MyDrive/MTG_Instrument_old/dataset/logmel_songs/33/1144133.npy
track_0891608,/content/drive/MyDrive/MTG_Instrument_old/dataset/logmel_songs/08/891608.npy
track_1087755,/content/drive/MyDrive/MTG_Instrument_old/dataset/logmel_songs/55/1087755.npy
track_1166155,/content/drive/MyDrive/MTG_Instrument_old/dataset/logmel_songs/55/1166155.npy
track_0897990,/content/drive/MyDrive/MTG_Instrument_old/dataset/logmel_songs/90/897990.npy
track_1195884,/content/drive/MyDrive/MTG_Instrument_old/dataset/logmel_songs/84/1195884.npy
track_1211529,/content/drive/MyDrive/MTG_Instrument_old/dataset/logmel_songs/29/1211529.npy
track_1228855,/content/drive/MyDrive/MTG_Instrument_old/dataset/logmel_songs/55/1228855.npy
track_1147338,/content/drive/MyDrive/MTG_Instrument_old/dataset/logmel_songs/38/1147338.npy
track_1149221,/content/drive/MyDrive/MTG_Instrument_old/dataset/logmel_songs/21/1149221.npy
track_1149229,/content/drive/MyDrive/MTG_Instrument_old/dataset/logmel_songs/29/1149229.npy
track_1187322,/content/drive/MyDrive/MTG_Instrument_old/dataset/logmel_songs/22/1187322.npy
track_0215561,/content/drive/MyDrive/MTG_Instrument_old/dataset/logmel_songs/61/215561.npy
track_1277848,/content/drive/MyDrive/MTG_Instrument_old/dataset/logmel_songs/48/1277848.npy
track_1073708,/content/drive/MyDrive/MTG_Instrument_old/dataset/logmel_songs/08/1073708.npy
track_1098681,/content/drive/MyDrive/MTG_Instrument_old/dataset/logmel_songs/81/1098681.npy
track_1284681,/content/drive/MyDrive/MTG_Instrument_old/dataset/logmel_songs/81/1284681.npy
track_1345057,/content/drive/MyDrive/MTG_Instrument_old/dataset/logmel_songs/57/1345057.npy
track_0263591,/content/drive/MyDrive/MTG_Instrument_old/dataset/logmel_songs/91/263591.npy
track_0986590,/content/drive/MyDrive/MTG_Instrument_old/dataset/logmel_songs/90/986590.npy
track_1096813,/content/drive/MyDrive/MTG_Instrument_old/dataset/logmel_songs/13/1096813.npy
track_0510383,/content/drive/MyDrive/MTG_Instrument_old/dataset/logmel_songs/83/510383.npy
track_1342576,/content/drive/MyDrive/MTG_Instrument_old/dataset/logmel_songs/76/1342576.npy
track_1169062,/content/drive/MyDrive/MTG_Instrument_old/dataset/logmel_songs/62/1169062.npy
track_1414176,/content/drive/MyDrive/MTG_Instrument_old/dataset/logmel_songs/76/1414176.npy
track_0773682,/content/drive/MyDrive/MTG_Instrument_old/dataset/logmel_songs/82/773682.npy
track_0799915,/content/drive/MyDrive/MTG_Instrument_old/dataset/logmel_songs/15/799915.npy
track_1084816,/content/drive/MyDrive/MTG_Instrument_old/dataset/logmel_songs/16/1084816.npy
track_1068670,/content/drive/MyDrive/MTG_Instrument_old/dataset/logmel_songs/70/1068670.npy
track_0400859,/content/drive/MyDrive/MTG_Instrument_old/dataset/logmel_songs/59/400859.npy
track_1154250,/content/drive/MyDrive/MTG_Instrument_old/dataset/logmel_songs/50/1154250.npy
track_1415107,/content/drive/MyDrive/MTG_Instrument_old/dataset/logmel_songs/07/1415107.npy
track_1340797,/content/drive/MyDrive/MTG_Instrument_old/dataset/logmel_songs/97/1340797.npy
track_1316756,/content/drive/MyDrive/MTG_Instrument_old/dataset/logmel_songs/56/1316756.npy
track_1405086,/content/drive/MyDrive/MTG_Instrument_old/dataset/logmel_songs/86/1405086.npy
track_0017494,/content/drive/MyDrive/MTG_Instrument_old/dataset/logmel_songs/94/17494.npy
track_1169207,/content/drive/MyDrive/MTG_Instrument_old/dataset/logmel_songs/07/1169207.npy
track_1345286,/content/drive/MyDrive/MTG_Instrument_old/dataset/logmel_songs/86/1345286.npy
track_1277897,/content/drive/MyDrive/MTG_Instrument_old/dataset/logmel_songs/97/1277897.npy
track_1227101,/content/drive/MyDrive/MTG_Instrument_old/dataset/logmel_songs/01/1227101.npy
track_0991717,/content/drive/MyDrive/MTG_Instrument_old/dataset/logmel_songs/17/991717.npy
track_1115636,/content/drive/MyDrive/MTG_Instrument_old/dataset/logmel_songs/36/1115636.npy
track_1267132,/content/drive/MyDrive/MTG_Instrument_old/dataset/logmel_songs/32/1267132.npy
track_0202186,/content/drive/MyDrive/MTG_Instrument_old/dataset/logmel_songs/86/202186.npy
track_1067699,/content/drive/MyDrive/MTG_Instrument_old/dataset/logmel_songs/99/1067699.npy
track_0018865,/content/drive/MyDrive/MTG_Instrument_old/dataset/logmel_songs/65/18865.npy
track_0151141,/content/drive/MyDrive/MTG_Instrument_old/dataset/logmel_songs/41/151141.npy
track_1264197,/content/drive/MyDrive/MTG_Instrument_old/dataset/logmel_songs/97/1264197.npy
track_0986860,/content/drive/MyDrive/MTG_Instrument_old/dataset/logmel_songs/60/986860.npy
track_1186162,/content/drive/MyDrive/MTG_Instrument_old/dataset/logmel_songs/62/1186162.npy
track_0352691,/content/drive/MyDrive/MTG_Instrument_old/dataset/logmel_songs/91/352691.npy
track_1339230,/content/drive/MyDrive/MTG_Instrument_old/dataset/logmel_songs/30/1339230.npy
track_1098401,/content/drive/MyDrive/MTG_Instrument_old/dataset/logmel_songs/01/1098401.npy
track_1107251,/content/drive/MyDrive/MTG_Instrument_old/dataset/logmel_songs/51/1107251.npy
track_0387422,/content/drive/MyDrive/MTG_Instrument_old/dataset/logmel_songs/22/387422.npy
track_1398420,/content/drive/MyDrive/MTG_Instrument_old/dataset/logmel_songs/20/1398420.npy
track_1375203,/content/drive/MyDrive/MTG_Instrument_old/dataset/logmel_songs/03/1375203.npy
track_1414965,/content/drive/MyDrive/MTG_Instrument_old/dataset/logmel_songs/65/1414965.npy
track_1012592,/content/drive/MyDrive/MTG_Instrument_old/dataset/logmel_songs/92/1012592.npy
track_0347638,/content/drive/MyDrive/MTG_Instrument_old/dataset/logmel_songs/38/347638.npy
track_0565795,/content/drive/MyDrive/MTG_Instrument_old/dataset/logmel_songs/95/565795.npy
track_0151019,/content/drive/MyDrive/MTG_Instrument_old/dataset/logmel_songs/19/151019.npy
track_1398413,/content/drive/MyDrive/MTG_Instrument_old/dataset/logmel_songs/13/1398413.npy
track_1027899,/content/drive/MyDrive/MTG_Instrument_old/dataset/logmel_songs/99/1027899.npy
track_0275863,/content/drive/MyDrive/MTG_Instrument_old/dataset/logmel_songs/63/275863.npy
track_0897320,/content/drive/MyDrive/MTG_Instrument_old/dataset/logmel_songs/20/897320.npy
track_1186993,/content/drive/MyDrive/MTG_Instrument_old/dataset/logmel_songs/93/1186993.npy
track_0810895,/content/drive/MyDrive/MTG_Instrument_old/dataset/logmel_songs/95/810895.npy
track_0608912,/content/drive/MyDrive/MTG_Instrument_old/dataset/logmel_songs/12/608912.npy
track_1182881,/content/drive/MyDrive/MTG_Instrument_old/dataset/logmel_songs/81/1182881.npy
track_1096088,/content/drive/MyDrive/MTG_Instrument_old/dataset/logmel_songs/88/1096088.npy
track_1030099,/content/drive/MyDrive/MTG_Instrument_old/dataset/logmel_songs/99/1030099.npy
track_0646647,/content/drive/MyDrive/MTG_Instrument_old/dataset/logmel_songs/47/646647.npy
track_1162379,/content/drive/MyDrive/MTG_Instrument_old/dataset/logmel_songs/79/1162379.npy
track_1065623,/content/drive/MyDrive/MTG_Instrument_old/dataset/logmel_songs/23/1065623.npy
track_1416232,/content/drive/MyDrive/MTG_Instrument_old/dataset/logmel_songs/32/1416232.npy
track_0962591,/content/drive/MyDrive/MTG_Instrument_old/dataset/logmel_songs/91/962591.npy
track_0784879,/content/drive/MyDrive/MTG_Instrument_old/dataset/logmel_songs/79/784879.npy
track_0607862,/content/drive/MyDrive/MTG_Instrument_old/dataset/logmel_songs/62/607862.npy
track_0891609,/content/drive/MyDrive/MTG_Instrument_old/dataset/logmel_songs/09/891609.npy
track_1372502,/content/drive/MyDrive/MTG_Instrument_old/dataset/logmel_songs/02/1372502.npy
track_1221307,/content/drive/MyDrive/MTG_Instrument_old/dataset/logmel_songs/07/1221307.npy
track_0752115,/content/drive/MyDrive/MTG_Instrument_old/dataset/logmel_songs/15/752115.npy
track_0246452,/content/drive/MyDrive/MTG_Instrument_old/dataset/logmel_songs/52/246452.npy
track_1148259,/content/drive/MyDrive/MTG_Instrument_old/dataset/logmel_songs/59/1148259.npy
track_0565803,/content/drive/MyDrive/MTG_Instrument_old/dataset/logmel_songs/03/565803.npy
track_1074904,/content/drive/MyDrive/MTG_Instrument_old/dataset/logmel_songs/04/1074904.npy
track_1202189,/content/drive/MyDrive/MTG_Instrument_old/dataset/logmel_songs/89/1202189.npy
track_0361003,/content/drive/MyDrive/MTG_Instrument_old/dataset/logmel_songs/03/361003.npy
track_0802279,/content/drive/MyDrive/MTG_Instrument_old/dataset/logmel_songs/79/802279.npy
track_1388865,/content/drive/MyDrive/MTG_Instrument_old/dataset/logmel_songs/65/1388865.npy
track_0026228,/content/drive/MyDrive/MTG_Instrument_old/dataset/logmel_songs/28/26228.npy
track_0517483,/content/drive/MyDrive/MTG_Instrument_old/dataset/logmel_songs/83/517483.npy
track_0076977,/content/drive/MyDrive/MTG_Instrument_old/dataset/logmel_songs/77/76977.npy
track_1253423,/content/drive/MyDrive/MTG_Instrument_old/dataset/logmel_songs/23/1253423.npy
track_1064329,/content/drive/MyDrive/MTG_Instrument_old/dataset/logmel_songs/29/1064329.npy
track_0941154,/content/drive/MyDrive/MTG_Instrument_old/dataset/logmel_songs/54/941154.npy
track_1419495,/content/drive/MyDrive/MTG_Instrument_old/dataset/logmel_songs/95/1419495.npy
track_1168808,/content/drive/MyDrive/MTG_Instrument_old/dataset/logmel_songs/08/1168808.npy
track_0166577,/content/drive/MyDrive/MTG_Instrument_old/dataset/logmel_songs/77/166577.npy
track_1165530,/content/drive/MyDrive/MTG_Instrument_old/dataset/logmel_songs/30/1165530.npy
track_1075187,/content/drive/MyDrive/MTG_Instrument_old/dataset/logmel_songs/87/1075187.npy
track_1201476,/content/drive/MyDrive/MTG_Instrument_old/dataset/logmel_songs/76/1201476.npy
track_0976784,/content/drive/MyDrive/MTG_Instrument_old/dataset/logmel_songs/84/976784.npy
track_1117572,/content/drive/MyDrive/MTG_Instrument_old/dataset/logmel_songs/72/1117572.npy
track_1067257,/content/drive/MyDrive/MTG_Instrument_old/dataset/logmel_songs/57/1067257.npy
track_1170737,/content/drive/MyDrive/MTG_Instrument_old/dataset/logmel_songs/37/1170737.npy
track_0957461,/content/drive/MyDrive/MTG_Instrument_old/dataset/logmel_songs/61/957461.npy
track_0134799,/content/drive/MyDrive/MTG_Instrument_old/dataset/logmel_songs/99/134799.npy
track_1167578,/content/drive/MyDrive/MTG_Instrument_old/dataset/logmel_songs/78/1167578.npy
track_0126063,/content/drive/MyDrive/MTG_Instrument_old/dataset/logmel_songs/63/126063.npy
track_0011773,/content/drive/MyDrive/MTG_Instrument_old/dataset/logmel_songs/73/11773.npy
track_0119404,/content/drive/MyDrive/MTG_Instrument_old/dataset/logmel_songs/04/119404.npy
track_1371097,/content/drive/MyDrive/MTG_Instrument_old/dataset/logmel_songs/97/1371097.npy
track_0166592,/content/drive/MyDrive/MTG_Instrument_old/dataset/logmel_songs/92/166592.npy
track_1222011,/content/drive/MyDrive/MTG_Instrument_old/dataset/logmel_songs/11/1222011.npy
track_1416533,/content/drive/MyDrive/MTG_Instrument_old/dataset/logmel_songs/33/1416533.npy
track_0802295,/content/drive/MyDrive/MTG_Instrument_old/dataset/logmel_songs/95/802295.npy
track_1244713,/content/drive/MyDrive/MTG_Instrument_old/dataset/logmel_songs/13/1244713.npy
track_0579644,/content/drive/MyDrive/MTG_Instrument_old/dataset/logmel_songs/44/579644.npy
track_1160114,/content/drive/MyDrive/MTG_Instrument_old/dataset/logmel_songs/14/1160114.npy
track_0718301,/content/drive/MyDrive/MTG_Instrument_old/dataset/logmel_songs/01/718301.npy
track_0704690,/content/drive/MyDrive/MTG_Instrument_old/dataset/logmel_songs/90/704690.npy
track_0362253,/content/drive/MyDrive/MTG_Instrument_old/dataset/logmel_songs/53/362253.npy
track_1066893,/content/drive/MyDrive/MTG_Instrument_old/dataset/logmel_songs/93/1066893.npy
track_0368742,/content/drive/MyDrive/MTG_Instrument_old/dataset/logmel_songs/42/368742.npy
track_1326800,/content/drive/MyDrive/MTG_Instrument_old/dataset/logmel_songs/00/1326800.npy
track_1119020,/content/drive/MyDrive/MTG_Instrument_old/dataset/logmel_songs/20/1119020.npy
track_1067290,/content/drive/MyDrive/MTG_Instrument_old/dataset/logmel_songs/90/1067290.npy
track_1117565,/content/drive/MyDrive/MTG_Instrument_old/dataset/logmel_songs/65/1117565.npy
track_1201480,/content/drive/MyDrive/MTG_Instrument_old/dataset/logmel_songs/80/1201480.npy
track_1143218,/content/drive/MyDrive/MTG_Instrument_old/dataset/logmel_songs/18/1143218.npy
track_1110512,/content/drive/MyDrive/MTG_Instrument_old/dataset/logmel_songs/12/1110512.npy
track_1181303,/content/drive/MyDrive/MTG_Instrument_old/dataset/logmel_songs/03/1181303.npy
track_0272986,/content/drive/MyDrive/MTG_Instrument_old/dataset/logmel_songs/86/272986.npy
track_1414154,/content/drive/MyDrive/MTG_Instrument_old/dataset/logmel_songs/54/1414154.npy
track_1205065,/content/drive/MyDrive/MTG_Instrument_old/dataset/logmel_songs/65/1205065.npy
track_0533166,/content/drive/MyDrive/MTG_Instrument_old/dataset/logmel_songs/66/533166.npy
track_1122016,/content/drive/MyDrive/MTG_Instrument_old/dataset/logmel_songs/16/1122016.npy
track_1001312,/content/drive/MyDrive/MTG_Instrument_old/dataset/logmel_songs/12/1001312.npy
track_1169840,/content/drive/MyDrive/MTG_Instrument_old/dataset/logmel_songs/40/1169840.npy
track_1084190,/content/drive/MyDrive/MTG_Instrument_old/dataset/logmel_songs/90/1084190.npy
track_1111827,/content/drive/MyDrive/MTG_Instrument_old/dataset/logmel_songs/27/1111827.npy
track_0293162,/content/drive/MyDrive/MTG_Instrument_old/dataset/logmel_songs/62/293162.npy
track_0341608,/content/drive/MyDrive/MTG_Instrument_old/dataset/logmel_songs/08/341608.npy
track_1369696,/content/drive/MyDrive/MTG_Instrument_old/dataset/logmel_songs/96/1369696.npy
track_1327796,/content/drive/MyDrive/MTG_Instrument_old/dataset/logmel_songs/96/1327796.npy
track_0946948,/content/drive/MyDrive/MTG_Instrument_old/dataset/logmel_songs/48/946948.npy
track_1370863,/content/drive/MyDrive/MTG_Instrument_old/dataset/logmel_songs/63/1370863.npy
track_1269562,/content/drive/MyDrive/MTG_Instrument_old/dataset/logmel_songs/62/1269562.npy
track_1171564,/content/drive/MyDrive/MTG_Instrument_old/dataset/logmel_songs/64/1171564.npy
track_0996966,/content/drive/MyDrive/MTG_Instrument_old/dataset/logmel_songs/66/996966.npy
track_1407842,/content/drive/MyDrive/MTG_Instrument_old/dataset/logmel_songs/42/1407842.npy
track_1137242,/content/drive/MyDrive/MTG_Instrument_old/dataset/logmel_songs/42/1137242.npy
track_1009600,/content/drive/MyDrive/MTG_Instrument_old/dataset/logmel_songs/00/1009600.npy
track_1033183,/content/drive/MyDrive/MTG_Instrument_old/dataset/logmel_songs/83/1033183.npy
track_0243702,/content/drive/MyDrive/MTG_Instrument_old/dataset/logmel_songs/02/243702.npy
track_1009065,/content/drive/MyDrive/MTG_Instrument_old/dataset/logmel_songs/65/1009065.npy
track_1300020,/content/drive/MyDrive/MTG_Instrument_old/dataset/logmel_songs/20/1300020.npy
track_1126693,/content/drive/MyDrive/MTG_Instrument_old/dataset/logmel_songs/93/1126693.npy
track_0025225,/content/drive/MyDrive/MTG_Instrument_old/dataset/logmel_songs/25/25225.npy
track_0419879,/content/drive/MyDrive/MTG_Instrument_old/dataset/logmel_songs/79/419879.npy
track_1111980,/content/drive/MyDrive/MTG_Instrument_old/dataset/logmel_songs/80/1111980.npy
track_0078733,/content/drive/MyDrive/MTG_Instrument_old/dataset/logmel_songs/33/78733.npy
track_1273057,/content/drive/MyDrive/MTG_Instrument_old/dataset/logmel_songs/57/1273057.npy
track_1065624,/content/drive/MyDrive/MTG_Instrument_old/dataset/logmel_songs/24/1065624.npy
track_1366167,/content/drive/MyDrive/MTG_Instrument_old/dataset/logmel_songs/67/1366167.npy
track_1106792,/content/drive/MyDrive/MTG_Instrument_old/dataset/logmel_songs/92/1106792.npy
track_0957939,/content/drive/MyDrive/MTG_Instrument_old/dataset/logmel_songs/39/957939.npy
track_1026349,/content/drive/MyDrive/MTG_Instrument_old/dataset/logmel_songs/49/1026349.npy
track_1380655,/content/drive/MyDrive/MTG_Instrument_old/dataset/logmel_songs/55/1380655.npy
track_1293737,/content/drive/MyDrive/MTG_Instrument_old/dataset/logmel_songs/37/1293737.npy
track_1248620,/content/drive/MyDrive/MTG_Instrument_old/dataset/logmel_songs/20/1248620.npy
track_0659886,/content/drive/MyDrive/MTG_Instrument_old/dataset/logmel_songs/86/659886.npy
track_1021755,/content/drive/MyDrive/MTG_Instrument_old/dataset/logmel_songs/55/1021755.npy
track_0271875,/content/drive/MyDrive/MTG_Instrument_old/dataset/logmel_songs/75/271875.npy
track_1125824,/content/drive/MyDrive/MTG_Instrument_old/dataset/logmel_songs/24/1125824.npy
track_1315934,/content/drive/MyDrive/MTG_Instrument_old/dataset/logmel_songs/34/1315934.npy
track_1313338,/content/drive/MyDrive/MTG_Instrument_old/dataset/logmel_songs/38/1313338.npy
track_1034277,/content/drive/MyDrive/MTG_Instrument_old/dataset/logmel_songs/77/1034277.npy
track_0162038,/content/drive/MyDrive/MTG_Instrument_old/dataset/logmel_songs/38/162038.npy
track_0157676,/content/drive/MyDrive/MTG_Instrument_old/dataset/logmel_songs/76/157676.npy
track_1057806,/content/drive/MyDrive/MTG_Instrument_old/dataset/logmel_songs/06/1057806.npy
track_1132793,/content/drive/MyDrive/MTG_Instrument_old/dataset/logmel_songs/93/1132793.npy
track_1289133,/content/drive/MyDrive/MTG_Instrument_old/dataset/logmel_songs/33/1289133.npy
track_1400608,/content/drive/MyDrive/MTG_Instrument_old/dataset/logmel_songs/08/1400608.npy
track_1417342,/content/drive/MyDrive/MTG_Instrument_old/dataset/logmel_songs/42/1417342.npy
track_1086259,/content/drive/MyDrive/MTG_Instrument_old/dataset/logmel_songs/59/1086259.npy
track_0949223,/content/drive/MyDrive/MTG_Instrument_old/dataset/logmel_songs/23/949223.npy
track_0352684,/content/drive/MyDrive/MTG_Instrument_old/dataset/logmel_songs/84/352684.npy
track_0711253,/content/drive/MyDrive/MTG_Instrument_old/dataset/logmel_songs/53/711253.npy
track_1064323,/content/drive/MyDrive/MTG_Instrument_old/dataset/logmel_songs/23/1064323.npy
track_1028800,/content/drive/MyDrive/MTG_Instrument_old/dataset/logmel_songs/00/1028800.npy
track_1307834,/content/drive/MyDrive/MTG_Instrument_old/dataset/logmel_songs/34/1307834.npy
track_0811117,/content/drive/MyDrive/MTG_Instrument_old/dataset/logmel_songs/17/811117.npy
track_1110523,/content/drive/MyDrive/MTG_Instrument_old/dataset/logmel_songs/23/1110523.npy
track_0915277,/content/drive/MyDrive/MTG_Instrument_old/dataset/logmel_songs/77/915277.npy
track_0556375,/content/drive/MyDrive/MTG_Instrument_old/dataset/logmel_songs/75/556375.npy
track_1369647,/content/drive/MyDrive/MTG_Instrument_old/dataset/logmel_songs/47/1369647.npy
track_1105661,/content/drive/MyDrive/MTG_Instrument_old/dataset/logmel_songs/61/1105661.npy
track_0081215,/content/drive/MyDrive/MTG_Instrument_old/dataset/logmel_songs/15/81215.npy
track_1163324,/content/drive/MyDrive/MTG_Instrument_old/dataset/logmel_songs/24/1163324.npy
track_1127154,/content/drive/MyDrive/MTG_Instrument_old/dataset/logmel_songs/54/1127154.npy
track_1149237,/content/drive/MyDrive/MTG_Instrument_old/dataset/logmel_songs/37/1149237.npy
track_1414155,/content/drive/MyDrive/MTG_Instrument_old/dataset/logmel_songs/55/1414155.npy
track_1127377,/content/drive/MyDrive/MTG_Instrument_old/dataset/logmel_songs/77/1127377.npy
track_0919478,/content/drive/MyDrive/MTG_Instrument_old/dataset/logmel_songs/78/919478.npy
track_1085243,/content/drive/MyDrive/MTG_Instrument_old/dataset/logmel_songs/43/1085243.npy
track_1034453,/content/drive/MyDrive/MTG_Instrument_old/dataset/logmel_songs/53/1034453.npy
track_1297801,/content/drive/MyDrive/MTG_Instrument_old/dataset/logmel_songs/01/1297801.npy
track_1129034,/content/drive/MyDrive/MTG_Instrument_old/dataset/logmel_songs/34/1129034.npy
track_1376054,/content/drive/MyDrive/MTG_Instrument_old/dataset/logmel_songs/54/1376054.npy
track_0046039,/content/drive/MyDrive/MTG_Instrument_old/dataset/logmel_songs/39/46039.npy
track_1199053,/content/drive/MyDrive/MTG_Instrument_old/dataset/logmel_songs/53/1199053.npy
track_0244237,/content/drive/MyDrive/MTG_Instrument_old/dataset/logmel_songs/37/244237.npy
track_1194765,/content/drive/MyDrive/MTG_Instrument_old/dataset/logmel_songs/65/1194765.npy
track_1159947,/content/drive/MyDrive/MTG_Instrument_old/dataset/logmel_songs/47/1159947.npy
track_1165513,/content/drive/MyDrive/MTG_Instrument_old/dataset/logmel_songs/13/1165513.npy
track_1345307,/content/drive/MyDrive/MTG_Instrument_old/dataset/logmel_songs/07/1345307.npy
track_1124968,/content/drive/MyDrive/MTG_Instrument_old/dataset/logmel_songs/68/1124968.npy
track_0048724,/content/drive/MyDrive/MTG_Instrument_old/dataset/logmel_songs/24/48724.npy
track_1089277,/content/drive/MyDrive/MTG_Instrument_old/dataset/logmel_songs/77/1089277.npy
track_1380595,/content/drive/MyDrive/MTG_Instrument_old/dataset/logmel_songs/95/1380595.npy
track_1250198,/content/drive/MyDrive/MTG_Instrument_old/dataset/logmel_songs/98/1250198.npy
track_1134642,/content/drive/MyDrive/MTG_Instrument_old/dataset/logmel_songs/42/1134642.npy
track_0088562,/content/drive/MyDrive/MTG_Instrument_old/dataset/logmel_songs/62/88562.npy
track_1248275,/content/drive/MyDrive/MTG_Instrument_old/dataset/logmel_songs/75/1248275.npy
track_1324671,/content/drive/MyDrive/MTG_Instrument_old/dataset/logmel_songs/71/1324671.npy
track_0087488,/content/drive/MyDrive/MTG_Instrument_old/dataset/logmel_songs/88/87488.npy
track_1309756,/content/drive/MyDrive/MTG_Instrument_old/dataset/logmel_songs/56/1309756.npy
track_1001895,/content/drive/MyDrive/MTG_Instrument_old/dataset/logmel_songs/95/1001895.npy
track_1032331,/content/drive/MyDrive/MTG_Instrument_old/dataset/logmel_songs/31/1032331.npy
track_1370158,/content/drive/MyDrive/MTG_Instrument_old/dataset/logmel_songs/58/1370158.npy
track_1264192,/content/drive/MyDrive/MTG_Instrument_old/dataset/logmel_songs/92/1264192.npy
track_1369953,/content/drive/MyDrive/MTG_Instrument_old/dataset/logmel_songs/53/1369953.npy
track_1064041,/content/drive/MyDrive/MTG_Instrument_old/dataset/logmel_songs/41/1064041.npy
track_1335393,/content/drive/MyDrive/MTG_Instrument_old/dataset/logmel_songs/93/1335393.npy
track_0074750,/content/drive/MyDrive/MTG_Instrument_old/dataset/logmel_songs/50/74750.npy
track_1203431,/content/drive/MyDrive/MTG_Instrument_old/dataset/logmel_songs/31/1203431.npy
track_1098682,/content/drive/MyDrive/MTG_Instrument_old/dataset/logmel_songs/82/1098682.npy
track_0755593,/content/drive/MyDrive/MTG_Instrument_old/dataset/logmel_songs/93/755593.npy
track_1072573,/content/drive/MyDrive/MTG_Instrument_old/dataset/logmel_songs/73/1072573.npy
track_1320006,/content/drive/MyDrive/MTG_Instrument_old/dataset/logmel_songs/06/1320006.npy
track_1290965,/content/drive/MyDrive/MTG_Instrument_old/dataset/logmel_songs/65/1290965.npy
track_0940730,/content/drive/MyDrive/MTG_Instrument_old/dataset/logmel_songs/30/940730.npy
track_1068245,/content/drive/MyDrive/MTG_Instrument_old/dataset/logmel_songs/45/1068245.npy
track_0086244,/content/drive/MyDrive/MTG_Instrument_old/dataset/logmel_songs/44/86244.npy
track_1193203,/content/drive/MyDrive/MTG_Instrument_old/dataset/logmel_songs/03/1193203.npy
track_0880666,/content/drive/MyDrive/MTG_Instrument_old/dataset/logmel_songs/66/880666.npy
track_0835996,/content/drive/MyDrive/MTG_Instrument_old/dataset/logmel_songs/96/835996.npy
track_1171075,/content/drive/MyDrive/MTG_Instrument_old/dataset/logmel_songs/75/1171075.npy
track_0996961,/content/drive/MyDrive/MTG_Instrument_old/dataset/logmel_songs/61/996961.npy
track_0537761,/content/drive/MyDrive/MTG_Instrument_old/dataset/logmel_songs/61/537761.npy
track_0136839,/content/drive/MyDrive/MTG_Instrument_old/dataset/logmel_songs/39/136839.npy
track_1156055,/content/drive/MyDrive/MTG_Instrument_old/dataset/logmel_songs/55/1156055.npy
track_1023270,/content/drive/MyDrive/MTG_Instrument_old/dataset/logmel_songs/70/1023270.npy
track_0014017,/content/drive/MyDrive/MTG_Instrument_old/dataset/logmel_songs/17/14017.npy
track_1177893,/content/drive/MyDrive/MTG_Instrument_old/dataset/logmel_songs/93/1177893.npy
track_0449861,/content/drive/MyDrive/MTG_Instrument_old/dataset/logmel_songs/61/449861.npy
track_0151122,/content/drive/MyDrive/MTG_Instrument_old/dataset/logmel_songs/22/151122.npy
track_1060667,/content/drive/MyDrive/MTG_Instrument_old/dataset/logmel_songs/67/1060667.npy
track_1321059,/content/drive/MyDrive/MTG_Instrument_old/dataset/logmel_songs/59/1321059.npy
track_0376422,/content/drive/MyDrive/MTG_Instrument_old/dataset/logmel_songs/22/376422.npy
track_0703933,/content/drive/MyDrive/MTG_Instrument_old/dataset/logmel_songs/33/703933.npy
track_1122560,/content/drive/MyDrive/MTG_Instrument_old/dataset/logmel_songs/60/1122560.npy
track_0982384,/content/drive/MyDrive/MTG_Instrument_old/dataset/logmel_songs/84/982384.npy
track_0571477,/content/drive/MyDrive/MTG_Instrument_old/dataset/logmel_songs/77/571477.npy
track_0026222,/content/drive/MyDrive/MTG_Instrument_old/dataset/logmel_songs/22/26222.npy
track_1319240,/content/drive/MyDrive/MTG_Instrument_old/dataset/logmel_songs/40/1319240.npy
track_1368385,/content/drive/MyDrive/MTG_Instrument_old/dataset/logmel_songs/85/1368385.npy
track_1065631,/content/drive/MyDrive/MTG_Instrument_old/dataset/logmel_songs/31/1065631.npy
track_1264971,/content/drive/MyDrive/MTG_Instrument_old/dataset/logmel_songs/71/1264971.npy
track_1124480,/content/drive/MyDrive/MTG_Instrument_old/dataset/logmel_songs/80/1124480.npy
track_0031429,/content/drive/MyDrive/MTG_Instrument_old/dataset/logmel_songs/29/31429.npy
track_0438316,/content/drive/MyDrive/MTG_Instrument_old/dataset/logmel_songs/16/438316.npy
track_1299806,/content/drive/MyDrive/MTG_Instrument_old/dataset/logmel_songs/06/1299806.npy
track_1198189,/content/drive/MyDrive/MTG_Instrument_old/dataset/logmel_songs/89/1198189.npy
track_1367769,/content/drive/MyDrive/MTG_Instrument_old/dataset/logmel_songs/69/1367769.npy
track_0014019,/content/drive/MyDrive/MTG_Instrument_old/dataset/logmel_songs/19/14019.npy
track_1057258,/content/drive/MyDrive/MTG_Instrument_old/dataset/logmel_songs/58/1057258.npy
track_1277825,/content/drive/MyDrive/MTG_Instrument_old/dataset/logmel_songs/25/1277825.npy
track_1128846,/content/drive/MyDrive/MTG_Instrument_old/dataset/logmel_songs/46/1128846.npy
track_1360553,/content/drive/MyDrive/MTG_Instrument_old/dataset/logmel_songs/53/1360553.npy
track_0081809,/content/drive/MyDrive/MTG_Instrument_old/dataset/logmel_songs/09/81809.npy
track_1133268,/content/drive/MyDrive/MTG_Instrument_old/dataset/logmel_songs/68/1133268.npy
track_1395500,/content/drive/MyDrive/MTG_Instrument_old/dataset/logmel_songs/00/1395500.npy
track_1203780,/content/drive/MyDrive/MTG_Instrument_old/dataset/logmel_songs/80/1203780.npy
track_1268057,/content/drive/MyDrive/MTG_Instrument_old/dataset/logmel_songs/57/1268057.npy
track_0482267,/content/drive/MyDrive/MTG_Instrument_old/dataset/logmel_songs/67/482267.npy
track_0585151,/content/drive/MyDrive/MTG_Instrument_old/dataset/logmel_songs/51/585151.npy
track_0785629,/content/drive/MyDrive/MTG_Instrument_old/dataset/logmel_songs/29/785629.npy
track_1015044,/content/drive/MyDrive/MTG_Instrument_old/dataset/logmel_songs/44/1015044.npy
track_0973382,/content/drive/MyDrive/MTG_Instrument_old/dataset/logmel_songs/82/973382.npy
track_1053492,/content/drive/MyDrive/MTG_Instrument_old/dataset/logmel_songs/92/1053492.npy
track_1201478,/content/drive/MyDrive/MTG_Instrument_old/dataset/logmel_songs/78/1201478.npy
track_0948722,/content/drive/MyDrive/MTG_Instrument_old/dataset/logmel_songs/22/948722.npy
track_1088079,/content/drive/MyDrive/MTG_Instrument_old/dataset/logmel_songs/79/1088079.npy
track_1374691,/content/drive/MyDrive/MTG_Instrument_old/dataset/logmel_songs/91/1374691.npy
track_1054347,/content/drive/MyDrive/MTG_Instrument_old/dataset/logmel_songs/47/1054347.npy
track_0553255,/content/drive/MyDrive/MTG_Instrument_old/dataset/logmel_songs/55/553255.npy
track_0080804,/content/drive/MyDrive/MTG_Instrument_old/dataset/logmel_songs/04/80804.npy
track_1136905,/content/drive/MyDrive/MTG_Instrument_old/dataset/logmel_songs/05/1136905.npy
track_0280162,/content/drive/MyDrive/MTG_Instrument_old/dataset/logmel_songs/62/280162.npy
track_1071407,/content/drive/MyDrive/MTG_Instrument_old/dataset/logmel_songs/07/1071407.npy
track_0962061,/content/drive/MyDrive/MTG_Instrument_old/dataset/logmel_songs/61/962061.npy
track_0425765,/content/drive/MyDrive/MTG_Instrument_old/dataset/logmel_songs/65/425765.npy
track_1078783,/content/drive/MyDrive/MTG_Instrument_old/dataset/logmel_songs/83/1078783.npy
track_1028802,/content/drive/MyDrive/MTG_Instrument_old/dataset/logmel_songs/02/1028802.npy
track_1078822,/content/drive/MyDrive/MTG_Instrument_old/dataset/logmel_songs/22/1078822.npy
track_1336344,/content/drive/MyDrive/MTG_Instrument_old/dataset/logmel_songs/44/1336344.npy
track_0302304,/content/drive/MyDrive/MTG_Instrument_old/dataset/logmel_songs/04/302304.npy
track_1112052,/content/drive/MyDrive/MTG_Instrument_old/dataset/logmel_songs/52/1112052.npy
track_1341272,/content/drive/MyDrive/MTG_Instrument_old/dataset/logmel_songs/72/1341272.npy
track_1069080,/content/drive/MyDrive/MTG_Instrument_old/dataset/logmel_songs/80/1069080.npy
track_0150965,/content/drive/MyDrive/MTG_Instrument_old/dataset/logmel_songs/65/150965.npy
track_1211484,/content/drive/MyDrive/MTG_Instrument_old/dataset/logmel_songs/84/1211484.npy
track_1320630,/content/drive/MyDrive/MTG_Instrument_old/dataset/logmel_songs/30/1320630.npy
track_1134581,/content/drive/MyDrive/MTG_Instrument_old/dataset/logmel_songs/81/1134581.npy
track_1061374,/content/drive/MyDrive/MTG_Instrument_old/dataset/logmel_songs/74/1061374.npy
track_0005090,/content/drive/MyDrive/MTG_Instrument_old/dataset/logmel_songs/90/5090.npy
track_1379854,/content/drive/MyDrive/MTG_Instrument_old/dataset/logmel_songs/54/1379854.npy
track_1274711,/content/drive/MyDrive/MTG_Instrument_old/dataset/logmel_songs/11/1274711.npy
track_1070598,/content/drive/MyDrive/MTG_Instrument_old/dataset/logmel_songs/98/1070598.npy
track_1397782,/content/drive/MyDrive/MTG_Instrument_old/dataset/logmel_songs/82/1397782.npy
track_1076578,/content/drive/MyDrive/MTG_Instrument_old/dataset/logmel_songs/78/1076578.npy
track_0602715,/content/drive/MyDrive/MTG_Instrument_old/dataset/logmel_songs/15/602715.npy
track_1348664,/content/drive/MyDrive/MTG_Instrument_old/dataset/logmel_songs/64/1348664.npy
track_0873548,/content/drive/MyDrive/MTG_Instrument_old/dataset/logmel_songs/48/873548.npy
track_1369724,/content/drive/MyDrive/MTG_Instrument_old/dataset/logmel_songs/24/1369724.npy
track_1369044,/content/drive/MyDrive/MTG_Instrument_old/dataset/logmel_songs/44/1369044.npy
track_0594265,/content/drive/MyDrive/MTG_Instrument_old/dataset/logmel_songs/65/594265.npy
track_0891599,/content/drive/MyDrive/MTG_Instrument_old/dataset/logmel_songs/99/891599.npy
track_1244951,/content/drive/MyDrive/MTG_Instrument_old/dataset/logmel_songs/51/1244951.npy
track_1041354,/content/drive/MyDrive/MTG_Instrument_old/dataset/logmel_songs/54/1041354.npy
track_0202179,/content/drive/MyDrive/MTG_Instrument_old/dataset/logmel_songs/79/202179.npy
track_0014018,/content/drive/MyDrive/MTG_Instrument_old/dataset/logmel_songs/18/14018.npy
track_1163965,/content/drive/MyDrive/MTG_Instrument_old/dataset/logmel_songs/65/1163965.npy
track_1320015,/content/drive/MyDrive/MTG_Instrument_old/dataset/logmel_songs/15/1320015.npy
track_0941160,/content/drive/MyDrive/MTG_Instrument_old/dataset/logmel_songs/60/941160.npy
track_1320031,/content/drive/MyDrive/MTG_Instrument_old/dataset/logmel_songs/31/1320031.npy
track_1358844,/content/drive/MyDrive/MTG_Instrument_old/dataset/logmel_songs/44/1358844.npy
track_0011756,/content/drive/MyDrive/MTG_Instrument_old/dataset/logmel_songs/56/11756.npy
track_0967566,/content/drive/MyDrive/MTG_Instrument_old/dataset/logmel_songs/66/967566.npy
track_0867662,/content/drive/MyDrive/MTG_Instrument_old/dataset/logmel_songs/62/867662.npy
track_1075186,/content/drive/MyDrive/MTG_Instrument_old/dataset/logmel_songs/86/1075186.npy
track_1088089,/content/drive/MyDrive/MTG_Instrument_old/dataset/logmel_songs/89/1088089.npy
track_1096877,/content/drive/MyDrive/MTG_Instrument_old/dataset/logmel_songs/77/1096877.npy
track_0347852,/content/drive/MyDrive/MTG_Instrument_old/dataset/logmel_songs/52/347852.npy
track_0286107,/content/drive/MyDrive/MTG_Instrument_old/dataset/logmel_songs/07/286107.npy
track_1078446,/content/drive/MyDrive/MTG_Instrument_old/dataset/logmel_songs/46/1078446.npy
track_0579646,/content/drive/MyDrive/MTG_Instrument_old/dataset/logmel_songs/46/579646.npy
track_1235361,/content/drive/MyDrive/MTG_Instrument_old/dataset/logmel_songs/61/1235361.npy
track_1227372,/content/drive/MyDrive/MTG_Instrument_old/dataset/logmel_songs/72/1227372.npy
track_1141670,/content/drive/MyDrive/MTG_Instrument_old/dataset/logmel_songs/70/1141670.npy
track_1274153,/content/drive/MyDrive/MTG_Instrument_old/dataset/logmel_songs/53/1274153.npy
track_1168169,/content/drive/MyDrive/MTG_Instrument_old/dataset/logmel_songs/69/1168169.npy
track_0080764,/content/drive/MyDrive/MTG_Instrument_old/dataset/logmel_songs/64/80764.npy
track_1192421,/content/drive/MyDrive/MTG_Instrument_old/dataset/logmel_songs/21/1192421.npy
track_1249927,/content/drive/MyDrive/MTG_Instrument_old/dataset/logmel_songs/27/1249927.npy
track_0264446,/content/drive/MyDrive/MTG_Instrument_old/dataset/logmel_songs/46/264446.npy
track_0711262,/content/drive/MyDrive/MTG_Instrument_old/dataset/logmel_songs/62/711262.npy
track_0811658,/content/drive/MyDrive/MTG_Instrument_old/dataset/logmel_songs/58/811658.npy
track_1171725,/content/drive/MyDrive/MTG_Instrument_old/dataset/logmel_songs/25/1171725.npy
track_1397150,/content/drive/MyDrive/MTG_Instrument_old/dataset/logmel_songs/50/1397150.npy
track_1146533,/content/drive/MyDrive/MTG_Instrument_old/dataset/logmel_songs/33/1146533.npy
track_1206165,/content/drive/MyDrive/MTG_Instrument_old/dataset/logmel_songs/65/1206165.npy
track_0659888,/content/drive/MyDrive/MTG_Instrument_old/dataset/logmel_songs/88/659888.npy
track_1221848,/content/drive/MyDrive/MTG_Instrument_old/dataset/logmel_songs/48/1221848.npy
track_0704685,/content/drive/MyDrive/MTG_Instrument_old/dataset/logmel_songs/85/704685.npy
track_1165743,/content/drive/MyDrive/MTG_Instrument_old/dataset/logmel_songs/43/1165743.npy
track_0571488,/content/drive/MyDrive/MTG_Instrument_old/dataset/logmel_songs/88/571488.npy
track_1112009,/content/drive/MyDrive/MTG_Instrument_old/dataset/logmel_songs/09/1112009.npy
track_1054257,/content/drive/MyDrive/MTG_Instrument_old/dataset/logmel_songs/57/1054257.npy
track_1244950,/content/drive/MyDrive/MTG_Instrument_old/dataset/logmel_songs/50/1244950.npy
track_0146587,/content/drive/MyDrive/MTG_Instrument_old/dataset/logmel_songs/87/146587.npy
track_0606114,/content/drive/MyDrive/MTG_Instrument_old/dataset/logmel_songs/14/606114.npy
track_1046568,/content/drive/MyDrive/MTG_Instrument_old/dataset/logmel_songs/68/1046568.npy
track_0202177,/content/drive/MyDrive/MTG_Instrument_old/dataset/logmel_songs/77/202177.npy
track_1367655,/content/drive/MyDrive/MTG_Instrument_old/dataset/logmel_songs/55/1367655.npy
track_0786778,/content/drive/MyDrive/MTG_Instrument_old/dataset/logmel_songs/78/786778.npy
track_1374946,/content/drive/MyDrive/MTG_Instrument_old/dataset/logmel_songs/46/1374946.npy
track_0647525,/content/drive/MyDrive/MTG_Instrument_old/dataset/logmel_songs/25/647525.npy
track_0352930,/content/drive/MyDrive/MTG_Instrument_old/dataset/logmel_songs/30/352930.npy
track_1380601,/content/drive/MyDrive/MTG_Instrument_old/dataset/logmel_songs/01/1380601.npy
track_1207616,/content/drive/MyDrive/MTG_Instrument_old/dataset/logmel_songs/16/1207616.npy
track_0565799,/content/drive/MyDrive/MTG_Instrument_old/dataset/logmel_songs/99/565799.npy
track_1109897,/content/drive/MyDrive/MTG_Instrument_old/dataset/logmel_songs/97/1109897.npy
track_0417576,/content/drive/MyDrive/MTG_Instrument_old/dataset/logmel_songs/76/417576.npy
track_1124871,/content/drive/MyDrive/MTG_Instrument_old/dataset/logmel_songs/71/1124871.npy
track_0918875,/content/drive/MyDrive/MTG_Instrument_old/dataset/logmel_songs/75/918875.npy
track_0976792,/content/drive/MyDrive/MTG_Instrument_old/dataset/logmel_songs/92/976792.npy
track_0149489,/content/drive/MyDrive/MTG_Instrument_old/dataset/logmel_songs/89/149489.npy
track_0318670,/content/drive/MyDrive/MTG_Instrument_old/dataset/logmel_songs/70/318670.npy
track_1158020,/content/drive/MyDrive/MTG_Instrument_old/dataset/logmel_songs/20/1158020.npy
track_1230632,/content/drive/MyDrive/MTG_Instrument_old/dataset/logmel_songs/32/1230632.npy
track_1206777,/content/drive/MyDrive/MTG_Instrument_old/dataset/logmel_songs/77/1206777.npy
track_0962583,/content/drive/MyDrive/MTG_Instrument_old/dataset/logmel_songs/83/962583.npy
track_0521030,/content/drive/MyDrive/MTG_Instrument_old/dataset/logmel_songs/30/521030.npy
track_1158503,/content/drive/MyDrive/MTG_Instrument_old/dataset/logmel_songs/03/1158503.npy
track_0585147,/content/drive/MyDrive/MTG_Instrument_old/dataset/logmel_songs/47/585147.npy
track_1407885,/content/drive/MyDrive/MTG_Instrument_old/dataset/logmel_songs/85/1407885.npy
track_0150944,/content/drive/MyDrive/MTG_Instrument_old/dataset/logmel_songs/44/150944.npy
track_1114714,/content/drive/MyDrive/MTG_Instrument_old/dataset/logmel_songs/14/1114714.npy
track_1396930,/content/drive/MyDrive/MTG_Instrument_old/dataset/logmel_songs/30/1396930.npy
track_0950797,/content/drive/MyDrive/MTG_Instrument_old/dataset/logmel_songs/97/950797.npy
track_0243734,/content/drive/MyDrive/MTG_Instrument_old/dataset/logmel_songs/34/243734.npy
track_1130995,/content/drive/MyDrive/MTG_Instrument_old/dataset/logmel_songs/95/1130995.npy
track_0855408,/content/drive/MyDrive/MTG_Instrument_old/dataset/logmel_songs/08/855408.npy
track_1170408,/content/drive/MyDrive/MTG_Instrument_old/dataset/logmel_songs/08/1170408.npy
track_1379191,/content/drive/MyDrive/MTG_Instrument_old/dataset/logmel_songs/91/1379191.npy
track_0957458,/content/drive/MyDrive/MTG_Instrument_old/dataset/logmel_songs/58/957458.npy
track_1275145,/content/drive/MyDrive/MTG_Instrument_old/dataset/logmel_songs/45/1275145.npy
track_1062887,/content/drive/MyDrive/MTG_Instrument_old/dataset/logmel_songs/87/1062887.npy
track_0236416,/content/drive/MyDrive/MTG_Instrument_old/dataset/logmel_songs/16/236416.npy
track_1253431,/content/drive/MyDrive/MTG_Instrument_old/dataset/logmel_songs/31/1253431.npy
track_1227103,/content/drive/MyDrive/MTG_Instrument_old/dataset/logmel_songs/03/1227103.npy
track_0918917,/content/drive/MyDrive/MTG_Instrument_old/dataset/logmel_songs/17/918917.npy
track_1154733,/content/drive/MyDrive/MTG_Instrument_old/dataset/logmel_songs/33/1154733.npy
track_0802282,/content/drive/MyDrive/MTG_Instrument_old/dataset/logmel_songs/82/802282.npy
track_1133483,/content/drive/MyDrive/MTG_Instrument_old/dataset/logmel_songs/83/1133483.npy
track_1225866,/content/drive/MyDrive/MTG_Instrument_old/dataset/logmel_songs/66/1225866.npy
track_1265324,/content/drive/MyDrive/MTG_Instrument_old/dataset/logmel_songs/24/1265324.npy
track_1167696,/content/drive/MyDrive/MTG_Instrument_old/dataset/logmel_songs/96/1167696.npy
track_1231035,/content/drive/MyDrive/MTG_Instrument_old/dataset/logmel_songs/35/1231035.npy
track_1289085,/content/drive/MyDrive/MTG_Instrument_old/dataset/logmel_songs/85/1289085.npy
track_0117549,/content/drive/MyDrive/MTG_Instrument_old/dataset/logmel_songs/49/117549.npy
track_1115916,/content/drive/MyDrive/MTG_Instrument_old/dataset/logmel_songs/16/1115916.npy
track_1248270,/content/drive/MyDrive/MTG_Instrument_old/dataset/logmel_songs/70/1248270.npy
track_1009673,/content/drive/MyDrive/MTG_Instrument_old/dataset/logmel_songs/73/1009673.npy
track_1339670,/content/drive/MyDrive/MTG_Instrument_old/dataset/logmel_songs/70/1339670.npy
track_1189963,/content/drive/MyDrive/MTG_Instrument_old/dataset/logmel_songs/63/1189963.npy
track_1309358,/content/drive/MyDrive/MTG_Instrument_old/dataset/logmel_songs/58/1309358.npy
track_1329188,/content/drive/MyDrive/MTG_Instrument_old/dataset/logmel_songs/88/1329188.npy
track_1167079,/content/drive/MyDrive/MTG_Instrument_old/dataset/logmel_songs/79/1167079.npy
track_1203425,/content/drive/MyDrive/MTG_Instrument_old/dataset/logmel_songs/25/1203425.npy
track_1324674,/content/drive/MyDrive/MTG_Instrument_old/dataset/logmel_songs/74/1324674.npy
track_1322172,/content/drive/MyDrive/MTG_Instrument_old/dataset/logmel_songs/72/1322172.npy
track_1109859,/content/drive/MyDrive/MTG_Instrument_old/dataset/logmel_songs/59/1109859.npy
track_1199048,/content/drive/MyDrive/MTG_Instrument_old/dataset/logmel_songs/48/1199048.npy
track_0417581,/content/drive/MyDrive/MTG_Instrument_old/dataset/logmel_songs/81/417581.npy
track_1159743,/content/drive/MyDrive/MTG_Instrument_old/dataset/logmel_songs/43/1159743.npy
track_0383589,/content/drive/MyDrive/MTG_Instrument_old/dataset/logmel_songs/89/383589.npy
track_1070645,/content/drive/MyDrive/MTG_Instrument_old/dataset/logmel_songs/45/1070645.npy
track_1092180,/content/drive/MyDrive/MTG_Instrument_old/dataset/logmel_songs/80/1092180.npy
track_0941957,/content/drive/MyDrive/MTG_Instrument_old/dataset/logmel_songs/57/941957.npy
track_1057411,/content/drive/MyDrive/MTG_Instrument_old/dataset/logmel_songs/11/1057411.npy
track_0459184,/content/drive/MyDrive/MTG_Instrument_old/dataset/logmel_songs/84/459184.npy
track_0675853,/content/drive/MyDrive/MTG_Instrument_old/dataset/logmel_songs/53/675853.npy
track_1379486,/content/drive/MyDrive/MTG_Instrument_old/dataset/logmel_songs/86/1379486.npy
track_1096796,/content/drive/MyDrive/MTG_Instrument_old/dataset/logmel_songs/96/1096796.npy
track_1302604,/content/drive/MyDrive/MTG_Instrument_old/dataset/logmel_songs/04/1302604.npy
track_0210606,/content/drive/MyDrive/MTG_Instrument_old/dataset/logmel_songs/06/210606.npy
track_1125575,/content/drive/MyDrive/MTG_Instrument_old/dataset/logmel_songs/75/1125575.npy
track_1083409,/content/drive/MyDrive/MTG_Instrument_old/dataset/logmel_songs/09/1083409.npy
track_1155992,/content/drive/MyDrive/MTG_Instrument_old/dataset/logmel_songs/92/1155992.npy
track_0022550,/content/drive/MyDrive/MTG_Instrument_old/dataset/logmel_songs/50/22550.npy
track_0986869,/content/drive/MyDrive/MTG_Instrument_old/dataset/logmel_songs/69/986869.npy
track_0553090,/content/drive/MyDrive/MTG_Instrument_old/dataset/logmel_songs/90/553090.npy
track_0890978,/content/drive/MyDrive/MTG_Instrument_old/dataset/logmel_songs/78/890978.npy
track_1149535,/content/drive/MyDrive/MTG_Instrument_old/dataset/logmel_songs/35/1149535.npy
track_1106379,/content/drive/MyDrive/MTG_Instrument_old/dataset/logmel_songs/79/1106379.npy
track_1148776,/content/drive/MyDrive/MTG_Instrument_old/dataset/logmel_songs/76/1148776.npy
track_1272786,/content/drive/MyDrive/MTG_Instrument_old/dataset/logmel_songs/86/1272786.npy
track_1100508,/content/drive/MyDrive/MTG_Instrument_old/dataset/logmel_songs/08/1100508.npy
track_0113857,/content/drive/MyDrive/MTG_Instrument_old/dataset/logmel_songs/57/113857.npy
track_1279781,/content/drive/MyDrive/MTG_Instrument_old/dataset/logmel_songs/81/1279781.npy
track_1372870,/content/drive/MyDrive/MTG_Instrument_old/dataset/logmel_songs/70/1372870.npy
track_0675841,/content/drive/MyDrive/MTG_Instrument_old/dataset/logmel_songs/41/675841.npy
track_1165474,/content/drive/MyDrive/MTG_Instrument_old/dataset/logmel_songs/74/1165474.npy
track_1162017,/content/drive/MyDrive/MTG_Instrument_old/dataset/logmel_songs/17/1162017.npy
track_0947022,/content/drive/MyDrive/MTG_Instrument_old/dataset/logmel_songs/22/947022.npy
track_0949032,/content/drive/MyDrive/MTG_Instrument_old/dataset/logmel_songs/32/949032.npy
track_1082918,/content/drive/MyDrive/MTG_Instrument_old/dataset/logmel_songs/18/1082918.npy
track_0957931,/content/drive/MyDrive/MTG_Instrument_old/dataset/logmel_songs/31/957931.npy
track_1137259,/content/drive/MyDrive/MTG_Instrument_old/dataset/logmel_songs/59/1137259.npy
track_1174465,/content/drive/MyDrive/MTG_Instrument_old/dataset/logmel_songs/65/1174465.npy
track_1265323,/content/drive/MyDrive/MTG_Instrument_old/dataset/logmel_songs/23/1265323.npy
track_1419783,/content/drive/MyDrive/MTG_Instrument_old/dataset/logmel_songs/83/1419783.npy
track_0139624,/content/drive/MyDrive/MTG_Instrument_old/dataset/logmel_songs/24/139624.npy
track_0638279,/content/drive/MyDrive/MTG_Instrument_old/dataset/logmel_songs/79/638279.npy
track_1355018,/content/drive/MyDrive/MTG_Instrument_old/dataset/logmel_songs/18/1355018.npy
track_1373035,/content/drive/MyDrive/MTG_Instrument_old/dataset/logmel_songs/35/1373035.npy
track_1138684,/content/drive/MyDrive/MTG_Instrument_old/dataset/logmel_songs/84/1138684.npy
track_1084676,/content/drive/MyDrive/MTG_Instrument_old/dataset/logmel_songs/76/1084676.npy
track_1375206,/content/drive/MyDrive/MTG_Instrument_old/dataset/logmel_songs/06/1375206.npy
track_1054122,/content/drive/MyDrive/MTG_Instrument_old/dataset/logmel_songs/22/1054122.npy
track_0741682,/content/drive/MyDrive/MTG_Instrument_old/dataset/logmel_songs/82/741682.npy
track_0359658,/content/drive/MyDrive/MTG_Instrument_old/dataset/logmel_songs/58/359658.npy
track_1236870,/content/drive/MyDrive/MTG_Instrument_old/dataset/logmel_songs/70/1236870.npy
track_1329475,/content/drive/MyDrive/MTG_Instrument_old/dataset/logmel_songs/75/1329475.npy
track_0114773,/content/drive/MyDrive/MTG_Instrument_old/dataset/logmel_songs/73/114773.npy
track_1208346,/content/drive/MyDrive/MTG_Instrument_old/dataset/logmel_songs/46/1208346.npy
track_1076568,/content/drive/MyDrive/MTG_Instrument_old/dataset/logmel_songs/68/1076568.npy
track_0147713,/content/drive/MyDrive/MTG_Instrument_old/dataset/logmel_songs/13/147713.npy
track_0395473,/content/drive/MyDrive/MTG_Instrument_old/dataset/logmel_songs/73/395473.npy
track_0347841,/content/drive/MyDrive/MTG_Instrument_old/dataset/logmel_songs/41/347841.npy
track_1050084,/content/drive/MyDrive/MTG_Instrument_old/dataset/logmel_songs/84/1050084.npy
track_0345143,/content/drive/MyDrive/MTG_Instrument_old/dataset/logmel_songs/43/345143.npy
track_0510377,/content/drive/MyDrive/MTG_Instrument_old/dataset/logmel_songs/77/510377.npy
track_0026233,/content/drive/MyDrive/MTG_Instrument_old/dataset/logmel_songs/33/26233.npy
track_0976814,/content/drive/MyDrive/MTG_Instrument_old/dataset/logmel_songs/14/976814.npy
track_1061369,/content/drive/MyDrive/MTG_Instrument_old/dataset/logmel_songs/69/1061369.npy
track_1261463,/content/drive/MyDrive/MTG_Instrument_old/dataset/logmel_songs/63/1261463.npy
track_1164478,/content/drive/MyDrive/MTG_Instrument_old/dataset/logmel_songs/78/1164478.npy
track_1401344,/content/drive/MyDrive/MTG_Instrument_old/dataset/logmel_songs/44/1401344.npy
track_0890485,/content/drive/MyDrive/MTG_Instrument_old/dataset/logmel_songs/85/890485.npy
track_1156975,/content/drive/MyDrive/MTG_Instrument_old/dataset/logmel_songs/75/1156975.npy
track_1075212,/content/drive/MyDrive/MTG_Instrument_old/dataset/logmel_songs/12/1075212.npy
track_1381589,/content/drive/MyDrive/MTG_Instrument_old/dataset/logmel_songs/89/1381589.npy
track_0297689,/content/drive/MyDrive/MTG_Instrument_old/dataset/logmel_songs/89/297689.npy
track_1060322,/content/drive/MyDrive/MTG_Instrument_old/dataset/logmel_songs/22/1060322.npy
track_0575226,/content/drive/MyDrive/MTG_Instrument_old/dataset/logmel_songs/26/575226.npy
track_1061367,/content/drive/MyDrive/MTG_Instrument_old/dataset/logmel_songs/67/1061367.npy
track_1221525,/content/drive/MyDrive/MTG_Instrument_old/dataset/logmel_songs/25/1221525.npy
track_1265912,/content/drive/MyDrive/MTG_Instrument_old/dataset/logmel_songs/12/1265912.npy
track_1131558,/content/drive/MyDrive/MTG_Instrument_old/dataset/logmel_songs/58/1131558.npy
track_1326533,/content/drive/MyDrive/MTG_Instrument_old/dataset/logmel_songs/33/1326533.npy
track_0936357,/content/drive/MyDrive/MTG_Instrument_old/dataset/logmel_songs/57/936357.npy
track_1164987,/content/drive/MyDrive/MTG_Instrument_old/dataset/logmel_songs/87/1164987.npy
track_0083425,/content/drive/MyDrive/MTG_Instrument_old/dataset/logmel_songs/25/83425.npy
track_1163316,/content/drive/MyDrive/MTG_Instrument_old/dataset/logmel_songs/16/1163316.npy
track_0934046,/content/drive/MyDrive/MTG_Instrument_old/dataset/logmel_songs/46/934046.npy
track_1076581,/content/drive/MyDrive/MTG_Instrument_old/dataset/logmel_songs/81/1076581.npy
track_0242640,/content/drive/MyDrive/MTG_Instrument_old/dataset/logmel_songs/40/242640.npy
track_1129382,/content/drive/MyDrive/MTG_Instrument_old/dataset/logmel_songs/82/1129382.npy
track_0259683,/content/drive/MyDrive/MTG_Instrument_old/dataset/logmel_songs/83/259683.npy
track_0057860,/content/drive/MyDrive/MTG_Instrument_old/dataset/logmel_songs/60/57860.npy
track_1071502,/content/drive/MyDrive/MTG_Instrument_old/dataset/logmel_songs/02/1071502.npy
track_0048721,/content/drive/MyDrive/MTG_Instrument_old/dataset/logmel_songs/21/48721.npy
track_0618451,/content/drive/MyDrive/MTG_Instrument_old/dataset/logmel_songs/51/618451.npy
track_1156039,/content/drive/MyDrive/MTG_Instrument_old/dataset/logmel_songs/39/1156039.npy
track_1227375,/content/drive/MyDrive/MTG_Instrument_old/dataset/logmel_songs/75/1227375.npy
track_1133344,/content/drive/MyDrive/MTG_Instrument_old/dataset/logmel_songs/44/1133344.npy
track_1248604,/content/drive/MyDrive/MTG_Instrument_old/dataset/logmel_songs/04/1248604.npy
track_0209149,/content/drive/MyDrive/MTG_Instrument_old/dataset/logmel_songs/49/209149.npy
track_0321554,/content/drive/MyDrive/MTG_Instrument_old/dataset/logmel_songs/54/321554.npy
track_0996963,/content/drive/MyDrive/MTG_Instrument_old/dataset/logmel_songs/63/996963.npy
track_1095730,/content/drive/MyDrive/MTG_Instrument_old/dataset/logmel_songs/30/1095730.npy
track_0347557,/content/drive/MyDrive/MTG_Instrument_old/dataset/logmel_songs/57/347557.npy
track_1222852,/content/drive/MyDrive/MTG_Instrument_old/dataset/logmel_songs/52/1222852.npy
track_1100053,/content/drive/MyDrive/MTG_Instrument_old/dataset/logmel_songs/53/1100053.npy
track_1225735,/content/drive/MyDrive/MTG_Instrument_old/dataset/logmel_songs/35/1225735.npy
track_1364933,/content/drive/MyDrive/MTG_Instrument_old/dataset/logmel_songs/33/1364933.npy
track_1075215,/content/drive/MyDrive/MTG_Instrument_old/dataset/logmel_songs/15/1075215.npy
track_0893402,/content/drive/MyDrive/MTG_Instrument_old/dataset/logmel_songs/02/893402.npy
track_0046538,/content/drive/MyDrive/MTG_Instrument_old/dataset/logmel_songs/38/46538.npy
track_1189956,/content/drive/MyDrive/MTG_Instrument_old/dataset/logmel_songs/56/1189956.npy
track_0259834,/content/drive/MyDrive/MTG_Instrument_old/dataset/logmel_songs/34/259834.npy
track_1168546,/content/drive/MyDrive/MTG_Instrument_old/dataset/logmel_songs/46/1168546.npy
track_1165529,/content/drive/MyDrive/MTG_Instrument_old/dataset/logmel_songs/29/1165529.npy
track_0151020,/content/drive/MyDrive/MTG_Instrument_old/dataset/logmel_songs/20/151020.npy
track_1056125,/content/drive/MyDrive/MTG_Instrument_old/dataset/logmel_songs/25/1056125.npy
track_1126695,/content/drive/MyDrive/MTG_Instrument_old/dataset/logmel_songs/95/1126695.npy
track_1235165,/content/drive/MyDrive/MTG_Instrument_old/dataset/logmel_songs/65/1235165.npy
track_1335980,/content/drive/MyDrive/MTG_Instrument_old/dataset/logmel_songs/80/1335980.npy
track_1221262,/content/drive/MyDrive/MTG_Instrument_old/dataset/logmel_songs/62/1221262.npy
track_0571487,/content/drive/MyDrive/MTG_Instrument_old/dataset/logmel_songs/87/571487.npy
track_1216209,/content/drive/MyDrive/MTG_Instrument_old/dataset/logmel_songs/09/1216209.npy
track_0873819,/content/drive/MyDrive/MTG_Instrument_old/dataset/logmel_songs/19/873819.npy
track_1089822,/content/drive/MyDrive/MTG_Instrument_old/dataset/logmel_songs/22/1089822.npy
track_1018532,/content/drive/MyDrive/MTG_Instrument_old/dataset/logmel_songs/32/1018532.npy
track_1320634,/content/drive/MyDrive/MTG_Instrument_old/dataset/logmel_songs/34/1320634.npy
track_1106462,/content/drive/MyDrive/MTG_Instrument_old/dataset/logmel_songs/62/1106462.npy
track_1277910,/content/drive/MyDrive/MTG_Instrument_old/dataset/logmel_songs/10/1277910.npy
track_0133515,/content/drive/MyDrive/MTG_Instrument_old/dataset/logmel_songs/15/133515.npy
track_1330384,/content/drive/MyDrive/MTG_Instrument_old/dataset/logmel_songs/84/1330384.npy
track_1133285,/content/drive/MyDrive/MTG_Instrument_old/dataset/logmel_songs/85/1133285.npy
track_1105057,/content/drive/MyDrive/MTG_Instrument_old/dataset/logmel_songs/57/1105057.npy
track_0950015,/content/drive/MyDrive/MTG_Instrument_old/dataset/logmel_songs/15/950015.npy
track_1154903,/content/drive/MyDrive/MTG_Instrument_old/dataset/logmel_songs/03/1154903.npy
track_1087539,/content/drive/MyDrive/MTG_Instrument_old/dataset/logmel_songs/39/1087539.npy
track_1289131,/content/drive/MyDrive/MTG_Instrument_old/dataset/logmel_songs/31/1289131.npy
track_1319994,/content/drive/MyDrive/MTG_Instrument_old/dataset/logmel_songs/94/1319994.npy
track_1326473,/content/drive/MyDrive/MTG_Instrument_old/dataset/logmel_songs/73/1326473.npy
track_1192553,/content/drive/MyDrive/MTG_Instrument_old/dataset/logmel_songs/53/1192553.npy
track_1132971,/content/drive/MyDrive/MTG_Instrument_old/dataset/logmel_songs/71/1132971.npy
track_1101382,/content/drive/MyDrive/MTG_Instrument_old/dataset/logmel_songs/82/1101382.npy
track_1331835,/content/drive/MyDrive/MTG_Instrument_old/dataset/logmel_songs/35/1331835.npy
track_0719848,/content/drive/MyDrive/MTG_Instrument_old/dataset/logmel_songs/48/719848.npy
track_1264979,/content/drive/MyDrive/MTG_Instrument_old/dataset/logmel_songs/79/1264979.npy
track_1102229,/content/drive/MyDrive/MTG_Instrument_old/dataset/logmel_songs/29/1102229.npy
track_1163964,/content/drive/MyDrive/MTG_Instrument_old/dataset/logmel_songs/64/1163964.npy
track_0943391,/content/drive/MyDrive/MTG_Instrument_old/dataset/logmel_songs/91/943391.npy
track_0356423,/content/drive/MyDrive/MTG_Instrument_old/dataset/logmel_songs/23/356423.npy
track_1295767,/content/drive/MyDrive/MTG_Instrument_old/dataset/logmel_songs/67/1295767.npy
track_1160055,/content/drive/MyDrive/MTG_Instrument_old/dataset/logmel_songs/55/1160055.npy
track_1057804,/content/drive/MyDrive/MTG_Instrument_old/dataset/logmel_songs/04/1057804.npy
track_1351135,/content/drive/MyDrive/MTG_Instrument_old/dataset/logmel_songs/35/1351135.npy
track_1248263,/content/drive/MyDrive/MTG_Instrument_old/dataset/logmel_songs/63/1248263.npy
track_0363853,/content/drive/MyDrive/MTG_Instrument_old/dataset/logmel_songs/53/363853.npy
track_0698666,/content/drive/MyDrive/MTG_Instrument_old/dataset/logmel_songs/66/698666.npy
track_1163205,/content/drive/MyDrive/MTG_Instrument_old/dataset/logmel_songs/05/1163205.npy
track_1206771,/content/drive/MyDrive/MTG_Instrument_old/dataset/logmel_songs/71/1206771.npy
track_1039569,/content/drive/MyDrive/MTG_Instrument_old/dataset/logmel_songs/69/1039569.npy
track_1320000,/content/drive/MyDrive/MTG_Instrument_old/dataset/logmel_songs/00/1320000.npy
track_0783503,/content/drive/MyDrive/MTG_Instrument_old/dataset/logmel_songs/03/783503.npy
track_1201676,/content/drive/MyDrive/MTG_Instrument_old/dataset/logmel_songs/76/1201676.npy
track_1270581,/content/drive/MyDrive/MTG_Instrument_old/dataset/logmel_songs/81/1270581.npy
track_0356931,/content/drive/MyDrive/MTG_Instrument_old/dataset/logmel_songs/31/356931.npy
track_1129452,/content/drive/MyDrive/MTG_Instrument_old/dataset/logmel_songs/52/1129452.npy
track_0644846,/content/drive/MyDrive/MTG_Instrument_old/dataset/logmel_songs/46/644846.npy
track_0914773,/content/drive/MyDrive/MTG_Instrument_old/dataset/logmel_songs/73/914773.npy
track_1348160,/content/drive/MyDrive/MTG_Instrument_old/dataset/logmel_songs/60/1348160.npy
track_1169939,/content/drive/MyDrive/MTG_Instrument_old/dataset/logmel_songs/39/1169939.npy
track_1189648,/content/drive/MyDrive/MTG_Instrument_old/dataset/logmel_songs/48/1189648.npy
track_0383578,/content/drive/MyDrive/MTG_Instrument_old/dataset/logmel_songs/78/383578.npy
track_1248613,/content/drive/MyDrive/MTG_Instrument_old/dataset/logmel_songs/13/1248613.npy
track_1173259,/content/drive/MyDrive/MTG_Instrument_old/dataset/logmel_songs/59/1173259.npy
track_1089165,/content/drive/MyDrive/MTG_Instrument_old/dataset/logmel_songs/65/1089165.npy
track_1125673,/content/drive/MyDrive/MTG_Instrument_old/dataset/logmel_songs/73/1125673.npy
track_1079317,/content/drive/MyDrive/MTG_Instrument_old/dataset/logmel_songs/17/1079317.npy
track_1057728,/content/drive/MyDrive/MTG_Instrument_old/dataset/logmel_songs/28/1057728.npy
track_0205089,/content/drive/MyDrive/MTG_Instrument_old/dataset/logmel_songs/89/205089.npy
track_1398421,/content/drive/MyDrive/MTG_Instrument_old/dataset/logmel_songs/21/1398421.npy
track_0038756,/content/drive/MyDrive/MTG_Instrument_old/dataset/logmel_songs/56/38756.npy
track_1085618,/content/drive/MyDrive/MTG_Instrument_old/dataset/logmel_songs/18/1085618.npy
track_0326493,/content/drive/MyDrive/MTG_Instrument_old/dataset/logmel_songs/93/326493.npy
track_1052677,/content/drive/MyDrive/MTG_Instrument_old/dataset/logmel_songs/77/1052677.npy
track_1097025,/content/drive/MyDrive/MTG_Instrument_old/dataset/logmel_songs/25/1097025.npy
track_1210707,/content/drive/MyDrive/MTG_Instrument_old/dataset/logmel_songs/07/1210707.npy
track_0080822,/content/drive/MyDrive/MTG_Instrument_old/dataset/logmel_songs/22/80822.npy
track_1053491,/content/drive/MyDrive/MTG_Instrument_old/dataset/logmel_songs/91/1053491.npy
track_0847339,/content/drive/MyDrive/MTG_Instrument_old/dataset/logmel_songs/39/847339.npy
track_0080758,/content/drive/MyDrive/MTG_Instrument_old/dataset/logmel_songs/58/80758.npy
track_1330504,/content/drive/MyDrive/MTG_Instrument_old/dataset/logmel_songs/04/1330504.npy
track_1330298,/content/drive/MyDrive/MTG_Instrument_old/dataset/logmel_songs/98/1330298.npy
track_1101582,/content/drive/MyDrive/MTG_Instrument_old/dataset/logmel_songs/82/1101582.npy
track_0819163,/content/drive/MyDrive/MTG_Instrument_old/dataset/logmel_songs/63/819163.npy
track_1156028,/content/drive/MyDrive/MTG_Instrument_old/dataset/logmel_songs/28/1156028.npy
track_0571479,/content/drive/MyDrive/MTG_Instrument_old/dataset/logmel_songs/79/571479.npy
track_0151087,/content/drive/MyDrive/MTG_Instrument_old/dataset/logmel_songs/87/151087.npy
track_1331789,/content/drive/MyDrive/MTG_Instrument_old/dataset/logmel_songs/89/1331789.npy
track_1389037,/content/drive/MyDrive/MTG_Instrument_old/dataset/logmel_songs/37/1389037.npy
track_1185320,/content/drive/MyDrive/MTG_Instrument_old/dataset/logmel_songs/20/1185320.npy
track_0084125,/content/drive/MyDrive/MTG_Instrument_old/dataset/logmel_songs/25/84125.npy
track_1066197,/content/drive/MyDrive/MTG_Instrument_old/dataset/logmel_songs/97/1066197.npy
track_1352970,/content/drive/MyDrive/MTG_Instrument_old/dataset/logmel_songs/70/1352970.npy
track_0802175,/content/drive/MyDrive/MTG_Instrument_old/dataset/logmel_songs/75/802175.npy
track_1153115,/content/drive/MyDrive/MTG_Instrument_old/dataset/logmel_songs/15/1153115.npy
track_0943385,/content/drive/MyDrive/MTG_Instrument_old/dataset/logmel_songs/85/943385.npy
track_1380660,/content/drive/MyDrive/MTG_Instrument_old/dataset/logmel_songs/60/1380660.npy
track_1115536,/content/drive/MyDrive/MTG_Instrument_old/dataset/logmel_songs/36/1115536.npy
track_1157595,/content/drive/MyDrive/MTG_Instrument_old/dataset/logmel_songs/95/1157595.npy
track_1039114,/content/drive/MyDrive/MTG_Instrument_old/dataset/logmel_songs/14/1039114.npy
track_0647536,/content/drive/MyDrive/MTG_Instrument_old/dataset/logmel_songs/36/647536.npy
track_1127561,/content/drive/MyDrive/MTG_Instrument_old/dataset/logmel_songs/61/1127561.npy
track_0936441,/content/drive/MyDrive/MTG_Instrument_old/dataset/logmel_songs/41/936441.npy
track_1209642,/content/drive/MyDrive/MTG_Instrument_old/dataset/logmel_songs/42/1209642.npy
track_1105663,/content/drive/MyDrive/MTG_Instrument_old/dataset/logmel_songs/63/1105663.npy
track_1234356,/content/drive/MyDrive/MTG_Instrument_old/dataset/logmel_songs/56/1234356.npy
track_1084817,/content/drive/MyDrive/MTG_Instrument_old/dataset/logmel_songs/17/1084817.npy
track_0693471,/content/drive/MyDrive/MTG_Instrument_old/dataset/logmel_songs/71/693471.npy
track_1126031,/content/drive/MyDrive/MTG_Instrument_old/dataset/logmel_songs/31/1126031.npy
track_0026224,/content/drive/MyDrive/MTG_Instrument_old/dataset/logmel_songs/24/26224.npy
track_1234245,/content/drive/MyDrive/MTG_Instrument_old/dataset/logmel_songs/45/1234245.npy
track_0088557,/content/drive/MyDrive/MTG_Instrument_old/dataset/logmel_songs/57/88557.npy
track_0659901,/content/drive/MyDrive/MTG_Instrument_old/dataset/logmel_songs/01/659901.npy
track_1269095,/content/drive/MyDrive/MTG_Instrument_old/dataset/logmel_songs/95/1269095.npy
track_1119023,/content/drive/MyDrive/MTG_Instrument_old/dataset/logmel_songs/23/1119023.npy
track_1030102,/content/drive/MyDrive/MTG_Instrument_old/dataset/logmel_songs/02/1030102.npy
track_0353494,/content/drive/MyDrive/MTG_Instrument_old/dataset/logmel_songs/94/353494.npy
track_1340367,/content/drive/MyDrive/MTG_Instrument_old/dataset/logmel_songs/67/1340367.npy
track_1353362,/content/drive/MyDrive/MTG_Instrument_old/dataset/logmel_songs/62/1353362.npy
track_1054098,/content/drive/MyDrive/MTG_Instrument_old/dataset/logmel_songs/98/1054098.npy
track_1137411,/content/drive/MyDrive/MTG_Instrument_old/dataset/logmel_songs/11/1137411.npy
track_0780391,/content/drive/MyDrive/MTG_Instrument_old/dataset/logmel_songs/91/780391.npy
track_0461016,/content/drive/MyDrive/MTG_Instrument_old/dataset/logmel_songs/16/461016.npy
track_1121433,/content/drive/MyDrive/MTG_Instrument_old/dataset/logmel_songs/33/1121433.npy
track_0888494,/content/drive/MyDrive/MTG_Instrument_old/dataset/logmel_songs/94/888494.npy
track_0150767,/content/drive/MyDrive/MTG_Instrument_old/dataset/logmel_songs/67/150767.npy
track_1162744,/content/drive/MyDrive/MTG_Instrument_old/dataset/logmel_songs/44/1162744.npy
track_1265309,/content/drive/MyDrive/MTG_Instrument_old/dataset/logmel_songs/09/1265309.npy
track_1135390,/content/drive/MyDrive/MTG_Instrument_old/dataset/logmel_songs/90/1135390.npy
track_1321064,/content/drive/MyDrive/MTG_Instrument_old/dataset/logmel_songs/64/1321064.npy
track_1098671,/content/drive/MyDrive/MTG_Instrument_old/dataset/logmel_songs/71/1098671.npy
track_1109869,/content/drive/MyDrive/MTG_Instrument_old/dataset/logmel_songs/69/1109869.npy
track_1038159,/content/drive/MyDrive/MTG_Instrument_old/dataset/logmel_songs/59/1038159.npy
track_1069825,/content/drive/MyDrive/MTG_Instrument_old/dataset/logmel_songs/25/1069825.npy
track_1288562,/content/drive/MyDrive/MTG_Instrument_old/dataset/logmel_songs/62/1288562.npy
track_0019202,/content/drive/MyDrive/MTG_Instrument_old/dataset/logmel_songs/02/19202.npy
track_1127782,/content/drive/MyDrive/MTG_Instrument_old/dataset/logmel_songs/82/1127782.npy
track_0272923,/content/drive/MyDrive/MTG_Instrument_old/dataset/logmel_songs/23/272923.npy
track_1041557,/content/drive/MyDrive/MTG_Instrument_old/dataset/logmel_songs/57/1041557.npy
track_0867445,/content/drive/MyDrive/MTG_Instrument_old/dataset/logmel_songs/45/867445.npy
track_1102240,/content/drive/MyDrive/MTG_Instrument_old/dataset/logmel_songs/40/1102240.npy
track_1248257,/content/drive/MyDrive/MTG_Instrument_old/dataset/logmel_songs/57/1248257.npy
track_1101579,/content/drive/MyDrive/MTG_Instrument_old/dataset/logmel_songs/79/1101579.npy
track_1129160,/content/drive/MyDrive/MTG_Instrument_old/dataset/logmel_songs/60/1129160.npy
track_1014399,/content/drive/MyDrive/MTG_Instrument_old/dataset/logmel_songs/99/1014399.npy
track_1147704,/content/drive/MyDrive/MTG_Instrument_old/dataset/logmel_songs/04/1147704.npy
track_1076562,/content/drive/MyDrive/MTG_Instrument_old/dataset/logmel_songs/62/1076562.npy
track_1324988,/content/drive/MyDrive/MTG_Instrument_old/dataset/logmel_songs/88/1324988.npy
track_0846450,/content/drive/MyDrive/MTG_Instrument_old/dataset/logmel_songs/50/846450.npy
track_0811128,/content/drive/MyDrive/MTG_Instrument_old/dataset/logmel_songs/28/811128.npy
track_1202875,/content/drive/MyDrive/MTG_Instrument_old/dataset/logmel_songs/75/1202875.npy
track_1029956,/content/drive/MyDrive/MTG_Instrument_old/dataset/logmel_songs/56/1029956.npy
track_1250210,/content/drive/MyDrive/MTG_Instrument_old/dataset/logmel_songs/10/1250210.npy
track_0106224,/content/drive/MyDrive/MTG_Instrument_old/dataset/logmel_songs/24/106224.npy
track_0844331,/content/drive/MyDrive/MTG_Instrument_old/dataset/logmel_songs/31/844331.npy
track_1392653,/content/drive/MyDrive/MTG_Instrument_old/dataset/logmel_songs/53/1392653.npy
track_1057412,/content/drive/MyDrive/MTG_Instrument_old/dataset/logmel_songs/12/1057412.npy
track_1395032,/content/drive/MyDrive/MTG_Instrument_old/dataset/logmel_songs/32/1395032.npy
track_1313454,/content/drive/MyDrive/MTG_Instrument_old/dataset/logmel_songs/54/1313454.npy
track_0915293,/content/drive/MyDrive/MTG_Instrument_old/dataset/logmel_songs/93/915293.npy
track_0464042,/content/drive/MyDrive/MTG_Instrument_old/dataset/logmel_songs/42/464042.npy
track_1243726,/content/drive/MyDrive/MTG_Instrument_old/dataset/logmel_songs/26/1243726.npy
track_1147082,/content/drive/MyDrive/MTG_Instrument_old/dataset/logmel_songs/82/1147082.npy
track_1149539,/content/drive/MyDrive/MTG_Instrument_old/dataset/logmel_songs/39/1149539.npy
track_1171149,/content/drive/MyDrive/MTG_Instrument_old/dataset/logmel_songs/49/1171149.npy
track_1056506,/content/drive/MyDrive/MTG_Instrument_old/dataset/logmel_songs/06/1056506.npy
track_1036705,/content/drive/MyDrive/MTG_Instrument_old/dataset/logmel_songs/05/1036705.npy
track_1396500,/content/drive/MyDrive/MTG_Instrument_old/dataset/logmel_songs/00/1396500.npy
track_1316646,/content/drive/MyDrive/MTG_Instrument_old/dataset/logmel_songs/46/1316646.npy
track_0150945,/content/drive/MyDrive/MTG_Instrument_old/dataset/logmel_songs/45/150945.npy
track_1168166,/content/drive/MyDrive/MTG_Instrument_old/dataset/logmel_songs/66/1168166.npy
track_0585150,/content/drive/MyDrive/MTG_Instrument_old/dataset/logmel_songs/50/585150.npy
track_0464020,/content/drive/MyDrive/MTG_Instrument_old/dataset/logmel_songs/20/464020.npy
track_1098670,/content/drive/MyDrive/MTG_Instrument_old/dataset/logmel_songs/70/1098670.npy
track_1084196,/content/drive/MyDrive/MTG_Instrument_old/dataset/logmel_songs/96/1084196.npy
track_0915295,/content/drive/MyDrive/MTG_Instrument_old/dataset/logmel_songs/95/915295.npy
track_1402233,/content/drive/MyDrive/MTG_Instrument_old/dataset/logmel_songs/33/1402233.npy
track_1366160,/content/drive/MyDrive/MTG_Instrument_old/dataset/logmel_songs/60/1366160.npy
track_1028904,/content/drive/MyDrive/MTG_Instrument_old/dataset/logmel_songs/04/1028904.npy
track_1086429,/content/drive/MyDrive/MTG_Instrument_old/dataset/logmel_songs/29/1086429.npy
track_0373300,/content/drive/MyDrive/MTG_Instrument_old/dataset/logmel_songs/00/373300.npy
track_1210145,/content/drive/MyDrive/MTG_Instrument_old/dataset/logmel_songs/45/1210145.npy
track_1264198,/content/drive/MyDrive/MTG_Instrument_old/dataset/logmel_songs/98/1264198.npy
track_1242270,/content/drive/MyDrive/MTG_Instrument_old/dataset/logmel_songs/70/1242270.npy
track_0502325,/content/drive/MyDrive/MTG_Instrument_old/dataset/logmel_songs/25/502325.npy
track_1123202,/content/drive/MyDrive/MTG_Instrument_old/dataset/logmel_songs/02/1123202.npy
track_1033185,/content/drive/MyDrive/MTG_Instrument_old/dataset/logmel_songs/85/1033185.npy
track_1146205,/content/drive/MyDrive/MTG_Instrument_old/dataset/logmel_songs/05/1146205.npy
track_1069871,/content/drive/MyDrive/MTG_Instrument_old/dataset/logmel_songs/71/1069871.npy
track_1065620,/content/drive/MyDrive/MTG_Instrument_old/dataset/logmel_songs/20/1065620.npy
track_1369727,/content/drive/MyDrive/MTG_Instrument_old/dataset/logmel_songs/27/1369727.npy
track_1075210,/content/drive/MyDrive/MTG_Instrument_old/dataset/logmel_songs/10/1075210.npy
track_1165503,/content/drive/MyDrive/MTG_Instrument_old/dataset/logmel_songs/03/1165503.npy
track_1075199,/content/drive/MyDrive/MTG_Instrument_old/dataset/logmel_songs/99/1075199.npy
track_1270994,/content/drive/MyDrive/MTG_Instrument_old/dataset/logmel_songs/94/1270994.npy
track_1234444,/content/drive/MyDrive/MTG_Instrument_old/dataset/logmel_songs/44/1234444.npy
track_1221588,/content/drive/MyDrive/MTG_Instrument_old/dataset/logmel_songs/88/1221588.npy
track_0369462,/content/drive/MyDrive/MTG_Instrument_old/dataset/logmel_songs/62/369462.npy
track_1154338,/content/drive/MyDrive/MTG_Instrument_old/dataset/logmel_songs/38/1154338.npy
track_1075181,/content/drive/MyDrive/MTG_Instrument_old/dataset/logmel_songs/81/1075181.npy
track_0387501,/content/drive/MyDrive/MTG_Instrument_old/dataset/logmel_songs/01/387501.npy
track_0151100,/content/drive/MyDrive/MTG_Instrument_old/dataset/logmel_songs/00/151100.npy
track_0516745,/content/drive/MyDrive/MTG_Instrument_old/dataset/logmel_songs/45/516745.npy
track_1275609,/content/drive/MyDrive/MTG_Instrument_old/dataset/logmel_songs/09/1275609.npy
track_0460242,/content/drive/MyDrive/MTG_Instrument_old/dataset/logmel_songs/42/460242.npy
track_1118534,/content/drive/MyDrive/MTG_Instrument_old/dataset/logmel_songs/34/1118534.npy
track_0827276,/content/drive/MyDrive/MTG_Instrument_old/dataset/logmel_songs/76/827276.npy
track_1041558,/content/drive/MyDrive/MTG_Instrument_old/dataset/logmel_songs/58/1041558.npy
track_1148778,/content/drive/MyDrive/MTG_Instrument_old/dataset/logmel_songs/78/1148778.npy
track_1112028,/content/drive/MyDrive/MTG_Instrument_old/dataset/logmel_songs/28/1112028.npy
track_1227555,/content/drive/MyDrive/MTG_Instrument_old/dataset/logmel_songs/55/1227555.npy
track_1077727,/content/drive/MyDrive/MTG_Instrument_old/dataset/logmel_songs/27/1077727.npy
track_0259362,/content/drive/MyDrive/MTG_Instrument_old/dataset/logmel_songs/62/259362.npy
track_1133073,/content/drive/MyDrive/MTG_Instrument_old/dataset/logmel_songs/73/1133073.npy
track_1320016,/content/drive/MyDrive/MTG_Instrument_old/dataset/logmel_songs/16/1320016.npy
track_0783227,/content/drive/MyDrive/MTG_Instrument_old/dataset/logmel_songs/27/783227.npy
track_1330451,/content/drive/MyDrive/MTG_Instrument_old/dataset/logmel_songs/51/1330451.npy
track_1369065,/content/drive/MyDrive/MTG_Instrument_old/dataset/logmel_songs/65/1369065.npy
track_1393399,/content/drive/MyDrive/MTG_Instrument_old/dataset/logmel_songs/99/1393399.npy
track_0205090,/content/drive/MyDrive/MTG_Instrument_old/dataset/logmel_songs/90/205090.npy
track_0726601,/content/drive/MyDrive/MTG_Instrument_old/dataset/logmel_songs/01/726601.npy
track_1133180,/content/drive/MyDrive/MTG_Instrument_old/dataset/logmel_songs/80/1133180.npy
track_1023322,/content/drive/MyDrive/MTG_Instrument_old/dataset/logmel_songs/22/1023322.npy
track_1362587,/content/drive/MyDrive/MTG_Instrument_old/dataset/logmel_songs/87/1362587.npy
track_0128852,/content/drive/MyDrive/MTG_Instrument_old/dataset/logmel_songs/52/128852.npy
track_1371592,/content/drive/MyDrive/MTG_Instrument_old/dataset/logmel_songs/92/1371592.npy
track_1163229,/content/drive/MyDrive/MTG_Instrument_old/dataset/logmel_songs/29/1163229.npy
track_0891905,/content/drive/MyDrive/MTG_Instrument_old/dataset/logmel_songs/05/891905.npy
track_0873553,/content/drive/MyDrive/MTG_Instrument_old/dataset/logmel_songs/53/873553.npy
track_1032332,/content/drive/MyDrive/MTG_Instrument_old/dataset/logmel_songs/32/1032332.npy
track_1370865,/content/drive/MyDrive/MTG_Instrument_old/dataset/logmel_songs/65/1370865.npy
track_1162363,/content/drive/MyDrive/MTG_Instrument_old/dataset/logmel_songs/63/1162363.npy
track_1165475,/content/drive/MyDrive/MTG_Instrument_old/dataset/logmel_songs/75/1165475.npy
track_1111979,/content/drive/MyDrive/MTG_Instrument_old/dataset/logmel_songs/79/1111979.npy
track_1322166,/content/drive/MyDrive/MTG_Instrument_old/dataset/logmel_songs/66/1322166.npy
track_0920493,/content/drive/MyDrive/MTG_Instrument_old/dataset/logmel_songs/93/920493.npy
track_1023087,/content/drive/MyDrive/MTG_Instrument_old/dataset/logmel_songs/87/1023087.npy
track_1242264,/content/drive/MyDrive/MTG_Instrument_old/dataset/logmel_songs/64/1242264.npy
track_1352263,/content/drive/MyDrive/MTG_Instrument_old/dataset/logmel_songs/63/1352263.npy
track_1382260,/content/drive/MyDrive/MTG_Instrument_old/dataset/logmel_songs/60/1382260.npy
track_0802287,/content/drive/MyDrive/MTG_Instrument_old/dataset/logmel_songs/87/802287.npy
track_0856980,/content/drive/MyDrive/MTG_Instrument_old/dataset/logmel_songs/80/856980.npy
track_1041556,/content/drive/MyDrive/MTG_Instrument_old/dataset/logmel_songs/56/1041556.npy
track_1408398,/content/drive/MyDrive/MTG_Instrument_old/dataset/logmel_songs/98/1408398.npy
track_1063326,/content/drive/MyDrive/MTG_Instrument_old/dataset/logmel_songs/26/1063326.npy
track_0801678,/content/drive/MyDrive/MTG_Instrument_old/dataset/logmel_songs/78/801678.npy
track_1186443,/content/drive/MyDrive/MTG_Instrument_old/dataset/logmel_songs/43/1186443.npy
track_1121188,/content/drive/MyDrive/MTG_Instrument_old/dataset/logmel_songs/88/1121188.npy
track_0953634,/content/drive/MyDrive/MTG_Instrument_old/dataset/logmel_songs/34/953634.npy
track_1370162,/content/drive/MyDrive/MTG_Instrument_old/dataset/logmel_songs/62/1370162.npy
track_1076450,/content/drive/MyDrive/MTG_Instrument_old/dataset/logmel_songs/50/1076450.npy
track_0936358,/content/drive/MyDrive/MTG_Instrument_old/dataset/logmel_songs/58/936358.npy
track_1241405,/content/drive/MyDrive/MTG_Instrument_old/dataset/logmel_songs/05/1241405.npy
track_0230860,/content/drive/MyDrive/MTG_Instrument_old/dataset/logmel_songs/60/230860.npy
track_0482274,/content/drive/MyDrive/MTG_Instrument_old/dataset/logmel_songs/74/482274.npy
track_0014016,/content/drive/MyDrive/MTG_Instrument_old/dataset/logmel_songs/16/14016.npy
track_0464040,/content/drive/MyDrive/MTG_Instrument_old/dataset/logmel_songs/40/464040.npy
track_1370144,/content/drive/MyDrive/MTG_Instrument_old/dataset/logmel_songs/44/1370144.npy
track_1292389,/content/drive/MyDrive/MTG_Instrument_old/dataset/logmel_songs/89/1292389.npy
track_1278317,/content/drive/MyDrive/MTG_Instrument_old/dataset/logmel_songs/17/1278317.npy
track_1223074,/content/drive/MyDrive/MTG_Instrument_old/dataset/logmel_songs/74/1223074.npy
track_1065962,/content/drive/MyDrive/MTG_Instrument_old/dataset/logmel_songs/62/1065962.npy
track_0778561,/content/drive/MyDrive/MTG_Instrument_old/dataset/logmel_songs/61/778561.npy
track_0751971,/content/drive/MyDrive/MTG_Instrument_old/dataset/logmel_songs/71/751971.npy
track_1097129,/content/drive/MyDrive/MTG_Instrument_old/dataset/logmel_songs/29/1097129.npy
track_1122009,/content/drive/MyDrive/MTG_Instrument_old/dataset/logmel_songs/09/1122009.npy
track_1133264,/content/drive/MyDrive/MTG_Instrument_old/dataset/logmel_songs/64/1133264.npy
track_1218783,/content/drive/MyDrive/MTG_Instrument_old/dataset/logmel_songs/83/1218783.npy
track_0259836,/content/drive/MyDrive/MTG_Instrument_old/dataset/logmel_songs/36/259836.npy
track_1079391,/content/drive/MyDrive/MTG_Instrument_old/dataset/logmel_songs/91/1079391.npy
track_1397147,/content/drive/MyDrive/MTG_Instrument_old/dataset/logmel_songs/47/1397147.npy
track_1156009,/content/drive/MyDrive/MTG_Instrument_old/dataset/logmel_songs/09/1156009.npy
track_1236643,/content/drive/MyDrive/MTG_Instrument_old/dataset/logmel_songs/43/1236643.npy
track_1222007,/content/drive/MyDrive/MTG_Instrument_old/dataset/logmel_songs/07/1222007.npy
track_0731428,/content/drive/MyDrive/MTG_Instrument_old/dataset/logmel_songs/28/731428.npy
track_0401849,/content/drive/MyDrive/MTG_Instrument_old/dataset/logmel_songs/49/401849.npy
track_0811663,/content/drive/MyDrive/MTG_Instrument_old/dataset/logmel_songs/63/811663.npy
track_1180087,/content/drive/MyDrive/MTG_Instrument_old/dataset/logmel_songs/87/1180087.npy
track_0625209,/content/drive/MyDrive/MTG_Instrument_old/dataset/logmel_songs/09/625209.npy
track_1300049,/content/drive/MyDrive/MTG_Instrument_old/dataset/logmel_songs/49/1300049.npy
track_1376048,/content/drive/MyDrive/MTG_Instrument_old/dataset/logmel_songs/48/1376048.npy
track_1037050,/content/drive/MyDrive/MTG_Instrument_old/dataset/logmel_songs/50/1037050.npy
track_1179408,/content/drive/MyDrive/MTG_Instrument_old/dataset/logmel_songs/08/1179408.npy
track_0700216,/content/drive/MyDrive/MTG_Instrument_old/dataset/logmel_songs/16/700216.npy
track_0711259,/content/drive/MyDrive/MTG_Instrument_old/dataset/logmel_songs/59/711259.npy
track_1084682,/content/drive/MyDrive/MTG_Instrument_old/dataset/logmel_songs/82/1084682.npy
track_0606117,/content/drive/MyDrive/MTG_Instrument_old/dataset/logmel_songs/17/606117.npy
track_0553249,/content/drive/MyDrive/MTG_Instrument_old/dataset/logmel_songs/49/553249.npy
track_1098471,/content/drive/MyDrive/MTG_Instrument_old/dataset/logmel_songs/71/1098471.npy
track_1223700,/content/drive/MyDrive/MTG_Instrument_old/dataset/logmel_songs/00/1223700.npy
track_0789887,/content/drive/MyDrive/MTG_Instrument_old/dataset/logmel_songs/87/789887.npy
track_0921951,/content/drive/MyDrive/MTG_Instrument_old/dataset/logmel_songs/51/921951.npy
track_1377971,/content/drive/MyDrive/MTG_Instrument_old/dataset/logmel_songs/71/1377971.npy
track_1130033,/content/drive/MyDrive/MTG_Instrument_old/dataset/logmel_songs/33/1130033.npy
track_0802285,/content/drive/MyDrive/MTG_Instrument_old/dataset/logmel_songs/85/802285.npy
track_0162031,/content/drive/MyDrive/MTG_Instrument_old/dataset/logmel_songs/31/162031.npy
track_1061466,/content/drive/MyDrive/MTG_Instrument_old/dataset/logmel_songs/66/1061466.npy
track_1169719,/content/drive/MyDrive/MTG_Instrument_old/dataset/logmel_songs/19/1169719.npy
track_0553254,/content/drive/MyDrive/MTG_Instrument_old/dataset/logmel_songs/54/553254.npy
track_0957946,/content/drive/MyDrive/MTG_Instrument_old/dataset/logmel_songs/46/957946.npy
track_1131490,/content/drive/MyDrive/MTG_Instrument_old/dataset/logmel_songs/90/1131490.npy
track_0897312,/content/drive/MyDrive/MTG_Instrument_old/dataset/logmel_songs/12/897312.npy
track_0873811,/content/drive/MyDrive/MTG_Instrument_old/dataset/logmel_songs/11/873811.npy
track_0919934,/content/drive/MyDrive/MTG_Instrument_old/dataset/logmel_songs/34/919934.npy
track_1084681,/content/drive/MyDrive/MTG_Instrument_old/dataset/logmel_songs/81/1084681.npy
track_0950037,/content/drive/MyDrive/MTG_Instrument_old/dataset/logmel_songs/37/950037.npy
track_0636014,/content/drive/MyDrive/MTG_Instrument_old/dataset/logmel_songs/14/636014.npy
track_0026230,/content/drive/MyDrive/MTG_Instrument_old/dataset/logmel_songs/30/26230.npy
track_1118536,/content/drive/MyDrive/MTG_Instrument_old/dataset/logmel_songs/36/1118536.npy
track_1130597,/content/drive/MyDrive/MTG_Instrument_old/dataset/logmel_songs/97/1130597.npy
track_1385318,/content/drive/MyDrive/MTG_Instrument_old/dataset/logmel_songs/18/1385318.npy
track_0663860,/content/drive/MyDrive/MTG_Instrument_old/dataset/logmel_songs/60/663860.npy
track_0078729,/content/drive/MyDrive/MTG_Instrument_old/dataset/logmel_songs/29/78729.npy
track_1158981,/content/drive/MyDrive/MTG_Instrument_old/dataset/logmel_songs/81/1158981.npy
track_1361145,/content/drive/MyDrive/MTG_Instrument_old/dataset/logmel_songs/45/1361145.npy
track_0585156,/content/drive/MyDrive/MTG_Instrument_old/dataset/logmel_songs/56/585156.npy
track_1081258,/content/drive/MyDrive/MTG_Instrument_old/dataset/logmel_songs/58/1081258.npy
track_1027900,/content/drive/MyDrive/MTG_Instrument_old/dataset/logmel_songs/00/1027900.npy
track_1321062,/content/drive/MyDrive/MTG_Instrument_old/dataset/logmel_songs/62/1321062.npy
track_1313334,/content/drive/MyDrive/MTG_Instrument_old/dataset/logmel_songs/34/1313334.npy
track_1248609,/content/drive/MyDrive/MTG_Instrument_old/dataset/logmel_songs/09/1248609.npy
track_1372284,/content/drive/MyDrive/MTG_Instrument_old/dataset/logmel_songs/84/1372284.npy
track_1086644,/content/drive/MyDrive/MTG_Instrument_old/dataset/logmel_songs/44/1086644.npy
track_0368179,/content/drive/MyDrive/MTG_Instrument_old/dataset/logmel_songs/79/368179.npy
track_1066662,/content/drive/MyDrive/MTG_Instrument_old/dataset/logmel_songs/62/1066662.npy
track_1128046,/content/drive/MyDrive/MTG_Instrument_old/dataset/logmel_songs/46/1128046.npy
track_1052560,/content/drive/MyDrive/MTG_Instrument_old/dataset/logmel_songs/60/1052560.npy
track_1093295,/content/drive/MyDrive/MTG_Instrument_old/dataset/logmel_songs/95/1093295.npy
track_1309754,/content/drive/MyDrive/MTG_Instrument_old/dataset/logmel_songs/54/1309754.npy
track_1046570,/content/drive/MyDrive/MTG_Instrument_old/dataset/logmel_songs/70/1046570.npy
track_1121432,/content/drive/MyDrive/MTG_Instrument_old/dataset/logmel_songs/32/1121432.npy
track_1374703,/content/drive/MyDrive/MTG_Instrument_old/dataset/logmel_songs/03/1374703.npy
track_1248272,/content/drive/MyDrive/MTG_Instrument_old/dataset/logmel_songs/72/1248272.npy
track_1165502,/content/drive/MyDrive/MTG_Instrument_old/dataset/logmel_songs/02/1165502.npy
track_1383721,/content/drive/MyDrive/MTG_Instrument_old/dataset/logmel_songs/21/1383721.npy
track_1179111,/content/drive/MyDrive/MTG_Instrument_old/dataset/logmel_songs/11/1179111.npy
track_1350850,/content/drive/MyDrive/MTG_Instrument_old/dataset/logmel_songs/50/1350850.npy
track_1337388,/content/drive/MyDrive/MTG_Instrument_old/dataset/logmel_songs/88/1337388.npy
track_0842756,/content/drive/MyDrive/MTG_Instrument_old/dataset/logmel_songs/56/842756.npy
track_0768428,/content/drive/MyDrive/MTG_Instrument_old/dataset/logmel_songs/28/768428.npy
track_1121406,/content/drive/MyDrive/MTG_Instrument_old/dataset/logmel_songs/06/1121406.npy
track_0585152,/content/drive/MyDrive/MTG_Instrument_old/dataset/logmel_songs/52/585152.npy
track_0034858,/content/drive/MyDrive/MTG_Instrument_old/dataset/logmel_songs/58/34858.npy
track_1231350,/content/drive/MyDrive/MTG_Instrument_old/dataset/logmel_songs/50/1231350.npy
track_0414117,/content/drive/MyDrive/MTG_Instrument_old/dataset/logmel_songs/17/414117.npy
track_0325374,/content/drive/MyDrive/MTG_Instrument_old/dataset/logmel_songs/74/325374.npy
track_0941161,/content/drive/MyDrive/MTG_Instrument_old/dataset/logmel_songs/61/941161.npy
track_0079759,/content/drive/MyDrive/MTG_Instrument_old/dataset/logmel_songs/59/79759.npy
track_1159699,/content/drive/MyDrive/MTG_Instrument_old/dataset/logmel_songs/99/1159699.npy
track_1147362,/content/drive/MyDrive/MTG_Instrument_old/dataset/logmel_songs/62/1147362.npy
track_0032618,/content/drive/MyDrive/MTG_Instrument_old/dataset/logmel_songs/18/32618.npy
track_1350755,/content/drive/MyDrive/MTG_Instrument_old/dataset/logmel_songs/55/1350755.npy
track_1176230,/content/drive/MyDrive/MTG_Instrument_old/dataset/logmel_songs/30/1176230.npy
track_0605518,/content/drive/MyDrive/MTG_Instrument_old/dataset/logmel_songs/18/605518.npy
track_1098675,/content/drive/MyDrive/MTG_Instrument_old/dataset/logmel_songs/75/1098675.npy
track_1096951,/content/drive/MyDrive/MTG_Instrument_old/dataset/logmel_songs/51/1096951.npy
track_1371564,/content/drive/MyDrive/MTG_Instrument_old/dataset/logmel_songs/64/1371564.npy
track_1295454,/content/drive/MyDrive/MTG_Instrument_old/dataset/logmel_songs/54/1295454.npy
track_0686753,/content/drive/MyDrive/MTG_Instrument_old/dataset/logmel_songs/53/686753.npy
track_1248279,/content/drive/MyDrive/MTG_Instrument_old/dataset/logmel_songs/79/1248279.npy
track_1231993,/content/drive/MyDrive/MTG_Instrument_old/dataset/logmel_songs/93/1231993.npy
track_1159157,/content/drive/MyDrive/MTG_Instrument_old/dataset/logmel_songs/57/1159157.npy
track_1242779,/content/drive/MyDrive/MTG_Instrument_old/dataset/logmel_songs/79/1242779.npy
track_0215566,/content/drive/MyDrive/MTG_Instrument_old/dataset/logmel_songs/66/215566.npy
track_0991710,/content/drive/MyDrive/MTG_Instrument_old/dataset/logmel_songs/10/991710.npy
track_1332741,/content/drive/MyDrive/MTG_Instrument_old/dataset/logmel_songs/41/1332741.npy
track_1123276,/content/drive/MyDrive/MTG_Instrument_old/dataset/logmel_songs/76/1123276.npy
track_1371495,/content/drive/MyDrive/MTG_Instrument_old/dataset/logmel_songs/95/1371495.npy
track_1109857,/content/drive/MyDrive/MTG_Instrument_old/dataset/logmel_songs/57/1109857.npy
track_1012591,/content/drive/MyDrive/MTG_Instrument_old/dataset/logmel_songs/91/1012591.npy
track_0162033,/content/drive/MyDrive/MTG_Instrument_old/dataset/logmel_songs/33/162033.npy
track_1163207,/content/drive/MyDrive/MTG_Instrument_old/dataset/logmel_songs/07/1163207.npy
track_0196255,/content/drive/MyDrive/MTG_Instrument_old/dataset/logmel_songs/55/196255.npy
track_1326818,/content/drive/MyDrive/MTG_Instrument_old/dataset/logmel_songs/18/1326818.npy
track_1076603,/content/drive/MyDrive/MTG_Instrument_old/dataset/logmel_songs/03/1076603.npy
track_0371282,/content/drive/MyDrive/MTG_Instrument_old/dataset/logmel_songs/82/371282.npy
track_1239740,/content/drive/MyDrive/MTG_Instrument_old/dataset/logmel_songs/40/1239740.npy
track_1110263,/content/drive/MyDrive/MTG_Instrument_old/dataset/logmel_songs/63/1110263.npy
track_1222935,/content/drive/MyDrive/MTG_Instrument_old/dataset/logmel_songs/35/1222935.npy
track_1026881,/content/drive/MyDrive/MTG_Instrument_old/dataset/logmel_songs/81/1026881.npy
track_0482391,/content/drive/MyDrive/MTG_Instrument_old/dataset/logmel_songs/91/482391.npy
track_1076391,/content/drive/MyDrive/MTG_Instrument_old/dataset/logmel_songs/91/1076391.npy
track_0556383,/content/drive/MyDrive/MTG_Instrument_old/dataset/logmel_songs/83/556383.npy
track_1419382,/content/drive/MyDrive/MTG_Instrument_old/dataset/logmel_songs/82/1419382.npy
track_1397806,/content/drive/MyDrive/MTG_Instrument_old/dataset/logmel_songs/06/1397806.npy
track_1029546,/content/drive/MyDrive/MTG_Instrument_old/dataset/logmel_songs/46/1029546.npy
track_0947790,/content/drive/MyDrive/MTG_Instrument_old/dataset/logmel_songs/90/947790.npy
track_1057817,/content/drive/MyDrive/MTG_Instrument_old/dataset/logmel_songs/17/1057817.npy
track_1109614,/content/drive/MyDrive/MTG_Instrument_old/dataset/logmel_songs/14/1109614.npy
track_1086828,/content/drive/MyDrive/MTG_Instrument_old/dataset/logmel_songs/28/1086828.npy
track_1330200,/content/drive/MyDrive/MTG_Instrument_old/dataset/logmel_songs/00/1330200.npy
track_0383572,/content/drive/MyDrive/MTG_Instrument_old/dataset/logmel_songs/72/383572.npy
track_0398853,/content/drive/MyDrive/MTG_Instrument_old/dataset/logmel_songs/53/398853.npy
track_1046642,/content/drive/MyDrive/MTG_Instrument_old/dataset/logmel_songs/42/1046642.npy
track_0081815,/content/drive/MyDrive/MTG_Instrument_old/dataset/logmel_songs/15/81815.npy
track_1189914,/content/drive/MyDrive/MTG_Instrument_old/dataset/logmel_songs/14/1189914.npy
track_1100425,/content/drive/MyDrive/MTG_Instrument_old/dataset/logmel_songs/25/1100425.npy
track_0081179,/content/drive/MyDrive/MTG_Instrument_old/dataset/logmel_songs/79/81179.npy
track_0897310,/content/drive/MyDrive/MTG_Instrument_old/dataset/logmel_songs/10/897310.npy
track_1186430,/content/drive/MyDrive/MTG_Instrument_old/dataset/logmel_songs/30/1186430.npy
track_1405570,/content/drive/MyDrive/MTG_Instrument_old/dataset/logmel_songs/70/1405570.npy
track_0326513,/content/drive/MyDrive/MTG_Instrument_old/dataset/logmel_songs/13/326513.npy
track_0305536,/content/drive/MyDrive/MTG_Instrument_old/dataset/logmel_songs/36/305536.npy
track_1076887,/content/drive/MyDrive/MTG_Instrument_old/dataset/logmel_songs/87/1076887.npy
track_1230995,/content/drive/MyDrive/MTG_Instrument_old/dataset/logmel_songs/95/1230995.npy
track_1149217,/content/drive/MyDrive/MTG_Instrument_old/dataset/logmel_songs/17/1149217.npy
track_1170731,/content/drive/MyDrive/MTG_Instrument_old/dataset/logmel_songs/31/1170731.npy
track_0113815,/content/drive/MyDrive/MTG_Instrument_old/dataset/logmel_songs/15/113815.npy
track_0628412,/content/drive/MyDrive/MTG_Instrument_old/dataset/logmel_songs/12/628412.npy
track_1203894,/content/drive/MyDrive/MTG_Instrument_old/dataset/logmel_songs/94/1203894.npy
track_0734439,/content/drive/MyDrive/MTG_Instrument_old/dataset/logmel_songs/39/734439.npy
track_1080094,/content/drive/MyDrive/MTG_Instrument_old/dataset/logmel_songs/94/1080094.npy
track_1026873,/content/drive/MyDrive/MTG_Instrument_old/dataset/logmel_songs/73/1026873.npy
track_1329978,/content/drive/MyDrive/MTG_Instrument_old/dataset/logmel_songs/78/1329978.npy
track_0075180,/content/drive/MyDrive/MTG_Instrument_old/dataset/logmel_songs/80/75180.npy
track_0242857,/content/drive/MyDrive/MTG_Instrument_old/dataset/logmel_songs/57/242857.npy
track_1417888,/content/drive/MyDrive/MTG_Instrument_old/dataset/logmel_songs/88/1417888.npy
track_1281212,/content/drive/MyDrive/MTG_Instrument_old/dataset/logmel_songs/12/1281212.npy
track_0371273,/content/drive/MyDrive/MTG_Instrument_old/dataset/logmel_songs/73/371273.npy
track_1197333,/content/drive/MyDrive/MTG_Instrument_old/dataset/logmel_songs/33/1197333.npy
track_1129345,/content/drive/MyDrive/MTG_Instrument_old/dataset/logmel_songs/45/1129345.npy
track_1310110,/content/drive/MyDrive/MTG_Instrument_old/dataset/logmel_songs/10/1310110.npy
track_0922584,/content/drive/MyDrive/MTG_Instrument_old/dataset/logmel_songs/84/922584.npy
track_1354125,/content/drive/MyDrive/MTG_Instrument_old/dataset/logmel_songs/25/1354125.npy
track_0719854,/content/drive/MyDrive/MTG_Instrument_old/dataset/logmel_songs/54/719854.npy
track_1275458,/content/drive/MyDrive/MTG_Instrument_old/dataset/logmel_songs/58/1275458.npy
track_0802321,/content/drive/MyDrive/MTG_Instrument_old/dataset/logmel_songs/21/802321.npy
track_1051172,/content/drive/MyDrive/MTG_Instrument_old/dataset/logmel_songs/72/1051172.npy
track_0962588,/content/drive/MyDrive/MTG_Instrument_old/dataset/logmel_songs/88/962588.npy
track_1273896,/content/drive/MyDrive/MTG_Instrument_old/dataset/logmel_songs/96/1273896.npy
track_1372082,/content/drive/MyDrive/MTG_Instrument_old/dataset/logmel_songs/82/1372082.npy
track_1405044,/content/drive/MyDrive/MTG_Instrument_old/dataset/logmel_songs/44/1405044.npy
track_1400603,/content/drive/MyDrive/MTG_Instrument_old/dataset/logmel_songs/03/1400603.npy
track_1041676,/content/drive/MyDrive/MTG_Instrument_old/dataset/logmel_songs/76/1041676.npy
track_0155955,/content/drive/MyDrive/MTG_Instrument_old/dataset/logmel_songs/55/155955.npy
track_1197332,/content/drive/MyDrive/MTG_Instrument_old/dataset/logmel_songs/32/1197332.npy
track_1147843,/content/drive/MyDrive/MTG_Instrument_old/dataset/logmel_songs/43/1147843.npy
track_0081037,/content/drive/MyDrive/MTG_Instrument_old/dataset/logmel_songs/37/81037.npy
track_1266579,/content/drive/MyDrive/MTG_Instrument_old/dataset/logmel_songs/79/1266579.npy
track_1330456,/content/drive/MyDrive/MTG_Instrument_old/dataset/logmel_songs/56/1330456.npy
track_0349960,/content/drive/MyDrive/MTG_Instrument_old/dataset/logmel_songs/60/349960.npy
track_1122014,/content/drive/MyDrive/MTG_Instrument_old/dataset/logmel_songs/14/1122014.npy
track_1078435,/content/drive/MyDrive/MTG_Instrument_old/dataset/logmel_songs/35/1078435.npy
track_0897317,/content/drive/MyDrive/MTG_Instrument_old/dataset/logmel_songs/17/897317.npy
track_1379399,/content/drive/MyDrive/MTG_Instrument_old/dataset/logmel_songs/99/1379399.npy
track_1369043,/content/drive/MyDrive/MTG_Instrument_old/dataset/logmel_songs/43/1369043.npy
track_0470746,/content/drive/MyDrive/MTG_Instrument_old/dataset/logmel_songs/46/470746.npy
track_0147666,/content/drive/MyDrive/MTG_Instrument_old/dataset/logmel_songs/66/147666.npy
track_0075179,/content/drive/MyDrive/MTG_Instrument_old/dataset/logmel_songs/79/75179.npy
track_0018233,/content/drive/MyDrive/MTG_Instrument_old/dataset/logmel_songs/33/18233.npy
track_1176151,/content/drive/MyDrive/MTG_Instrument_old/dataset/logmel_songs/51/1176151.npy
track_0976780,/content/drive/MyDrive/MTG_Instrument_old/dataset/logmel_songs/80/976780.npy
track_1376087,/content/drive/MyDrive/MTG_Instrument_old/dataset/logmel_songs/87/1376087.npy
track_1224354,/content/drive/MyDrive/MTG_Instrument_old/dataset/logmel_songs/54/1224354.npy
track_1345303,/content/drive/MyDrive/MTG_Instrument_old/dataset/logmel_songs/03/1345303.npy
track_1165779,/content/drive/MyDrive/MTG_Instrument_old/dataset/logmel_songs/79/1165779.npy
track_1136576,/content/drive/MyDrive/MTG_Instrument_old/dataset/logmel_songs/76/1136576.npy
track_1117460,/content/drive/MyDrive/MTG_Instrument_old/dataset/logmel_songs/60/1117460.npy
track_1222626,/content/drive/MyDrive/MTG_Instrument_old/dataset/logmel_songs/26/1222626.npy
track_0275244,/content/drive/MyDrive/MTG_Instrument_old/dataset/logmel_songs/44/275244.npy
track_1208952,/content/drive/MyDrive/MTG_Instrument_old/dataset/logmel_songs/52/1208952.npy
track_1194594,/content/drive/MyDrive/MTG_Instrument_old/dataset/logmel_songs/94/1194594.npy
track_0272851,/content/drive/MyDrive/MTG_Instrument_old/dataset/logmel_songs/51/272851.npy
track_0066946,/content/drive/MyDrive/MTG_Instrument_old/dataset/logmel_songs/46/66946.npy
track_1374155,/content/drive/MyDrive/MTG_Instrument_old/dataset/logmel_songs/55/1374155.npy
track_1138826,/content/drive/MyDrive/MTG_Instrument_old/dataset/logmel_songs/26/1138826.npy
track_1380667,/content/drive/MyDrive/MTG_Instrument_old/dataset/logmel_songs/67/1380667.npy
track_1400796,/content/drive/MyDrive/MTG_Instrument_old/dataset/logmel_songs/96/1400796.npy
track_1348114,/content/drive/MyDrive/MTG_Instrument_old/dataset/logmel_songs/14/1348114.npy
track_1027968,/content/drive/MyDrive/MTG_Instrument_old/dataset/logmel_songs/68/1027968.npy
track_0618455,/content/drive/MyDrive/MTG_Instrument_old/dataset/logmel_songs/55/618455.npy
track_0802288,/content/drive/MyDrive/MTG_Instrument_old/dataset/logmel_songs/88/802288.npy
track_1035354,/content/drive/MyDrive/MTG_Instrument_old/dataset/logmel_songs/54/1035354.npy
track_1160141,/content/drive/MyDrive/MTG_Instrument_old/dataset/logmel_songs/41/1160141.npy
track_0976787,/content/drive/MyDrive/MTG_Instrument_old/dataset/logmel_songs/87/976787.npy
track_1346211,/content/drive/MyDrive/MTG_Instrument_old/dataset/logmel_songs/11/1346211.npy
track_1164991,/content/drive/MyDrive/MTG_Instrument_old/dataset/logmel_songs/91/1164991.npy
track_0589414,/content/drive/MyDrive/MTG_Instrument_old/dataset/logmel_songs/14/589414.npy
track_1086035,/content/drive/MyDrive/MTG_Instrument_old/dataset/logmel_songs/35/1086035.npy
track_0873561,/content/drive/MyDrive/MTG_Instrument_old/dataset/logmel_songs/61/873561.npy
track_1269807,/content/drive/MyDrive/MTG_Instrument_old/dataset/logmel_songs/07/1269807.npy
track_1009064,/content/drive/MyDrive/MTG_Instrument_old/dataset/logmel_songs/64/1009064.npy
track_0801443,/content/drive/MyDrive/MTG_Instrument_old/dataset/logmel_songs/43/801443.npy
track_1130017,/content/drive/MyDrive/MTG_Instrument_old/dataset/logmel_songs/17/1130017.npy
track_1163237,/content/drive/MyDrive/MTG_Instrument_old/dataset/logmel_songs/37/1163237.npy
track_1269101,/content/drive/MyDrive/MTG_Instrument_old/dataset/logmel_songs/01/1269101.npy
track_0078311,/content/drive/MyDrive/MTG_Instrument_old/dataset/logmel_songs/11/78311.npy
track_1403727,/content/drive/MyDrive/MTG_Instrument_old/dataset/logmel_songs/27/1403727.npy
track_1372087,/content/drive/MyDrive/MTG_Instrument_old/dataset/logmel_songs/87/1372087.npy
track_1300044,/content/drive/MyDrive/MTG_Instrument_old/dataset/logmel_songs/44/1300044.npy
track_1287556,/content/drive/MyDrive/MTG_Instrument_old/dataset/logmel_songs/56/1287556.npy
track_1248262,/content/drive/MyDrive/MTG_Instrument_old/dataset/logmel_songs/62/1248262.npy
track_0957934,/content/drive/MyDrive/MTG_Instrument_old/dataset/logmel_songs/34/957934.npy
track_1137202,/content/drive/MyDrive/MTG_Instrument_old/dataset/logmel_songs/02/1137202.npy
track_1372076,/content/drive/MyDrive/MTG_Instrument_old/dataset/logmel_songs/76/1372076.npy
track_1080218,/content/drive/MyDrive/MTG_Instrument_old/dataset/logmel_songs/18/1080218.npy
track_1256025,/content/drive/MyDrive/MTG_Instrument_old/dataset/logmel_songs/25/1256025.npy
track_1076451,/content/drive/MyDrive/MTG_Instrument_old/dataset/logmel_songs/51/1076451.npy
track_1110775,/content/drive/MyDrive/MTG_Instrument_old/dataset/logmel_songs/75/1110775.npy
track_1372767,/content/drive/MyDrive/MTG_Instrument_old/dataset/logmel_songs/67/1372767.npy
track_1241542,/content/drive/MyDrive/MTG_Instrument_old/dataset/logmel_songs/42/1241542.npy
track_0466210,/content/drive/MyDrive/MTG_Instrument_old/dataset/logmel_songs/10/466210.npy
track_0556353,/content/drive/MyDrive/MTG_Instrument_old/dataset/logmel_songs/53/556353.npy
track_1112334,/content/drive/MyDrive/MTG_Instrument_old/dataset/logmel_songs/34/1112334.npy
track_1074678,/content/drive/MyDrive/MTG_Instrument_old/dataset/logmel_songs/78/1074678.npy
track_0964537,/content/drive/MyDrive/MTG_Instrument_old/dataset/logmel_songs/37/964537.npy
track_1127147,/content/drive/MyDrive/MTG_Instrument_old/dataset/logmel_songs/47/1127147.npy
track_1320028,/content/drive/MyDrive/MTG_Instrument_old/dataset/logmel_songs/28/1320028.npy
track_1397814,/content/drive/MyDrive/MTG_Instrument_old/dataset/logmel_songs/14/1397814.npy
track_1153113,/content/drive/MyDrive/MTG_Instrument_old/dataset/logmel_songs/13/1153113.npy
track_0978811,/content/drive/MyDrive/MTG_Instrument_old/dataset/logmel_songs/11/978811.npy
track_0811661,/content/drive/MyDrive/MTG_Instrument_old/dataset/logmel_songs/61/811661.npy
track_0429055,/content/drive/MyDrive/MTG_Instrument_old/dataset/logmel_songs/55/429055.npy
track_1109852,/content/drive/MyDrive/MTG_Instrument_old/dataset/logmel_songs/52/1109852.npy
track_0773685,/content/drive/MyDrive/MTG_Instrument_old/dataset/logmel_songs/85/773685.npy
track_0094760,/content/drive/MyDrive/MTG_Instrument_old/dataset/logmel_songs/60/94760.npy
track_1134859,/content/drive/MyDrive/MTG_Instrument_old/dataset/logmel_songs/59/1134859.npy
track_0500415,/content/drive/MyDrive/MTG_Instrument_old/dataset/logmel_songs/15/500415.npy
track_1218920,/content/drive/MyDrive/MTG_Instrument_old/dataset/logmel_songs/20/1218920.npy
track_1329944,/content/drive/MyDrive/MTG_Instrument_old/dataset/logmel_songs/44/1329944.npy
track_1138778,/content/drive/MyDrive/MTG_Instrument_old/dataset/logmel_songs/78/1138778.npy
track_1078449,/content/drive/MyDrive/MTG_Instrument_old/dataset/logmel_songs/49/1078449.npy
track_1415223,/content/drive/MyDrive/MTG_Instrument_old/dataset/logmel_songs/23/1415223.npy
track_1371899,/content/drive/MyDrive/MTG_Instrument_old/dataset/logmel_songs/99/1371899.npy
track_1041559,/content/drive/MyDrive/MTG_Instrument_old/dataset/logmel_songs/59/1041559.npy
track_0889264,/content/drive/MyDrive/MTG_Instrument_old/dataset/logmel_songs/64/889264.npy
track_1077777,/content/drive/MyDrive/MTG_Instrument_old/dataset/logmel_songs/77/1077777.npy
track_1207612,/content/drive/MyDrive/MTG_Instrument_old/dataset/logmel_songs/12/1207612.npy
track_1345987,/content/drive/MyDrive/MTG_Instrument_old/dataset/logmel_songs/87/1345987.npy
track_0618457,/content/drive/MyDrive/MTG_Instrument_old/dataset/logmel_songs/57/618457.npy
track_1171018,/content/drive/MyDrive/MTG_Instrument_old/dataset/logmel_songs/18/1171018.npy
track_1057733,/content/drive/MyDrive/MTG_Instrument_old/dataset/logmel_songs/33/1057733.npy
track_0008562,/content/drive/MyDrive/MTG_Instrument_old/dataset/logmel_songs/62/8562.npy
track_0350870,/content/drive/MyDrive/MTG_Instrument_old/dataset/logmel_songs/70/350870.npy
track_0247649,/content/drive/MyDrive/MTG_Instrument_old/dataset/logmel_songs/49/247649.npy
track_1121428,/content/drive/MyDrive/MTG_Instrument_old/dataset/logmel_songs/28/1121428.npy
track_1092251,/content/drive/MyDrive/MTG_Instrument_old/dataset/logmel_songs/51/1092251.npy
track_1399790,/content/drive/MyDrive/MTG_Instrument_old/dataset/logmel_songs/90/1399790.npy
track_1027876,/content/drive/MyDrive/MTG_Instrument_old/dataset/logmel_songs/76/1027876.npy
track_1081181,/content/drive/MyDrive/MTG_Instrument_old/dataset/logmel_songs/81/1081181.npy
track_1129316,/content/drive/MyDrive/MTG_Instrument_old/dataset/logmel_songs/16/1129316.npy
track_0084189,/content/drive/MyDrive/MTG_Instrument_old/dataset/logmel_songs/89/84189.npy
track_1076570,/content/drive/MyDrive/MTG_Instrument_old/dataset/logmel_songs/70/1076570.npy
track_1145351,/content/drive/MyDrive/MTG_Instrument_old/dataset/logmel_songs/51/1145351.npy
track_1162942,/content/drive/MyDrive/MTG_Instrument_old/dataset/logmel_songs/42/1162942.npy
track_0802324,/content/drive/MyDrive/MTG_Instrument_old/dataset/logmel_songs/24/802324.npy
track_1330386,/content/drive/MyDrive/MTG_Instrument_old/dataset/logmel_songs/86/1330386.npy
track_1067689,/content/drive/MyDrive/MTG_Instrument_old/dataset/logmel_songs/89/1067689.npy
track_0381098,/content/drive/MyDrive/MTG_Instrument_old/dataset/logmel_songs/98/381098.npy
track_1128212,/content/drive/MyDrive/MTG_Instrument_old/dataset/logmel_songs/12/1128212.npy
track_1341107,/content/drive/MyDrive/MTG_Instrument_old/dataset/logmel_songs/07/1341107.npy
track_1215950,/content/drive/MyDrive/MTG_Instrument_old/dataset/logmel_songs/50/1215950.npy
track_1052161,/content/drive/MyDrive/MTG_Instrument_old/dataset/logmel_songs/61/1052161.npy
track_1304480,/content/drive/MyDrive/MTG_Instrument_old/dataset/logmel_songs/80/1304480.npy
track_1160224,/content/drive/MyDrive/MTG_Instrument_old/dataset/logmel_songs/24/1160224.npy
track_0359663,/content/drive/MyDrive/MTG_Instrument_old/dataset/logmel_songs/63/359663.npy
track_0952918,/content/drive/MyDrive/MTG_Instrument_old/dataset/logmel_songs/18/952918.npy
track_1397812,/content/drive/MyDrive/MTG_Instrument_old/dataset/logmel_songs/12/1397812.npy
track_0236347,/content/drive/MyDrive/MTG_Instrument_old/dataset/logmel_songs/47/236347.npy
track_1356241,/content/drive/MyDrive/MTG_Instrument_old/dataset/logmel_songs/41/1356241.npy
track_1151197,/content/drive/MyDrive/MTG_Instrument_old/dataset/logmel_songs/97/1151197.npy
track_1359472,/content/drive/MyDrive/MTG_Instrument_old/dataset/logmel_songs/72/1359472.npy
track_0133521,/content/drive/MyDrive/MTG_Instrument_old/dataset/logmel_songs/21/133521.npy
track_0965304,/content/drive/MyDrive/MTG_Instrument_old/dataset/logmel_songs/04/965304.npy
track_0865676,/content/drive/MyDrive/MTG_Instrument_old/dataset/logmel_songs/76/865676.npy
track_0466209,/content/drive/MyDrive/MTG_Instrument_old/dataset/logmel_songs/09/466209.npy
track_1158632,/content/drive/MyDrive/MTG_Instrument_old/dataset/logmel_songs/32/1158632.npy
track_0422558,/content/drive/MyDrive/MTG_Instrument_old/dataset/logmel_songs/58/422558.npy
track_0147664,/content/drive/MyDrive/MTG_Instrument_old/dataset/logmel_songs/64/147664.npy
track_0965316,/content/drive/MyDrive/MTG_Instrument_old/dataset/logmel_songs/16/965316.npy
track_0685845,/content/drive/MyDrive/MTG_Instrument_old/dataset/logmel_songs/45/685845.npy
track_1100510,/content/drive/MyDrive/MTG_Instrument_old/dataset/logmel_songs/10/1100510.npy
track_0352694,/content/drive/MyDrive/MTG_Instrument_old/dataset/logmel_songs/94/352694.npy
track_0965451,/content/drive/MyDrive/MTG_Instrument_old/dataset/logmel_songs/51/965451.npy
track_0981229,/content/drive/MyDrive/MTG_Instrument_old/dataset/logmel_songs/29/981229.npy
track_0973993,/content/drive/MyDrive/MTG_Instrument_old/dataset/logmel_songs/93/973993.npy
track_0911615,/content/drive/MyDrive/MTG_Instrument_old/dataset/logmel_songs/15/911615.npy
track_0556377,/content/drive/MyDrive/MTG_Instrument_old/dataset/logmel_songs/77/556377.npy
track_1319991,/content/drive/MyDrive/MTG_Instrument_old/dataset/logmel_songs/91/1319991.npy
track_1417804,/content/drive/MyDrive/MTG_Instrument_old/dataset/logmel_songs/04/1417804.npy
track_1352161,/content/drive/MyDrive/MTG_Instrument_old/dataset/logmel_songs/61/1352161.npy
track_1161431,/content/drive/MyDrive/MTG_Instrument_old/dataset/logmel_songs/31/1161431.npy
track_1165522,/content/drive/MyDrive/MTG_Instrument_old/dataset/logmel_songs/22/1165522.npy
track_0015162,/content/drive/MyDrive/MTG_Instrument_old/dataset/logmel_songs/62/15162.npy
track_0734456,/content/drive/MyDrive/MTG_Instrument_old/dataset/logmel_songs/56/734456.npy
track_0873822,/content/drive/MyDrive/MTG_Instrument_old/dataset/logmel_songs/22/873822.npy
track_1417337,/content/drive/MyDrive/MTG_Instrument_old/dataset/logmel_songs/37/1417337.npy
track_1137233,/content/drive/MyDrive/MTG_Instrument_old/dataset/logmel_songs/33/1137233.npy
track_1027607,/content/drive/MyDrive/MTG_Instrument_old/dataset/logmel_songs/07/1027607.npy
track_1012005,/content/drive/MyDrive/MTG_Instrument_old/dataset/logmel_songs/05/1012005.npy
track_0329682,/content/drive/MyDrive/MTG_Instrument_old/dataset/logmel_songs/82/329682.npy
track_0949609,/content/drive/MyDrive/MTG_Instrument_old/dataset/logmel_songs/09/949609.npy
track_0636016,/content/drive/MyDrive/MTG_Instrument_old/dataset/logmel_songs/16/636016.npy
track_1146585,/content/drive/MyDrive/MTG_Instrument_old/dataset/logmel_songs/85/1146585.npy
track_0565794,/content/drive/MyDrive/MTG_Instrument_old/dataset/logmel_songs/94/565794.npy
track_1274435,/content/drive/MyDrive/MTG_Instrument_old/dataset/logmel_songs/35/1274435.npy
track_1248622,/content/drive/MyDrive/MTG_Instrument_old/dataset/logmel_songs/22/1248622.npy
track_1074702,/content/drive/MyDrive/MTG_Instrument_old/dataset/logmel_songs/02/1074702.npy
track_0347534,/content/drive/MyDrive/MTG_Instrument_old/dataset/logmel_songs/34/347534.npy
track_1284739,/content/drive/MyDrive/MTG_Instrument_old/dataset/logmel_songs/39/1284739.npy
track_0897983,/content/drive/MyDrive/MTG_Instrument_old/dataset/logmel_songs/83/897983.npy
track_0653702,/content/drive/MyDrive/MTG_Instrument_old/dataset/logmel_songs/02/653702.npy
track_0450991,/content/drive/MyDrive/MTG_Instrument_old/dataset/logmel_songs/91/450991.npy
track_0182038,/content/drive/MyDrive/MTG_Instrument_old/dataset/logmel_songs/38/182038.npy
track_1147081,/content/drive/MyDrive/MTG_Instrument_old/dataset/logmel_songs/81/1147081.npy
track_1379123,/content/drive/MyDrive/MTG_Instrument_old/dataset/logmel_songs/23/1379123.npy
track_0532253,/content/drive/MyDrive/MTG_Instrument_old/dataset/logmel_songs/53/532253.npy
track_0482263,/content/drive/MyDrive/MTG_Instrument_old/dataset/logmel_songs/63/482263.npy
track_1110106,/content/drive/MyDrive/MTG_Instrument_old/dataset/logmel_songs/06/1110106.npy
track_1239110,/content/drive/MyDrive/MTG_Instrument_old/dataset/logmel_songs/10/1239110.npy
track_0076661,/content/drive/MyDrive/MTG_Instrument_old/dataset/logmel_songs/61/76661.npy
track_0108592,/content/drive/MyDrive/MTG_Instrument_old/dataset/logmel_songs/92/108592.npy
track_0394415,/content/drive/MyDrive/MTG_Instrument_old/dataset/logmel_songs/15/394415.npy
track_0675874,/content/drive/MyDrive/MTG_Instrument_old/dataset/logmel_songs/74/675874.npy
track_0962721,/content/drive/MyDrive/MTG_Instrument_old/dataset/logmel_songs/21/962721.npy
track_1383149,/content/drive/MyDrive/MTG_Instrument_old/dataset/logmel_songs/49/1383149.npy
track_1417802,/content/drive/MyDrive/MTG_Instrument_old/dataset/logmel_songs/02/1417802.npy
track_1346112,/content/drive/MyDrive/MTG_Instrument_old/dataset/logmel_songs/12/1346112.npy
track_1208347,/content/drive/MyDrive/MTG_Instrument_old/dataset/logmel_songs/47/1208347.npy
track_0017492,/content/drive/MyDrive/MTG_Instrument_old/dataset/logmel_songs/92/17492.npy
track_0922858,/content/drive/MyDrive/MTG_Instrument_old/dataset/logmel_songs/58/922858.npy
track_1277893,/content/drive/MyDrive/MTG_Instrument_old/dataset/logmel_songs/93/1277893.npy
track_1222348,/content/drive/MyDrive/MTG_Instrument_old/dataset/logmel_songs/48/1222348.npy
track_1352257,/content/drive/MyDrive/MTG_Instrument_old/dataset/logmel_songs/57/1352257.npy
track_0081038,/content/drive/MyDrive/MTG_Instrument_old/dataset/logmel_songs/38/81038.npy
track_1112051,/content/drive/MyDrive/MTG_Instrument_old/dataset/logmel_songs/51/1112051.npy
track_1306402,/content/drive/MyDrive/MTG_Instrument_old/dataset/logmel_songs/02/1306402.npy
track_1290444,/content/drive/MyDrive/MTG_Instrument_old/dataset/logmel_songs/44/1290444.npy
track_0891053,/content/drive/MyDrive/MTG_Instrument_old/dataset/logmel_songs/53/891053.npy
track_0986872,/content/drive/MyDrive/MTG_Instrument_old/dataset/logmel_songs/72/986872.npy
track_1276486,/content/drive/MyDrive/MTG_Instrument_old/dataset/logmel_songs/86/1276486.npy
track_0830893,/content/drive/MyDrive/MTG_Instrument_old/dataset/logmel_songs/93/830893.npy
track_1372278,/content/drive/MyDrive/MTG_Instrument_old/dataset/logmel_songs/78/1372278.npy
track_1417886,/content/drive/MyDrive/MTG_Instrument_old/dataset/logmel_songs/86/1417886.npy
track_1131489,/content/drive/MyDrive/MTG_Instrument_old/dataset/logmel_songs/89/1131489.npy
track_0571485,/content/drive/MyDrive/MTG_Instrument_old/dataset/logmel_songs/85/571485.npy
track_1222008,/content/drive/MyDrive/MTG_Instrument_old/dataset/logmel_songs/08/1222008.npy
track_1088385,/content/drive/MyDrive/MTG_Instrument_old/dataset/logmel_songs/85/1088385.npy
track_1115632,/content/drive/MyDrive/MTG_Instrument_old/dataset/logmel_songs/32/1115632.npy
track_1330508,/content/drive/MyDrive/MTG_Instrument_old/dataset/logmel_songs/08/1330508.npy
track_1359486,/content/drive/MyDrive/MTG_Instrument_old/dataset/logmel_songs/86/1359486.npy
track_0743963,/content/drive/MyDrive/MTG_Instrument_old/dataset/logmel_songs/63/743963.npy
track_0801484,/content/drive/MyDrive/MTG_Instrument_old/dataset/logmel_songs/84/801484.npy
track_0133520,/content/drive/MyDrive/MTG_Instrument_old/dataset/logmel_songs/20/133520.npy
track_1075193,/content/drive/MyDrive/MTG_Instrument_old/dataset/logmel_songs/93/1075193.npy
track_1348660,/content/drive/MyDrive/MTG_Instrument_old/dataset/logmel_songs/60/1348660.npy
track_0034853,/content/drive/MyDrive/MTG_Instrument_old/dataset/logmel_songs/53/34853.npy
track_1078425,/content/drive/MyDrive/MTG_Instrument_old/dataset/logmel_songs/25/1078425.npy
track_1294440,/content/drive/MyDrive/MTG_Instrument_old/dataset/logmel_songs/40/1294440.npy
track_0628411,/content/drive/MyDrive/MTG_Instrument_old/dataset/logmel_songs/11/628411.npy
track_0976819,/content/drive/MyDrive/MTG_Instrument_old/dataset/logmel_songs/19/976819.npy
track_1129459,/content/drive/MyDrive/MTG_Instrument_old/dataset/logmel_songs/59/1129459.npy
track_0339196,/content/drive/MyDrive/MTG_Instrument_old/dataset/logmel_songs/96/339196.npy
track_1030279,/content/drive/MyDrive/MTG_Instrument_old/dataset/logmel_songs/79/1030279.npy
track_1243727,/content/drive/MyDrive/MTG_Instrument_old/dataset/logmel_songs/27/1243727.npy
track_1241410,/content/drive/MyDrive/MTG_Instrument_old/dataset/logmel_songs/10/1241410.npy
track_1392651,/content/drive/MyDrive/MTG_Instrument_old/dataset/logmel_songs/51/1392651.npy
track_0810889,/content/drive/MyDrive/MTG_Instrument_old/dataset/logmel_songs/89/810889.npy
track_1168523,/content/drive/MyDrive/MTG_Instrument_old/dataset/logmel_songs/23/1168523.npy
track_1225293,/content/drive/MyDrive/MTG_Instrument_old/dataset/logmel_songs/93/1225293.npy
track_1056611,/content/drive/MyDrive/MTG_Instrument_old/dataset/logmel_songs/11/1056611.npy
track_1414670,/content/drive/MyDrive/MTG_Instrument_old/dataset/logmel_songs/70/1414670.npy
track_1157325,/content/drive/MyDrive/MTG_Instrument_old/dataset/logmel_songs/25/1157325.npy
track_1114718,/content/drive/MyDrive/MTG_Instrument_old/dataset/logmel_songs/18/1114718.npy
track_1064517,/content/drive/MyDrive/MTG_Instrument_old/dataset/logmel_songs/17/1064517.npy
track_1167922,/content/drive/MyDrive/MTG_Instrument_old/dataset/logmel_songs/22/1167922.npy
track_0565800,/content/drive/MyDrive/MTG_Instrument_old/dataset/logmel_songs/00/565800.npy
track_1197340,/content/drive/MyDrive/MTG_Instrument_old/dataset/logmel_songs/40/1197340.npy
track_1350759,/content/drive/MyDrive/MTG_Instrument_old/dataset/logmel_songs/59/1350759.npy
track_0941156,/content/drive/MyDrive/MTG_Instrument_old/dataset/logmel_songs/56/941156.npy
track_0206014,/content/drive/MyDrive/MTG_Instrument_old/dataset/logmel_songs/14/206014.npy
track_0149487,/content/drive/MyDrive/MTG_Instrument_old/dataset/logmel_songs/87/149487.npy
track_1079385,/content/drive/MyDrive/MTG_Instrument_old/dataset/logmel_songs/85/1079385.npy
track_0246737,/content/drive/MyDrive/MTG_Instrument_old/dataset/logmel_songs/37/246737.npy
track_0961258,/content/drive/MyDrive/MTG_Instrument_old/dataset/logmel_songs/58/961258.npy
track_1260047,/content/drive/MyDrive/MTG_Instrument_old/dataset/logmel_songs/47/1260047.npy
track_1299808,/content/drive/MyDrive/MTG_Instrument_old/dataset/logmel_songs/08/1299808.npy
track_0897311,/content/drive/MyDrive/MTG_Instrument_old/dataset/logmel_songs/11/897311.npy
track_1376056,/content/drive/MyDrive/MTG_Instrument_old/dataset/logmel_songs/56/1376056.npy
track_1168499,/content/drive/MyDrive/MTG_Instrument_old/dataset/logmel_songs/99/1168499.npy
track_1402706,/content/drive/MyDrive/MTG_Instrument_old/dataset/logmel_songs/06/1402706.npy
track_1164985,/content/drive/MyDrive/MTG_Instrument_old/dataset/logmel_songs/85/1164985.npy
track_1372192,/content/drive/MyDrive/MTG_Instrument_old/dataset/logmel_songs/92/1372192.npy
track_0934047,/content/drive/MyDrive/MTG_Instrument_old/dataset/logmel_songs/47/934047.npy
track_1156032,/content/drive/MyDrive/MTG_Instrument_old/dataset/logmel_songs/32/1156032.npy
track_0399401,/content/drive/MyDrive/MTG_Instrument_old/dataset/logmel_songs/01/399401.npy
track_1355395,/content/drive/MyDrive/MTG_Instrument_old/dataset/logmel_songs/95/1355395.npy
track_1150489,/content/drive/MyDrive/MTG_Instrument_old/dataset/logmel_songs/89/1150489.npy
track_1165498,/content/drive/MyDrive/MTG_Instrument_old/dataset/logmel_songs/98/1165498.npy
track_0501674,/content/drive/MyDrive/MTG_Instrument_old/dataset/logmel_songs/74/501674.npy
track_1125822,/content/drive/MyDrive/MTG_Instrument_old/dataset/logmel_songs/22/1125822.npy
track_0447147,/content/drive/MyDrive/MTG_Instrument_old/dataset/logmel_songs/47/447147.npy
track_0976817,/content/drive/MyDrive/MTG_Instrument_old/dataset/logmel_songs/17/976817.npy
track_1172447,/content/drive/MyDrive/MTG_Instrument_old/dataset/logmel_songs/47/1172447.npy
track_0867665,/content/drive/MyDrive/MTG_Instrument_old/dataset/logmel_songs/65/867665.npy
track_1168541,/content/drive/MyDrive/MTG_Instrument_old/dataset/logmel_songs/41/1168541.npy
track_0799819,/content/drive/MyDrive/MTG_Instrument_old/dataset/logmel_songs/19/799819.npy
track_1107277,/content/drive/MyDrive/MTG_Instrument_old/dataset/logmel_songs/77/1107277.npy
track_1110764,/content/drive/MyDrive/MTG_Instrument_old/dataset/logmel_songs/64/1110764.npy
track_0293156,/content/drive/MyDrive/MTG_Instrument_old/dataset/logmel_songs/56/293156.npy
track_1032702,/content/drive/MyDrive/MTG_Instrument_old/dataset/logmel_songs/02/1032702.npy
track_1170730,/content/drive/MyDrive/MTG_Instrument_old/dataset/logmel_songs/30/1170730.npy
track_1049828,/content/drive/MyDrive/MTG_Instrument_old/dataset/logmel_songs/28/1049828.npy
track_1119592,/content/drive/MyDrive/MTG_Instrument_old/dataset/logmel_songs/92/1119592.npy
track_1193254,/content/drive/MyDrive/MTG_Instrument_old/dataset/logmel_songs/54/1193254.npy
track_1169941,/content/drive/MyDrive/MTG_Instrument_old/dataset/logmel_songs/41/1169941.npy
track_1149533,/content/drive/MyDrive/MTG_Instrument_old/dataset/logmel_songs/33/1149533.npy
track_0725496,/content/drive/MyDrive/MTG_Instrument_old/dataset/logmel_songs/96/725496.npy
track_1171314,/content/drive/MyDrive/MTG_Instrument_old/dataset/logmel_songs/14/1171314.npy
track_0442828,/content/drive/MyDrive/MTG_Instrument_old/dataset/logmel_songs/28/442828.npy
track_1318103,/content/drive/MyDrive/MTG_Instrument_old/dataset/logmel_songs/03/1318103.npy
track_0711271,/content/drive/MyDrive/MTG_Instrument_old/dataset/logmel_songs/71/711271.npy
track_1096957,/content/drive/MyDrive/MTG_Instrument_old/dataset/logmel_songs/57/1096957.npy
track_0725504,/content/drive/MyDrive/MTG_Instrument_old/dataset/logmel_songs/04/725504.npy
track_1415750,/content/drive/MyDrive/MTG_Instrument_old/dataset/logmel_songs/50/1415750.npy
track_0498815,/content/drive/MyDrive/MTG_Instrument_old/dataset/logmel_songs/15/498815.npy
track_1380006,/content/drive/MyDrive/MTG_Instrument_old/dataset/logmel_songs/06/1380006.npy
track_0162043,/content/drive/MyDrive/MTG_Instrument_old/dataset/logmel_songs/43/162043.npy
track_1159740,/content/drive/MyDrive/MTG_Instrument_old/dataset/logmel_songs/40/1159740.npy
track_0939241,/content/drive/MyDrive/MTG_Instrument_old/dataset/logmel_songs/41/939241.npy
track_1052564,/content/drive/MyDrive/MTG_Instrument_old/dataset/logmel_songs/64/1052564.npy
track_0106223,/content/drive/MyDrive/MTG_Instrument_old/dataset/logmel_songs/23/106223.npy
track_1396244,/content/drive/MyDrive/MTG_Instrument_old/dataset/logmel_songs/44/1396244.npy
track_1192426,/content/drive/MyDrive/MTG_Instrument_old/dataset/logmel_songs/26/1192426.npy
track_1329943,/content/drive/MyDrive/MTG_Instrument_old/dataset/logmel_songs/43/1329943.npy
track_0700217,/content/drive/MyDrive/MTG_Instrument_old/dataset/logmel_songs/17/700217.npy
track_0082424,/content/drive/MyDrive/MTG_Instrument_old/dataset/logmel_songs/24/82424.npy
track_1242780,/content/drive/MyDrive/MTG_Instrument_old/dataset/logmel_songs/80/1242780.npy
track_1023481,/content/drive/MyDrive/MTG_Instrument_old/dataset/logmel_songs/81/1023481.npy
track_1119923,/content/drive/MyDrive/MTG_Instrument_old/dataset/logmel_songs/23/1119923.npy
track_1306265,/content/drive/MyDrive/MTG_Instrument_old/dataset/logmel_songs/65/1306265.npy
track_1161434,/content/drive/MyDrive/MTG_Instrument_old/dataset/logmel_songs/34/1161434.npy
track_1102233,/content/drive/MyDrive/MTG_Instrument_old/dataset/logmel_songs/33/1102233.npy
track_1287157,/content/drive/MyDrive/MTG_Instrument_old/dataset/logmel_songs/57/1287157.npy
track_0259936,/content/drive/MyDrive/MTG_Instrument_old/dataset/logmel_songs/36/259936.npy
track_0577044,/content/drive/MyDrive/MTG_Instrument_old/dataset/logmel_songs/44/577044.npy
track_1355015,/content/drive/MyDrive/MTG_Instrument_old/dataset/logmel_songs/15/1355015.npy
track_1275612,/content/drive/MyDrive/MTG_Instrument_old/dataset/logmel_songs/12/1275612.npy
track_1321089,/content/drive/MyDrive/MTG_Instrument_old/dataset/logmel_songs/89/1321089.npy
track_1037051,/content/drive/MyDrive/MTG_Instrument_old/dataset/logmel_songs/51/1037051.npy
track_1159695,/content/drive/MyDrive/MTG_Instrument_old/dataset/logmel_songs/95/1159695.npy
track_1369863,/content/drive/MyDrive/MTG_Instrument_old/dataset/logmel_songs/63/1369863.npy
track_1231037,/content/drive/MyDrive/MTG_Instrument_old/dataset/logmel_songs/37/1231037.npy
track_1150900,/content/drive/MyDrive/MTG_Instrument_old/dataset/logmel_songs/00/1150900.npy
track_0049027,/content/drive/MyDrive/MTG_Instrument_old/dataset/logmel_songs/27/49027.npy
track_1335983,/content/drive/MyDrive/MTG_Instrument_old/dataset/logmel_songs/83/1335983.npy
track_1109853,/content/drive/MyDrive/MTG_Instrument_old/dataset/logmel_songs/53/1109853.npy
track_1331525,/content/drive/MyDrive/MTG_Instrument_old/dataset/logmel_songs/25/1331525.npy
track_1294018,/content/drive/MyDrive/MTG_Instrument_old/dataset/logmel_songs/18/1294018.npy
track_1235602,/content/drive/MyDrive/MTG_Instrument_old/dataset/logmel_songs/02/1235602.npy
track_0956551,/content/drive/MyDrive/MTG_Instrument_old/dataset/logmel_songs/51/956551.npy
track_1001892,/content/drive/MyDrive/MTG_Instrument_old/dataset/logmel_songs/92/1001892.npy
track_1115569,/content/drive/MyDrive/MTG_Instrument_old/dataset/logmel_songs/69/1115569.npy
track_1270574,/content/drive/MyDrive/MTG_Instrument_old/dataset/logmel_songs/74/1270574.npy
track_0080785,/content/drive/MyDrive/MTG_Instrument_old/dataset/logmel_songs/85/80785.npy
track_1253054,/content/drive/MyDrive/MTG_Instrument_old/dataset/logmel_songs/54/1253054.npy
track_1136882,/content/drive/MyDrive/MTG_Instrument_old/dataset/logmel_songs/82/1136882.npy
track_1028807,/content/drive/MyDrive/MTG_Instrument_old/dataset/logmel_songs/07/1028807.npy
track_1419626,/content/drive/MyDrive/MTG_Instrument_old/dataset/logmel_songs/26/1419626.npy
track_1189925,/content/drive/MyDrive/MTG_Instrument_old/dataset/logmel_songs/25/1189925.npy
track_0941406,/content/drive/MyDrive/MTG_Instrument_old/dataset/logmel_songs/06/941406.npy
track_1300335,/content/drive/MyDrive/MTG_Instrument_old/dataset/logmel_songs/35/1300335.npy
track_1274079,/content/drive/MyDrive/MTG_Instrument_old/dataset/logmel_songs/79/1274079.npy
track_1397802,/content/drive/MyDrive/MTG_Instrument_old/dataset/logmel_songs/02/1397802.npy
track_1119473,/content/drive/MyDrive/MTG_Instrument_old/dataset/logmel_songs/73/1119473.npy
track_0246749,/content/drive/MyDrive/MTG_Instrument_old/dataset/logmel_songs/49/246749.npy
track_1332189,/content/drive/MyDrive/MTG_Instrument_old/dataset/logmel_songs/89/1332189.npy
track_1125825,/content/drive/MyDrive/MTG_Instrument_old/dataset/logmel_songs/25/1125825.npy
track_0166338,/content/drive/MyDrive/MTG_Instrument_old/dataset/logmel_songs/38/166338.npy
track_0715783,/content/drive/MyDrive/MTG_Instrument_old/dataset/logmel_songs/83/715783.npy
track_0345908,/content/drive/MyDrive/MTG_Instrument_old/dataset/logmel_songs/08/345908.npy
track_1096089,/content/drive/MyDrive/MTG_Instrument_old/dataset/logmel_songs/89/1096089.npy
track_0663859,/content/drive/MyDrive/MTG_Instrument_old/dataset/logmel_songs/59/663859.npy
track_1332637,/content/drive/MyDrive/MTG_Instrument_old/dataset/logmel_songs/37/1332637.npy
track_1326539,/content/drive/MyDrive/MTG_Instrument_old/dataset/logmel_songs/39/1326539.npy
track_1016180,/content/drive/MyDrive/MTG_Instrument_old/dataset/logmel_songs/80/1016180.npy
track_0737328,/content/drive/MyDrive/MTG_Instrument_old/dataset/logmel_songs/28/737328.npy
track_0017491,/content/drive/MyDrive/MTG_Instrument_old/dataset/logmel_songs/91/17491.npy
track_1235016,/content/drive/MyDrive/MTG_Instrument_old/dataset/logmel_songs/16/1235016.npy
track_0043881,/content/drive/MyDrive/MTG_Instrument_old/dataset/logmel_songs/81/43881.npy
track_1375970,/content/drive/MyDrive/MTG_Instrument_old/dataset/logmel_songs/70/1375970.npy
track_0030220,/content/drive/MyDrive/MTG_Instrument_old/dataset/logmel_songs/20/30220.npy
track_0594261,/content/drive/MyDrive/MTG_Instrument_old/dataset/logmel_songs/61/594261.npy
track_0996972,/content/drive/MyDrive/MTG_Instrument_old/dataset/logmel_songs/72/996972.npy
track_0004890,/content/drive/MyDrive/MTG_Instrument_old/dataset/logmel_songs/90/4890.npy
track_0711261,/content/drive/MyDrive/MTG_Instrument_old/dataset/logmel_songs/61/711261.npy
track_0084142,/content/drive/MyDrive/MTG_Instrument_old/dataset/logmel_songs/42/84142.npy
track_1316288,/content/drive/MyDrive/MTG_Instrument_old/dataset/logmel_songs/88/1316288.npy
track_1221580,/content/drive/MyDrive/MTG_Instrument_old/dataset/logmel_songs/80/1221580.npy
track_1243740,/content/drive/MyDrive/MTG_Instrument_old/dataset/logmel_songs/40/1243740.npy
track_1085602,/content/drive/MyDrive/MTG_Instrument_old/dataset/logmel_songs/02/1085602.npy
track_0168997,/content/drive/MyDrive/MTG_Instrument_old/dataset/logmel_songs/97/168997.npy
track_0131628,/content/drive/MyDrive/MTG_Instrument_old/dataset/logmel_songs/28/131628.npy
track_0938055,/content/drive/MyDrive/MTG_Instrument_old/dataset/logmel_songs/55/938055.npy
track_1371330,/content/drive/MyDrive/MTG_Instrument_old/dataset/logmel_songs/30/1371330.npy
track_1275963,/content/drive/MyDrive/MTG_Instrument_old/dataset/logmel_songs/63/1275963.npy
track_0900796,/content/drive/MyDrive/MTG_Instrument_old/dataset/logmel_songs/96/900796.npy
track_1092183,/content/drive/MyDrive/MTG_Instrument_old/dataset/logmel_songs/83/1092183.npy
track_0908555,/content/drive/MyDrive/MTG_Instrument_old/dataset/logmel_songs/55/908555.npy
track_0939260,/content/drive/MyDrive/MTG_Instrument_old/dataset/logmel_songs/60/939260.npy
track_1348129,/content/drive/MyDrive/MTG_Instrument_old/dataset/logmel_songs/29/1348129.npy
track_1307838,/content/drive/MyDrive/MTG_Instrument_old/dataset/logmel_songs/38/1307838.npy
track_1396976,/content/drive/MyDrive/MTG_Instrument_old/dataset/logmel_songs/76/1396976.npy
track_0897315,/content/drive/MyDrive/MTG_Instrument_old/dataset/logmel_songs/15/897315.npy
track_0950579,/content/drive/MyDrive/MTG_Instrument_old/dataset/logmel_songs/79/950579.npy
track_1292549,/content/drive/MyDrive/MTG_Instrument_old/dataset/logmel_songs/49/1292549.npy
track_1418009,/content/drive/MyDrive/MTG_Instrument_old/dataset/logmel_songs/09/1418009.npy
track_0346315,/content/drive/MyDrive/MTG_Instrument_old/dataset/logmel_songs/15/346315.npy
track_1221916,/content/drive/MyDrive/MTG_Instrument_old/dataset/logmel_songs/16/1221916.npy
track_1204454,/content/drive/MyDrive/MTG_Instrument_old/dataset/logmel_songs/54/1204454.npy
track_1201477,/content/drive/MyDrive/MTG_Instrument_old/dataset/logmel_songs/77/1201477.npy
track_0423239,/content/drive/MyDrive/MTG_Instrument_old/dataset/logmel_songs/39/423239.npy
track_1077043,/content/drive/MyDrive/MTG_Instrument_old/dataset/logmel_songs/43/1077043.npy
track_0080790,/content/drive/MyDrive/MTG_Instrument_old/dataset/logmel_songs/90/80790.npy
track_1326827,/content/drive/MyDrive/MTG_Instrument_old/dataset/logmel_songs/27/1326827.npy
track_0966860,/content/drive/MyDrive/MTG_Instrument_old/dataset/logmel_songs/60/966860.npy
track_1076571,/content/drive/MyDrive/MTG_Instrument_old/dataset/logmel_songs/71/1076571.npy
track_1063657,/content/drive/MyDrive/MTG_Instrument_old/dataset/logmel_songs/57/1063657.npy
track_0976788,/content/drive/MyDrive/MTG_Instrument_old/dataset/logmel_songs/88/976788.npy
track_1086300,/content/drive/MyDrive/MTG_Instrument_old/dataset/logmel_songs/00/1086300.npy
track_1150738,/content/drive/MyDrive/MTG_Instrument_old/dataset/logmel_songs/38/1150738.npy
track_0982115,/content/drive/MyDrive/MTG_Instrument_old/dataset/logmel_songs/15/982115.npy
track_1169996,/content/drive/MyDrive/MTG_Instrument_old/dataset/logmel_songs/96/1169996.npy
track_1161438,/content/drive/MyDrive/MTG_Instrument_old/dataset/logmel_songs/38/1161438.npy
track_1241409,/content/drive/MyDrive/MTG_Instrument_old/dataset/logmel_songs/09/1241409.npy
track_1171566,/content/drive/MyDrive/MTG_Instrument_old/dataset/logmel_songs/66/1171566.npy
track_1225307,/content/drive/MyDrive/MTG_Instrument_old/dataset/logmel_songs/07/1225307.npy
track_1245144,/content/drive/MyDrive/MTG_Instrument_old/dataset/logmel_songs/44/1245144.npy
track_1044190,/content/drive/MyDrive/MTG_Instrument_old/dataset/logmel_songs/90/1044190.npy
track_0934050,/content/drive/MyDrive/MTG_Instrument_old/dataset/logmel_songs/50/934050.npy
track_1356320,/content/drive/MyDrive/MTG_Instrument_old/dataset/logmel_songs/20/1356320.npy
track_0345907,/content/drive/MyDrive/MTG_Instrument_old/dataset/logmel_songs/07/345907.npy
track_1162945,/content/drive/MyDrive/MTG_Instrument_old/dataset/logmel_songs/45/1162945.npy
track_1350754,/content/drive/MyDrive/MTG_Instrument_old/dataset/logmel_songs/54/1350754.npy
track_0773686,/content/drive/MyDrive/MTG_Instrument_old/dataset/logmel_songs/86/773686.npy
track_1126698,/content/drive/MyDrive/MTG_Instrument_old/dataset/logmel_songs/98/1126698.npy
track_0176091,/content/drive/MyDrive/MTG_Instrument_old/dataset/logmel_songs/91/176091.npy
track_1028803,/content/drive/MyDrive/MTG_Instrument_old/dataset/logmel_songs/03/1028803.npy
track_1152621,/content/drive/MyDrive/MTG_Instrument_old/dataset/logmel_songs/21/1152621.npy
track_1041555,/content/drive/MyDrive/MTG_Instrument_old/dataset/logmel_songs/55/1041555.npy
track_0915384,/content/drive/MyDrive/MTG_Instrument_old/dataset/logmel_songs/84/915384.npy
track_1041461,/content/drive/MyDrive/MTG_Instrument_old/dataset/logmel_songs/61/1041461.npy
track_1219597,/content/drive/MyDrive/MTG_Instrument_old/dataset/logmel_songs/97/1219597.npy
track_1397145,/content/drive/MyDrive/MTG_Instrument_old/dataset/logmel_songs/45/1397145.npy
track_0259810,/content/drive/MyDrive/MTG_Instrument_old/dataset/logmel_songs/10/259810.npy
track_1131487,/content/drive/MyDrive/MTG_Instrument_old/dataset/logmel_songs/87/1131487.npy
track_1348085,/content/drive/MyDrive/MTG_Instrument_old/dataset/logmel_songs/85/1348085.npy
track_1326537,/content/drive/MyDrive/MTG_Instrument_old/dataset/logmel_songs/37/1326537.npy
track_0711267,/content/drive/MyDrive/MTG_Instrument_old/dataset/logmel_songs/67/711267.npy
track_0553252,/content/drive/MyDrive/MTG_Instrument_old/dataset/logmel_songs/52/553252.npy
track_1418016,/content/drive/MyDrive/MTG_Instrument_old/dataset/logmel_songs/16/1418016.npy
track_1115076,/content/drive/MyDrive/MTG_Instrument_old/dataset/logmel_songs/76/1115076.npy
track_1162380,/content/drive/MyDrive/MTG_Instrument_old/dataset/logmel_songs/80/1162380.npy
track_1254614,/content/drive/MyDrive/MTG_Instrument_old/dataset/logmel_songs/14/1254614.npy
track_0046541,/content/drive/MyDrive/MTG_Instrument_old/dataset/logmel_songs/41/46541.npy
track_1093631,/content/drive/MyDrive/MTG_Instrument_old/dataset/logmel_songs/31/1093631.npy
track_1273900,/content/drive/MyDrive/MTG_Instrument_old/dataset/logmel_songs/00/1273900.npy
track_1306052,/content/drive/MyDrive/MTG_Instrument_old/dataset/logmel_songs/52/1306052.npy
track_1159700,/content/drive/MyDrive/MTG_Instrument_old/dataset/logmel_songs/00/1159700.npy
track_1131096,/content/drive/MyDrive/MTG_Instrument_old/dataset/logmel_songs/96/1131096.npy
track_1039756,/content/drive/MyDrive/MTG_Instrument_old/dataset/logmel_songs/56/1039756.npy
track_0867663,/content/drive/MyDrive/MTG_Instrument_old/dataset/logmel_songs/63/867663.npy
track_1243730,/content/drive/MyDrive/MTG_Instrument_old/dataset/logmel_songs/30/1243730.npy
track_0789886,/content/drive/MyDrive/MTG_Instrument_old/dataset/logmel_songs/86/789886.npy
track_1360750,/content/drive/MyDrive/MTG_Instrument_old/dataset/logmel_songs/50/1360750.npy
track_0661753,/content/drive/MyDrive/MTG_Instrument_old/dataset/logmel_songs/53/661753.npy
track_1157597,/content/drive/MyDrive/MTG_Instrument_old/dataset/logmel_songs/97/1157597.npy
track_0155953,/content/drive/MyDrive/MTG_Instrument_old/dataset/logmel_songs/53/155953.npy
track_1125818,/content/drive/MyDrive/MTG_Instrument_old/dataset/logmel_songs/18/1125818.npy
track_0976781,/content/drive/MyDrive/MTG_Instrument_old/dataset/logmel_songs/81/976781.npy
track_0855267,/content/drive/MyDrive/MTG_Instrument_old/dataset/logmel_songs/67/855267.npy
track_1164346,/content/drive/MyDrive/MTG_Instrument_old/dataset/logmel_songs/46/1164346.npy
track_1402654,/content/drive/MyDrive/MTG_Instrument_old/dataset/logmel_songs/54/1402654.npy
track_1201668,/content/drive/MyDrive/MTG_Instrument_old/dataset/logmel_songs/68/1201668.npy
track_0073124,/content/drive/MyDrive/MTG_Instrument_old/dataset/logmel_songs/24/73124.npy
track_1160056,/content/drive/MyDrive/MTG_Instrument_old/dataset/logmel_songs/56/1160056.npy
track_1078635,/content/drive/MyDrive/MTG_Instrument_old/dataset/logmel_songs/35/1078635.npy
track_1076456,/content/drive/MyDrive/MTG_Instrument_old/dataset/logmel_songs/56/1076456.npy
track_1159748,/content/drive/MyDrive/MTG_Instrument_old/dataset/logmel_songs/48/1159748.npy
track_1227553,/content/drive/MyDrive/MTG_Instrument_old/dataset/logmel_songs/53/1227553.npy
track_1131497,/content/drive/MyDrive/MTG_Instrument_old/dataset/logmel_songs/97/1131497.npy
track_1173871,/content/drive/MyDrive/MTG_Instrument_old/dataset/logmel_songs/71/1173871.npy
track_1209616,/content/drive/MyDrive/MTG_Instrument_old/dataset/logmel_songs/16/1209616.npy
track_1166930,/content/drive/MyDrive/MTG_Instrument_old/dataset/logmel_songs/30/1166930.npy
track_0381192,/content/drive/MyDrive/MTG_Instrument_old/dataset/logmel_songs/92/381192.npy
track_1244711,/content/drive/MyDrive/MTG_Instrument_old/dataset/logmel_songs/11/1244711.npy
track_0450993,/content/drive/MyDrive/MTG_Instrument_old/dataset/logmel_songs/93/450993.npy
track_0953636,/content/drive/MyDrive/MTG_Instrument_old/dataset/logmel_songs/36/953636.npy
track_0957451,/content/drive/MyDrive/MTG_Instrument_old/dataset/logmel_songs/51/957451.npy
track_1285608,/content/drive/MyDrive/MTG_Instrument_old/dataset/logmel_songs/08/1285608.npy
track_1316289,/content/drive/MyDrive/MTG_Instrument_old/dataset/logmel_songs/89/1316289.npy
track_1163212,/content/drive/MyDrive/MTG_Instrument_old/dataset/logmel_songs/12/1163212.npy
track_1078478,/content/drive/MyDrive/MTG_Instrument_old/dataset/logmel_songs/78/1078478.npy
track_1328163,/content/drive/MyDrive/MTG_Instrument_old/dataset/logmel_songs/63/1328163.npy
track_0875313,/content/drive/MyDrive/MTG_Instrument_old/dataset/logmel_songs/13/875313.npy
track_1092335,/content/drive/MyDrive/MTG_Instrument_old/dataset/logmel_songs/35/1092335.npy
track_0835794,/content/drive/MyDrive/MTG_Instrument_old/dataset/logmel_songs/94/835794.npy
track_1193205,/content/drive/MyDrive/MTG_Instrument_old/dataset/logmel_songs/05/1193205.npy
track_1098679,/content/drive/MyDrive/MTG_Instrument_old/dataset/logmel_songs/79/1098679.npy
track_1166109,/content/drive/MyDrive/MTG_Instrument_old/dataset/logmel_songs/09/1166109.npy
track_1374299,/content/drive/MyDrive/MTG_Instrument_old/dataset/logmel_songs/99/1374299.npy
track_1294933,/content/drive/MyDrive/MTG_Instrument_old/dataset/logmel_songs/33/1294933.npy
track_0202927,/content/drive/MyDrive/MTG_Instrument_old/dataset/logmel_songs/27/202927.npy
track_0222132,/content/drive/MyDrive/MTG_Instrument_old/dataset/logmel_songs/32/222132.npy
track_0038767,/content/drive/MyDrive/MTG_Instrument_old/dataset/logmel_songs/67/38767.npy
track_1130022,/content/drive/MyDrive/MTG_Instrument_old/dataset/logmel_songs/22/1130022.npy
track_0346254,/content/drive/MyDrive/MTG_Instrument_old/dataset/logmel_songs/54/346254.npy
track_1126025,/content/drive/MyDrive/MTG_Instrument_old/dataset/logmel_songs/25/1126025.npy
track_1366863,/content/drive/MyDrive/MTG_Instrument_old/dataset/logmel_songs/63/1366863.npy
track_1089251,/content/drive/MyDrive/MTG_Instrument_old/dataset/logmel_songs/51/1089251.npy
track_1372073,/content/drive/MyDrive/MTG_Instrument_old/dataset/logmel_songs/73/1372073.npy
track_0553257,/content/drive/MyDrive/MTG_Instrument_old/dataset/logmel_songs/57/553257.npy
track_0347593,/content/drive/MyDrive/MTG_Instrument_old/dataset/logmel_songs/93/347593.npy
track_0389431,/content/drive/MyDrive/MTG_Instrument_old/dataset/logmel_songs/31/389431.npy
track_1121429,/content/drive/MyDrive/MTG_Instrument_old/dataset/logmel_songs/29/1121429.npy
track_0674304,/content/drive/MyDrive/MTG_Instrument_old/dataset/logmel_songs/04/674304.npy
track_1393397,/content/drive/MyDrive/MTG_Instrument_old/dataset/logmel_songs/97/1393397.npy
track_1231888,/content/drive/MyDrive/MTG_Instrument_old/dataset/logmel_songs/88/1231888.npy
track_1355013,/content/drive/MyDrive/MTG_Instrument_old/dataset/logmel_songs/13/1355013.npy
track_1189646,/content/drive/MyDrive/MTG_Instrument_old/dataset/logmel_songs/46/1189646.npy
track_1166106,/content/drive/MyDrive/MTG_Instrument_old/dataset/logmel_songs/06/1166106.npy
track_1388809,/content/drive/MyDrive/MTG_Instrument_old/dataset/logmel_songs/09/1388809.npy
track_0147665,/content/drive/MyDrive/MTG_Instrument_old/dataset/logmel_songs/65/147665.npy
track_1041563,/content/drive/MyDrive/MTG_Instrument_old/dataset/logmel_songs/63/1041563.npy
track_1309761,/content/drive/MyDrive/MTG_Instrument_old/dataset/logmel_songs/61/1309761.npy
track_1321298,/content/drive/MyDrive/MTG_Instrument_old/dataset/logmel_songs/98/1321298.npy
track_1038728,/content/drive/MyDrive/MTG_Instrument_old/dataset/logmel_songs/28/1038728.npy
track_0293160,/content/drive/MyDrive/MTG_Instrument_old/dataset/logmel_songs/60/293160.npy
track_1078368,/content/drive/MyDrive/MTG_Instrument_old/dataset/logmel_songs/68/1078368.npy
track_1296153,/content/drive/MyDrive/MTG_Instrument_old/dataset/logmel_songs/53/1296153.npy
track_1296931,/content/drive/MyDrive/MTG_Instrument_old/dataset/logmel_songs/31/1296931.npy
track_0873554,/content/drive/MyDrive/MTG_Instrument_old/dataset/logmel_songs/54/873554.npy
track_1091337,/content/drive/MyDrive/MTG_Instrument_old/dataset/logmel_songs/37/1091337.npy
track_1264196,/content/drive/MyDrive/MTG_Instrument_old/dataset/logmel_songs/96/1264196.npy
track_0579642,/content/drive/MyDrive/MTG_Instrument_old/dataset/logmel_songs/42/579642.npy
track_0618819,/content/drive/MyDrive/MTG_Instrument_old/dataset/logmel_songs/19/618819.npy
track_1249957,/content/drive/MyDrive/MTG_Instrument_old/dataset/logmel_songs/57/1249957.npy
track_1309739,/content/drive/MyDrive/MTG_Instrument_old/dataset/logmel_songs/39/1309739.npy
track_1077723,/content/drive/MyDrive/MTG_Instrument_old/dataset/logmel_songs/23/1077723.npy
track_0723358,/content/drive/MyDrive/MTG_Instrument_old/dataset/logmel_songs/58/723358.npy
track_1116401,/content/drive/MyDrive/MTG_Instrument_old/dataset/logmel_songs/01/1116401.npy
track_0896604,/content/drive/MyDrive/MTG_Instrument_old/dataset/logmel_songs/04/896604.npy
track_1345291,/content/drive/MyDrive/MTG_Instrument_old/dataset/logmel_songs/91/1345291.npy
track_1163963,/content/drive/MyDrive/MTG_Instrument_old/dataset/logmel_songs/63/1163963.npy
track_0980883,/content/drive/MyDrive/MTG_Instrument_old/dataset/logmel_songs/83/980883.npy
track_1123273,/content/drive/MyDrive/MTG_Instrument_old/dataset/logmel_songs/73/1123273.npy
track_1383728,/content/drive/MyDrive/MTG_Instrument_old/dataset/logmel_songs/28/1383728.npy
track_1089086,/content/drive/MyDrive/MTG_Instrument_old/dataset/logmel_songs/86/1089086.npy
track_1380678,/content/drive/MyDrive/MTG_Instrument_old/dataset/logmel_songs/78/1380678.npy
track_1054342,/content/drive/MyDrive/MTG_Instrument_old/dataset/logmel_songs/42/1054342.npy
track_1034944,/content/drive/MyDrive/MTG_Instrument_old/dataset/logmel_songs/44/1034944.npy
track_0166391,/content/drive/MyDrive/MTG_Instrument_old/dataset/logmel_songs/91/166391.npy
track_1098676,/content/drive/MyDrive/MTG_Instrument_old/dataset/logmel_songs/76/1098676.npy
track_0324619,/content/drive/MyDrive/MTG_Instrument_old/dataset/logmel_songs/19/324619.npy
track_1142158,/content/drive/MyDrive/MTG_Instrument_old/dataset/logmel_songs/58/1142158.npy
track_1164984,/content/drive/MyDrive/MTG_Instrument_old/dataset/logmel_songs/84/1164984.npy
track_0189589,/content/drive/MyDrive/MTG_Instrument_old/dataset/logmel_songs/89/189589.npy
track_0150781,/content/drive/MyDrive/MTG_Instrument_old/dataset/logmel_songs/81/150781.npy
track_1079300,/content/drive/MyDrive/MTG_Instrument_old/dataset/logmel_songs/00/1079300.npy
track_1165531,/content/drive/MyDrive/MTG_Instrument_old/dataset/logmel_songs/31/1165531.npy
track_1069749,/content/drive/MyDrive/MTG_Instrument_old/dataset/logmel_songs/49/1069749.npy
track_1151618,/content/drive/MyDrive/MTG_Instrument_old/dataset/logmel_songs/18/1151618.npy
track_0858540,/content/drive/MyDrive/MTG_Instrument_old/dataset/logmel_songs/40/858540.npy
track_1066896,/content/drive/MyDrive/MTG_Instrument_old/dataset/logmel_songs/96/1066896.npy
track_0324614,/content/drive/MyDrive/MTG_Instrument_old/dataset/logmel_songs/14/324614.npy
track_0771292,/content/drive/MyDrive/MTG_Instrument_old/dataset/logmel_songs/92/771292.npy
track_1194981,/content/drive/MyDrive/MTG_Instrument_old/dataset/logmel_songs/81/1194981.npy
track_0850188,/content/drive/MyDrive/MTG_Instrument_old/dataset/logmel_songs/88/850188.npy
track_1127562,/content/drive/MyDrive/MTG_Instrument_old/dataset/logmel_songs/62/1127562.npy
track_1419628,/content/drive/MyDrive/MTG_Instrument_old/dataset/logmel_songs/28/1419628.npy
track_1110779,/content/drive/MyDrive/MTG_Instrument_old/dataset/logmel_songs/79/1110779.npy
track_1168162,/content/drive/MyDrive/MTG_Instrument_old/dataset/logmel_songs/62/1168162.npy
track_0405788,/content/drive/MyDrive/MTG_Instrument_old/dataset/logmel_songs/88/405788.npy
track_0989875,/content/drive/MyDrive/MTG_Instrument_old/dataset/logmel_songs/75/989875.npy
track_0066945,/content/drive/MyDrive/MTG_Instrument_old/dataset/logmel_songs/45/66945.npy
track_1265150,/content/drive/MyDrive/MTG_Instrument_old/dataset/logmel_songs/50/1265150.npy
track_1353670,/content/drive/MyDrive/MTG_Instrument_old/dataset/logmel_songs/70/1353670.npy
track_0659892,/content/drive/MyDrive/MTG_Instrument_old/dataset/logmel_songs/92/659892.npy
track_0056450,/content/drive/MyDrive/MTG_Instrument_old/dataset/logmel_songs/50/56450.npy
track_1123272,/content/drive/MyDrive/MTG_Instrument_old/dataset/logmel_songs/72/1123272.npy
track_1159951,/content/drive/MyDrive/MTG_Instrument_old/dataset/logmel_songs/51/1159951.npy
track_1351142,/content/drive/MyDrive/MTG_Instrument_old/dataset/logmel_songs/42/1351142.npy
track_1279774,/content/drive/MyDrive/MTG_Instrument_old/dataset/logmel_songs/74/1279774.npy
track_0361031,/content/drive/MyDrive/MTG_Instrument_old/dataset/logmel_songs/31/361031.npy
track_0919479,/content/drive/MyDrive/MTG_Instrument_old/dataset/logmel_songs/79/919479.npy
track_0899143,/content/drive/MyDrive/MTG_Instrument_old/dataset/logmel_songs/43/899143.npy
track_1206160,/content/drive/MyDrive/MTG_Instrument_old/dataset/logmel_songs/60/1206160.npy
track_1168520,/content/drive/MyDrive/MTG_Instrument_old/dataset/logmel_songs/20/1168520.npy
track_0824627,/content/drive/MyDrive/MTG_Instrument_old/dataset/logmel_songs/27/824627.npy
track_0700214,/content/drive/MyDrive/MTG_Instrument_old/dataset/logmel_songs/14/700214.npy
track_1372088,/content/drive/MyDrive/MTG_Instrument_old/dataset/logmel_songs/88/1372088.npy
track_0991713,/content/drive/MyDrive/MTG_Instrument_old/dataset/logmel_songs/13/991713.npy
track_1409378,/content/drive/MyDrive/MTG_Instrument_old/dataset/logmel_songs/78/1409378.npy
track_1117411,/content/drive/MyDrive/MTG_Instrument_old/dataset/logmel_songs/11/1117411.npy
track_0891907,/content/drive/MyDrive/MTG_Instrument_old/dataset/logmel_songs/07/891907.npy
track_1264997,/content/drive/MyDrive/MTG_Instrument_old/dataset/logmel_songs/97/1264997.npy
track_1407059,/content/drive/MyDrive/MTG_Instrument_old/dataset/logmel_songs/59/1407059.npy
track_1396105,/content/drive/MyDrive/MTG_Instrument_old/dataset/logmel_songs/05/1396105.npy
track_1208809,/content/drive/MyDrive/MTG_Instrument_old/dataset/logmel_songs/09/1208809.npy
track_1133263,/content/drive/MyDrive/MTG_Instrument_old/dataset/logmel_songs/63/1133263.npy
track_1362259,/content/drive/MyDrive/MTG_Instrument_old/dataset/logmel_songs/59/1362259.npy
track_0401852,/content/drive/MyDrive/MTG_Instrument_old/dataset/logmel_songs/52/401852.npy
track_1319841,/content/drive/MyDrive/MTG_Instrument_old/dataset/logmel_songs/41/1319841.npy
track_0679894,/content/drive/MyDrive/MTG_Instrument_old/dataset/logmel_songs/94/679894.npy
track_0914034,/content/drive/MyDrive/MTG_Instrument_old/dataset/logmel_songs/34/914034.npy
track_1076573,/content/drive/MyDrive/MTG_Instrument_old/dataset/logmel_songs/73/1076573.npy
track_0778519,/content/drive/MyDrive/MTG_Instrument_old/dataset/logmel_songs/19/778519.npy
track_0259901,/content/drive/MyDrive/MTG_Instrument_old/dataset/logmel_songs/01/259901.npy
track_1158982,/content/drive/MyDrive/MTG_Instrument_old/dataset/logmel_songs/82/1158982.npy
track_1227554,/content/drive/MyDrive/MTG_Instrument_old/dataset/logmel_songs/54/1227554.npy
track_1166921,/content/drive/MyDrive/MTG_Instrument_old/dataset/logmel_songs/21/1166921.npy
track_1030277,/content/drive/MyDrive/MTG_Instrument_old/dataset/logmel_songs/77/1030277.npy
track_1122287,/content/drive/MyDrive/MTG_Instrument_old/dataset/logmel_songs/87/1122287.npy
track_0897977,/content/drive/MyDrive/MTG_Instrument_old/dataset/logmel_songs/77/897977.npy
track_0618452,/content/drive/MyDrive/MTG_Instrument_old/dataset/logmel_songs/52/618452.npy
track_1084198,/content/drive/MyDrive/MTG_Instrument_old/dataset/logmel_songs/98/1084198.npy
track_0470724,/content/drive/MyDrive/MTG_Instrument_old/dataset/logmel_songs/24/470724.npy
track_1186550,/content/drive/MyDrive/MTG_Instrument_old/dataset/logmel_songs/50/1186550.npy
track_1374951,/content/drive/MyDrive/MTG_Instrument_old/dataset/logmel_songs/51/1374951.npy
track_1374305,/content/drive/MyDrive/MTG_Instrument_old/dataset/logmel_songs/05/1374305.npy
track_1126058,/content/drive/MyDrive/MTG_Instrument_old/dataset/logmel_songs/58/1126058.npy
track_1267844,/content/drive/MyDrive/MTG_Instrument_old/dataset/logmel_songs/44/1267844.npy
track_0125455,/content/drive/MyDrive/MTG_Instrument_old/dataset/logmel_songs/55/125455.npy
track_1251463,/content/drive/MyDrive/MTG_Instrument_old/dataset/logmel_songs/63/1251463.npy
track_1154731,/content/drive/MyDrive/MTG_Instrument_old/dataset/logmel_songs/31/1154731.npy
track_1171145,/content/drive/MyDrive/MTG_Instrument_old/dataset/logmel_songs/45/1171145.npy
track_1012600,/content/drive/MyDrive/MTG_Instrument_old/dataset/logmel_songs/00/1012600.npy
track_1058134,/content/drive/MyDrive/MTG_Instrument_old/dataset/logmel_songs/34/1058134.npy
track_1156971,/content/drive/MyDrive/MTG_Instrument_old/dataset/logmel_songs/71/1156971.npy
track_0482266,/content/drive/MyDrive/MTG_Instrument_old/dataset/logmel_songs/66/482266.npy
track_1160423,/content/drive/MyDrive/MTG_Instrument_old/dataset/logmel_songs/23/1160423.npy
track_0663133,/content/drive/MyDrive/MTG_Instrument_old/dataset/logmel_songs/33/663133.npy
track_1210134,/content/drive/MyDrive/MTG_Instrument_old/dataset/logmel_songs/34/1210134.npy
track_1220577,/content/drive/MyDrive/MTG_Instrument_old/dataset/logmel_songs/77/1220577.npy
track_1326529,/content/drive/MyDrive/MTG_Instrument_old/dataset/logmel_songs/29/1326529.npy
track_0565793,/content/drive/MyDrive/MTG_Instrument_old/dataset/logmel_songs/93/565793.npy
track_0537755,/content/drive/MyDrive/MTG_Instrument_old/dataset/logmel_songs/55/537755.npy
track_1023306,/content/drive/MyDrive/MTG_Instrument_old/dataset/logmel_songs/06/1023306.npy
track_1397810,/content/drive/MyDrive/MTG_Instrument_old/dataset/logmel_songs/10/1397810.npy
track_1130991,/content/drive/MyDrive/MTG_Instrument_old/dataset/logmel_songs/91/1130991.npy
track_0494617,/content/drive/MyDrive/MTG_Instrument_old/dataset/logmel_songs/17/494617.npy
track_0326505,/content/drive/MyDrive/MTG_Instrument_old/dataset/logmel_songs/05/326505.npy
track_0151033,/content/drive/MyDrive/MTG_Instrument_old/dataset/logmel_songs/33/151033.npy
track_1122008,/content/drive/MyDrive/MTG_Instrument_old/dataset/logmel_songs/08/1122008.npy
track_1284354,/content/drive/MyDrive/MTG_Instrument_old/dataset/logmel_songs/54/1284354.npy
track_1248621,/content/drive/MyDrive/MTG_Instrument_old/dataset/logmel_songs/21/1248621.npy
track_0565796,/content/drive/MyDrive/MTG_Instrument_old/dataset/logmel_songs/96/565796.npy
track_1248255,/content/drive/MyDrive/MTG_Instrument_old/dataset/logmel_songs/55/1248255.npy
track_0128861,/content/drive/MyDrive/MTG_Instrument_old/dataset/logmel_songs/61/128861.npy
track_1157596,/content/drive/MyDrive/MTG_Instrument_old/dataset/logmel_songs/96/1157596.npy
track_1275158,/content/drive/MyDrive/MTG_Instrument_old/dataset/logmel_songs/58/1275158.npy
track_1053400,/content/drive/MyDrive/MTG_Instrument_old/dataset/logmel_songs/00/1053400.npy
track_1071929,/content/drive/MyDrive/MTG_Instrument_old/dataset/logmel_songs/29/1071929.npy
track_0073151,/content/drive/MyDrive/MTG_Instrument_old/dataset/logmel_songs/51/73151.npy
track_1095695,/content/drive/MyDrive/MTG_Instrument_old/dataset/logmel_songs/95/1095695.npy
track_1129092,/content/drive/MyDrive/MTG_Instrument_old/dataset/logmel_songs/92/1129092.npy
track_0618460,/content/drive/MyDrive/MTG_Instrument_old/dataset/logmel_songs/60/618460.npy
track_1269148,/content/drive/MyDrive/MTG_Instrument_old/dataset/logmel_songs/48/1269148.npy
track_1387151,/content/drive/MyDrive/MTG_Instrument_old/dataset/logmel_songs/51/1387151.npy
track_1388859,/content/drive/MyDrive/MTG_Instrument_old/dataset/logmel_songs/59/1388859.npy
track_1229544,/content/drive/MyDrive/MTG_Instrument_old/dataset/logmel_songs/44/1229544.npy
track_1101380,/content/drive/MyDrive/MTG_Instrument_old/dataset/logmel_songs/80/1101380.npy
track_0875384,/content/drive/MyDrive/MTG_Instrument_old/dataset/logmel_songs/84/875384.npy
track_0974000,/content/drive/MyDrive/MTG_Instrument_old/dataset/logmel_songs/00/974000.npy
track_1138775,/content/drive/MyDrive/MTG_Instrument_old/dataset/logmel_songs/75/1138775.npy
track_0196219,/content/drive/MyDrive/MTG_Instrument_old/dataset/logmel_songs/19/196219.npy
track_0764958,/content/drive/MyDrive/MTG_Instrument_old/dataset/logmel_songs/58/764958.npy
track_1109891,/content/drive/MyDrive/MTG_Instrument_old/dataset/logmel_songs/91/1109891.npy
track_1370862,/content/drive/MyDrive/MTG_Instrument_old/dataset/logmel_songs/62/1370862.npy
track_1083513,/content/drive/MyDrive/MTG_Instrument_old/dataset/logmel_songs/13/1083513.npy
track_1166679,/content/drive/MyDrive/MTG_Instrument_old/dataset/logmel_songs/79/1166679.npy
track_1369048,/content/drive/MyDrive/MTG_Instrument_old/dataset/logmel_songs/48/1369048.npy
track_1354846,/content/drive/MyDrive/MTG_Instrument_old/dataset/logmel_songs/46/1354846.npy
track_1268989,/content/drive/MyDrive/MTG_Instrument_old/dataset/logmel_songs/89/1268989.npy
track_1156128,/content/drive/MyDrive/MTG_Instrument_old/dataset/logmel_songs/28/1156128.npy
track_1414117,/content/drive/MyDrive/MTG_Instrument_old/dataset/logmel_songs/17/1414117.npy
track_0015660,/content/drive/MyDrive/MTG_Instrument_old/dataset/logmel_songs/60/15660.npy
track_0965595,/content/drive/MyDrive/MTG_Instrument_old/dataset/logmel_songs/95/965595.npy
track_1084815,/content/drive/MyDrive/MTG_Instrument_old/dataset/logmel_songs/15/1084815.npy
track_0259908,/content/drive/MyDrive/MTG_Instrument_old/dataset/logmel_songs/08/259908.npy
track_1137240,/content/drive/MyDrive/MTG_Instrument_old/dataset/logmel_songs/40/1137240.npy
track_1332734,/content/drive/MyDrive/MTG_Instrument_old/dataset/logmel_songs/34/1332734.npy
track_1131566,/content/drive/MyDrive/MTG_Instrument_old/dataset/logmel_songs/66/1131566.npy
track_1044781,/content/drive/MyDrive/MTG_Instrument_old/dataset/logmel_songs/81/1044781.npy
track_1374688,/content/drive/MyDrive/MTG_Instrument_old/dataset/logmel_songs/88/1374688.npy
track_1061370,/content/drive/MyDrive/MTG_Instrument_old/dataset/logmel_songs/70/1061370.npy
track_0989876,/content/drive/MyDrive/MTG_Instrument_old/dataset/logmel_songs/76/989876.npy
track_1056127,/content/drive/MyDrive/MTG_Instrument_old/dataset/logmel_songs/27/1056127.npy
track_0964535,/content/drive/MyDrive/MTG_Instrument_old/dataset/logmel_songs/35/964535.npy
track_0040347,/content/drive/MyDrive/MTG_Instrument_old/dataset/logmel_songs/47/40347.npy
track_1267849,/content/drive/MyDrive/MTG_Instrument_old/dataset/logmel_songs/49/1267849.npy
track_0500420,/content/drive/MyDrive/MTG_Instrument_old/dataset/logmel_songs/20/500420.npy
track_1155896,/content/drive/MyDrive/MTG_Instrument_old/dataset/logmel_songs/96/1155896.npy
track_1156130,/content/drive/MyDrive/MTG_Instrument_old/dataset/logmel_songs/30/1156130.npy
track_1069338,/content/drive/MyDrive/MTG_Instrument_old/dataset/logmel_songs/38/1069338.npy
track_1253430,/content/drive/MyDrive/MTG_Instrument_old/dataset/logmel_songs/30/1253430.npy
track_1046573,/content/drive/MyDrive/MTG_Instrument_old/dataset/logmel_songs/73/1046573.npy
track_0903598,/content/drive/MyDrive/MTG_Instrument_old/dataset/logmel_songs/98/903598.npy
track_1065759,/content/drive/MyDrive/MTG_Instrument_old/dataset/logmel_songs/59/1065759.npy
track_0686752,/content/drive/MyDrive/MTG_Instrument_old/dataset/logmel_songs/52/686752.npy
track_1149757,/content/drive/MyDrive/MTG_Instrument_old/dataset/logmel_songs/57/1149757.npy
track_1234242,/content/drive/MyDrive/MTG_Instrument_old/dataset/logmel_songs/42/1234242.npy
track_1079299,/content/drive/MyDrive/MTG_Instrument_old/dataset/logmel_songs/99/1079299.npy
track_0659898,/content/drive/MyDrive/MTG_Instrument_old/dataset/logmel_songs/98/659898.npy
track_1075180,/content/drive/MyDrive/MTG_Instrument_old/dataset/logmel_songs/80/1075180.npy
track_0743966,/content/drive/MyDrive/MTG_Instrument_old/dataset/logmel_songs/66/743966.npy
track_1189912,/content/drive/MyDrive/MTG_Instrument_old/dataset/logmel_songs/12/1189912.npy
track_0741317,/content/drive/MyDrive/MTG_Instrument_old/dataset/logmel_songs/17/741317.npy
track_0891612,/content/drive/MyDrive/MTG_Instrument_old/dataset/logmel_songs/12/891612.npy
track_1370137,/content/drive/MyDrive/MTG_Instrument_old/dataset/logmel_songs/37/1370137.npy
track_0556378,/content/drive/MyDrive/MTG_Instrument_old/dataset/logmel_songs/78/556378.npy
track_0518469,/content/drive/MyDrive/MTG_Instrument_old/dataset/logmel_songs/69/518469.npy
track_0345906,/content/drive/MyDrive/MTG_Instrument_old/dataset/logmel_songs/06/345906.npy
track_1294938,/content/drive/MyDrive/MTG_Instrument_old/dataset/logmel_songs/38/1294938.npy
track_1416532,/content/drive/MyDrive/MTG_Instrument_old/dataset/logmel_songs/32/1416532.npy
track_1131101,/content/drive/MyDrive/MTG_Instrument_old/dataset/logmel_songs/01/1131101.npy
track_0244956,/content/drive/MyDrive/MTG_Instrument_old/dataset/logmel_songs/56/244956.npy
track_1051196,/content/drive/MyDrive/MTG_Instrument_old/dataset/logmel_songs/96/1051196.npy
track_1354688,/content/drive/MyDrive/MTG_Instrument_old/dataset/logmel_songs/88/1354688.npy
track_0095581,/content/drive/MyDrive/MTG_Instrument_old/dataset/logmel_songs/81/95581.npy
track_0618449,/content/drive/MyDrive/MTG_Instrument_old/dataset/logmel_songs/49/618449.npy
track_1277849,/content/drive/MyDrive/MTG_Instrument_old/dataset/logmel_songs/49/1277849.npy
track_1369052,/content/drive/MyDrive/MTG_Instrument_old/dataset/logmel_songs/52/1369052.npy
track_0080806,/content/drive/MyDrive/MTG_Instrument_old/dataset/logmel_songs/06/80806.npy
track_1164197,/content/drive/MyDrive/MTG_Instrument_old/dataset/logmel_songs/97/1164197.npy
track_0096887,/content/drive/MyDrive/MTG_Instrument_old/dataset/logmel_songs/87/96887.npy
track_1035344,/content/drive/MyDrive/MTG_Instrument_old/dataset/logmel_songs/44/1035344.npy
track_0965318,/content/drive/MyDrive/MTG_Instrument_old/dataset/logmel_songs/18/965318.npy
track_1340798,/content/drive/MyDrive/MTG_Instrument_old/dataset/logmel_songs/98/1340798.npy
track_1061871,/content/drive/MyDrive/MTG_Instrument_old/dataset/logmel_songs/71/1061871.npy
track_1121431,/content/drive/MyDrive/MTG_Instrument_old/dataset/logmel_songs/31/1121431.npy
track_1288835,/content/drive/MyDrive/MTG_Instrument_old/dataset/logmel_songs/35/1288835.npy
track_1345850,/content/drive/MyDrive/MTG_Instrument_old/dataset/logmel_songs/50/1345850.npy
track_0275232,/content/drive/MyDrive/MTG_Instrument_old/dataset/logmel_songs/32/275232.npy
track_0345904,/content/drive/MyDrive/MTG_Instrument_old/dataset/logmel_songs/04/345904.npy
track_0811240,/content/drive/MyDrive/MTG_Instrument_old/dataset/logmel_songs/40/811240.npy
track_0271565,/content/drive/MyDrive/MTG_Instrument_old/dataset/logmel_songs/65/271565.npy
track_1147359,/content/drive/MyDrive/MTG_Instrument_old/dataset/logmel_songs/59/1147359.npy
track_0324411,/content/drive/MyDrive/MTG_Instrument_old/dataset/logmel_songs/11/324411.npy
track_1053497,/content/drive/MyDrive/MTG_Instrument_old/dataset/logmel_songs/97/1053497.npy
track_1376057,/content/drive/MyDrive/MTG_Instrument_old/dataset/logmel_songs/57/1376057.npy
track_1339442,/content/drive/MyDrive/MTG_Instrument_old/dataset/logmel_songs/42/1339442.npy
track_1317903,/content/drive/MyDrive/MTG_Instrument_old/dataset/logmel_songs/03/1317903.npy
track_1069824,/content/drive/MyDrive/MTG_Instrument_old/dataset/logmel_songs/24/1069824.npy
track_1113513,/content/drive/MyDrive/MTG_Instrument_old/dataset/logmel_songs/13/1113513.npy
track_0066944,/content/drive/MyDrive/MTG_Instrument_old/dataset/logmel_songs/44/66944.npy
track_1376454,/content/drive/MyDrive/MTG_Instrument_old/dataset/logmel_songs/54/1376454.npy
track_1154729,/content/drive/MyDrive/MTG_Instrument_old/dataset/logmel_songs/29/1154729.npy
track_1243722,/content/drive/MyDrive/MTG_Instrument_old/dataset/logmel_songs/22/1243722.npy
track_0166341,/content/drive/MyDrive/MTG_Instrument_old/dataset/logmel_songs/41/166341.npy
track_0865775,/content/drive/MyDrive/MTG_Instrument_old/dataset/logmel_songs/75/865775.npy
track_1397731,/content/drive/MyDrive/MTG_Instrument_old/dataset/logmel_songs/31/1397731.npy
track_1133078,/content/drive/MyDrive/MTG_Instrument_old/dataset/logmel_songs/78/1133078.npy
track_1385297,/content/drive/MyDrive/MTG_Instrument_old/dataset/logmel_songs/97/1385297.npy
track_1159203,/content/drive/MyDrive/MTG_Instrument_old/dataset/logmel_songs/03/1159203.npy
track_0147596,/content/drive/MyDrive/MTG_Instrument_old/dataset/logmel_songs/96/147596.npy
track_1386495,/content/drive/MyDrive/MTG_Instrument_old/dataset/logmel_songs/95/1386495.npy
track_1075196,/content/drive/MyDrive/MTG_Instrument_old/dataset/logmel_songs/96/1075196.npy
track_1075188,/content/drive/MyDrive/MTG_Instrument_old/dataset/logmel_songs/88/1075188.npy
track_0162041,/content/drive/MyDrive/MTG_Instrument_old/dataset/logmel_songs/41/162041.npy
track_1027884,/content/drive/MyDrive/MTG_Instrument_old/dataset/logmel_songs/84/1027884.npy
track_1266508,/content/drive/MyDrive/MTG_Instrument_old/dataset/logmel_songs/08/1266508.npy
track_1107279,/content/drive/MyDrive/MTG_Instrument_old/dataset/logmel_songs/79/1107279.npy
track_1061380,/content/drive/MyDrive/MTG_Instrument_old/dataset/logmel_songs/80/1061380.npy
track_1330505,/content/drive/MyDrive/MTG_Instrument_old/dataset/logmel_songs/05/1330505.npy
track_0146591,/content/drive/MyDrive/MTG_Instrument_old/dataset/logmel_songs/91/146591.npy
track_1156121,/content/drive/MyDrive/MTG_Instrument_old/dataset/logmel_songs/21/1156121.npy
track_1376059,/content/drive/MyDrive/MTG_Instrument_old/dataset/logmel_songs/59/1376059.npy
track_1361108,/content/drive/MyDrive/MTG_Instrument_old/dataset/logmel_songs/08/1361108.npy
track_1241227,/content/drive/MyDrive/MTG_Instrument_old/dataset/logmel_songs/27/1241227.npy
track_1397805,/content/drive/MyDrive/MTG_Instrument_old/dataset/logmel_songs/05/1397805.npy
track_1215952,/content/drive/MyDrive/MTG_Instrument_old/dataset/logmel_songs/52/1215952.npy
track_1342570,/content/drive/MyDrive/MTG_Instrument_old/dataset/logmel_songs/70/1342570.npy
track_1126009,/content/drive/MyDrive/MTG_Instrument_old/dataset/logmel_songs/09/1126009.npy
track_1170734,/content/drive/MyDrive/MTG_Instrument_old/dataset/logmel_songs/34/1170734.npy
track_1115570,/content/drive/MyDrive/MTG_Instrument_old/dataset/logmel_songs/70/1115570.npy
track_1208449,/content/drive/MyDrive/MTG_Instrument_old/dataset/logmel_songs/49/1208449.npy
track_1393011,/content/drive/MyDrive/MTG_Instrument_old/dataset/logmel_songs/11/1393011.npy
track_1277835,/content/drive/MyDrive/MTG_Instrument_old/dataset/logmel_songs/35/1277835.npy
track_1126032,/content/drive/MyDrive/MTG_Instrument_old/dataset/logmel_songs/32/1126032.npy
track_1086301,/content/drive/MyDrive/MTG_Instrument_old/dataset/logmel_songs/01/1086301.npy
track_1074894,/content/drive/MyDrive/MTG_Instrument_old/dataset/logmel_songs/94/1074894.npy
track_1109901,/content/drive/MyDrive/MTG_Instrument_old/dataset/logmel_songs/01/1109901.npy
track_1345077,/content/drive/MyDrive/MTG_Instrument_old/dataset/logmel_songs/77/1345077.npy
track_0973388,/content/drive/MyDrive/MTG_Instrument_old/dataset/logmel_songs/88/973388.npy
track_1274152,/content/drive/MyDrive/MTG_Instrument_old/dataset/logmel_songs/52/1274152.npy
track_1418291,/content/drive/MyDrive/MTG_Instrument_old/dataset/logmel_songs/91/1418291.npy
track_1029325,/content/drive/MyDrive/MTG_Instrument_old/dataset/logmel_songs/25/1029325.npy
track_0625210,/content/drive/MyDrive/MTG_Instrument_old/dataset/logmel_songs/10/625210.npy
track_1032698,/content/drive/MyDrive/MTG_Instrument_old/dataset/logmel_songs/98/1032698.npy
track_0074753,/content/drive/MyDrive/MTG_Instrument_old/dataset/logmel_songs/53/74753.npy
track_1304665,/content/drive/MyDrive/MTG_Instrument_old/dataset/logmel_songs/65/1304665.npy
track_0081814,/content/drive/MyDrive/MTG_Instrument_old/dataset/logmel_songs/14/81814.npy
track_1095023,/content/drive/MyDrive/MTG_Instrument_old/dataset/logmel_songs/23/1095023.npy
track_1066661,/content/drive/MyDrive/MTG_Instrument_old/dataset/logmel_songs/61/1066661.npy
track_0151126,/content/drive/MyDrive/MTG_Instrument_old/dataset/logmel_songs/26/151126.npy
track_1126088,/content/drive/MyDrive/MTG_Instrument_old/dataset/logmel_songs/88/1126088.npy
track_1159368,/content/drive/MyDrive/MTG_Instrument_old/dataset/logmel_songs/68/1159368.npy
track_1149696,/content/drive/MyDrive/MTG_Instrument_old/dataset/logmel_songs/96/1149696.npy
track_1127764,/content/drive/MyDrive/MTG_Instrument_old/dataset/logmel_songs/64/1127764.npy
track_0810896,/content/drive/MyDrive/MTG_Instrument_old/dataset/logmel_songs/96/810896.npy
track_1075170,/content/drive/MyDrive/MTG_Instrument_old/dataset/logmel_songs/70/1075170.npy
track_1383742,/content/drive/MyDrive/MTG_Instrument_old/dataset/logmel_songs/42/1383742.npy
track_1077044,/content/drive/MyDrive/MTG_Instrument_old/dataset/logmel_songs/44/1077044.npy
track_0128305,/content/drive/MyDrive/MTG_Instrument_old/dataset/logmel_songs/05/128305.npy
track_1208331,/content/drive/MyDrive/MTG_Instrument_old/dataset/logmel_songs/31/1208331.npy
track_0205076,/content/drive/MyDrive/MTG_Instrument_old/dataset/logmel_songs/76/205076.npy
track_0662444,/content/drive/MyDrive/MTG_Instrument_old/dataset/logmel_songs/44/662444.npy
track_1138776,/content/drive/MyDrive/MTG_Instrument_old/dataset/logmel_songs/76/1138776.npy
track_1253659,/content/drive/MyDrive/MTG_Instrument_old/dataset/logmel_songs/59/1253659.npy
track_1105066,/content/drive/MyDrive/MTG_Instrument_old/dataset/logmel_songs/66/1105066.npy
track_0019204,/content/drive/MyDrive/MTG_Instrument_old/dataset/logmel_songs/04/19204.npy
track_1281202,/content/drive/MyDrive/MTG_Instrument_old/dataset/logmel_songs/02/1281202.npy
track_1365238,/content/drive/MyDrive/MTG_Instrument_old/dataset/logmel_songs/38/1365238.npy
track_0686756,/content/drive/MyDrive/MTG_Instrument_old/dataset/logmel_songs/56/686756.npy
track_1401336,/content/drive/MyDrive/MTG_Instrument_old/dataset/logmel_songs/36/1401336.npy
track_1414673,/content/drive/MyDrive/MTG_Instrument_old/dataset/logmel_songs/73/1414673.npy
track_1127776,/content/drive/MyDrive/MTG_Instrument_old/dataset/logmel_songs/76/1127776.npy
track_0464044,/content/drive/MyDrive/MTG_Instrument_old/dataset/logmel_songs/44/464044.npy
track_1157023,/content/drive/MyDrive/MTG_Instrument_old/dataset/logmel_songs/23/1157023.npy
track_1070641,/content/drive/MyDrive/MTG_Instrument_old/dataset/logmel_songs/41/1070641.npy
track_0259505,/content/drive/MyDrive/MTG_Instrument_old/dataset/logmel_songs/05/259505.npy
track_0565804,/content/drive/MyDrive/MTG_Instrument_old/dataset/logmel_songs/04/565804.npy
track_1169707,/content/drive/MyDrive/MTG_Instrument_old/dataset/logmel_songs/07/1169707.npy
track_1397151,/content/drive/MyDrive/MTG_Instrument_old/dataset/logmel_songs/51/1397151.npy
track_1207614,/content/drive/MyDrive/MTG_Instrument_old/dataset/logmel_songs/14/1207614.npy
track_0949229,/content/drive/MyDrive/MTG_Instrument_old/dataset/logmel_songs/29/949229.npy
track_1084381,/content/drive/MyDrive/MTG_Instrument_old/dataset/logmel_songs/81/1084381.npy
track_1085244,/content/drive/MyDrive/MTG_Instrument_old/dataset/logmel_songs/44/1085244.npy
track_1069336,/content/drive/MyDrive/MTG_Instrument_old/dataset/logmel_songs/36/1069336.npy
track_0947016,/content/drive/MyDrive/MTG_Instrument_old/dataset/logmel_songs/16/947016.npy
track_0043886,/content/drive/MyDrive/MTG_Instrument_old/dataset/logmel_songs/86/43886.npy
track_1089266,/content/drive/MyDrive/MTG_Instrument_old/dataset/logmel_songs/66/1089266.npy
track_1374442,/content/drive/MyDrive/MTG_Instrument_old/dataset/logmel_songs/42/1374442.npy
track_0786777,/content/drive/MyDrive/MTG_Instrument_old/dataset/logmel_songs/77/786777.npy
track_1158967,/content/drive/MyDrive/MTG_Instrument_old/dataset/logmel_songs/67/1158967.npy
track_0202150,/content/drive/MyDrive/MTG_Instrument_old/dataset/logmel_songs/50/202150.npy
track_1388812,/content/drive/MyDrive/MTG_Instrument_old/dataset/logmel_songs/12/1388812.npy
track_1042998,/content/drive/MyDrive/MTG_Instrument_old/dataset/logmel_songs/98/1042998.npy
track_1401338,/content/drive/MyDrive/MTG_Instrument_old/dataset/logmel_songs/38/1401338.npy
track_1109909,/content/drive/MyDrive/MTG_Instrument_old/dataset/logmel_songs/09/1109909.npy
track_0084141,/content/drive/MyDrive/MTG_Instrument_old/dataset/logmel_songs/41/84141.npy
track_1102232,/content/drive/MyDrive/MTG_Instrument_old/dataset/logmel_songs/32/1102232.npy
track_1374704,/content/drive/MyDrive/MTG_Instrument_old/dataset/logmel_songs/04/1374704.npy
track_1279771,/content/drive/MyDrive/MTG_Instrument_old/dataset/logmel_songs/71/1279771.npy
track_0166337,/content/drive/MyDrive/MTG_Instrument_old/dataset/logmel_songs/37/166337.npy
track_1251687,/content/drive/MyDrive/MTG_Instrument_old/dataset/logmel_songs/87/1251687.npy
track_1223083,/content/drive/MyDrive/MTG_Instrument_old/dataset/logmel_songs/83/1223083.npy
track_1210705,/content/drive/MyDrive/MTG_Instrument_old/dataset/logmel_songs/05/1210705.npy
track_0801570,/content/drive/MyDrive/MTG_Instrument_old/dataset/logmel_songs/70/801570.npy
track_0839521,/content/drive/MyDrive/MTG_Instrument_old/dataset/logmel_songs/21/839521.npy
track_1234989,/content/drive/MyDrive/MTG_Instrument_old/dataset/logmel_songs/89/1234989.npy
track_0874646,/content/drive/MyDrive/MTG_Instrument_old/dataset/logmel_songs/46/874646.npy
track_0034517,/content/drive/MyDrive/MTG_Instrument_old/dataset/logmel_songs/17/34517.npy
track_1173141,/content/drive/MyDrive/MTG_Instrument_old/dataset/logmel_songs/41/1173141.npy
track_0383586,/content/drive/MyDrive/MTG_Instrument_old/dataset/logmel_songs/86/383586.npy
track_1079398,/content/drive/MyDrive/MTG_Instrument_old/dataset/logmel_songs/98/1079398.npy
track_0873807,/content/drive/MyDrive/MTG_Instrument_old/dataset/logmel_songs/07/873807.npy
track_1168164,/content/drive/MyDrive/MTG_Instrument_old/dataset/logmel_songs/64/1168164.npy
track_0242410,/content/drive/MyDrive/MTG_Instrument_old/dataset/logmel_songs/10/242410.npy
track_1402298,/content/drive/MyDrive/MTG_Instrument_old/dataset/logmel_songs/98/1402298.npy
track_0073117,/content/drive/MyDrive/MTG_Instrument_old/dataset/logmel_songs/17/73117.npy
track_0031430,/content/drive/MyDrive/MTG_Instrument_old/dataset/logmel_songs/30/31430.npy
track_1078471,/content/drive/MyDrive/MTG_Instrument_old/dataset/logmel_songs/71/1078471.npy
track_1227397,/content/drive/MyDrive/MTG_Instrument_old/dataset/logmel_songs/97/1227397.npy
track_1375201,/content/drive/MyDrive/MTG_Instrument_old/dataset/logmel_songs/01/1375201.npy
track_1097842,/content/drive/MyDrive/MTG_Instrument_old/dataset/logmel_songs/42/1097842.npy
track_0669146,/content/drive/MyDrive/MTG_Instrument_old/dataset/logmel_songs/46/669146.npy
track_1225296,/content/drive/MyDrive/MTG_Instrument_old/dataset/logmel_songs/96/1225296.npy
track_0139566,/content/drive/MyDrive/MTG_Instrument_old/dataset/logmel_songs/66/139566.npy
track_1029327,/content/drive/MyDrive/MTG_Instrument_old/dataset/logmel_songs/27/1029327.npy
track_1196181,/content/drive/MyDrive/MTG_Instrument_old/dataset/logmel_songs/81/1196181.npy
track_0950933,/content/drive/MyDrive/MTG_Instrument_old/dataset/logmel_songs/33/950933.npy
track_0581059,/content/drive/MyDrive/MTG_Instrument_old/dataset/logmel_songs/59/581059.npy
track_1124972,/content/drive/MyDrive/MTG_Instrument_old/dataset/logmel_songs/72/1124972.npy
track_1151196,/content/drive/MyDrive/MTG_Instrument_old/dataset/logmel_songs/96/1151196.npy
track_1131492,/content/drive/MyDrive/MTG_Instrument_old/dataset/logmel_songs/92/1131492.npy
track_1401969,/content/drive/MyDrive/MTG_Instrument_old/dataset/logmel_songs/69/1401969.npy
track_0284171,/content/drive/MyDrive/MTG_Instrument_old/dataset/logmel_songs/71/284171.npy
track_0023866,/content/drive/MyDrive/MTG_Instrument_old/dataset/logmel_songs/66/23866.npy
track_1171707,/content/drive/MyDrive/MTG_Instrument_old/dataset/logmel_songs/07/1171707.npy
track_1038475,/content/drive/MyDrive/MTG_Instrument_old/dataset/logmel_songs/75/1038475.npy
track_0114924,/content/drive/MyDrive/MTG_Instrument_old/dataset/logmel_songs/24/114924.npy
track_1044780,/content/drive/MyDrive/MTG_Instrument_old/dataset/logmel_songs/80/1044780.npy
track_1067253,/content/drive/MyDrive/MTG_Instrument_old/dataset/logmel_songs/53/1067253.npy
track_1039516,/content/drive/MyDrive/MTG_Instrument_old/dataset/logmel_songs/16/1039516.npy
track_1077720,/content/drive/MyDrive/MTG_Instrument_old/dataset/logmel_songs/20/1077720.npy
track_0768432,/content/drive/MyDrive/MTG_Instrument_old/dataset/logmel_songs/32/768432.npy
track_0084060,/content/drive/MyDrive/MTG_Instrument_old/dataset/logmel_songs/60/84060.npy
track_1063878,/content/drive/MyDrive/MTG_Instrument_old/dataset/logmel_songs/78/1063878.npy
track_1110330,/content/drive/MyDrive/MTG_Instrument_old/dataset/logmel_songs/30/1110330.npy
track_0048726,/content/drive/MyDrive/MTG_Instrument_old/dataset/logmel_songs/26/48726.npy
track_0400860,/content/drive/MyDrive/MTG_Instrument_old/dataset/logmel_songs/60/400860.npy
track_1273069,/content/drive/MyDrive/MTG_Instrument_old/dataset/logmel_songs/69/1273069.npy
track_1078779,/content/drive/MyDrive/MTG_Instrument_old/dataset/logmel_songs/79/1078779.npy
track_1345311,/content/drive/MyDrive/MTG_Instrument_old/dataset/logmel_songs/11/1345311.npy
track_0940729,/content/drive/MyDrive/MTG_Instrument_old/dataset/logmel_songs/29/940729.npy
track_1146534,/content/drive/MyDrive/MTG_Instrument_old/dataset/logmel_songs/34/1146534.npy
track_1169943,/content/drive/MyDrive/MTG_Instrument_old/dataset/logmel_songs/43/1169943.npy
track_1129943,/content/drive/MyDrive/MTG_Instrument_old/dataset/logmel_songs/43/1129943.npy
track_0585149,/content/drive/MyDrive/MTG_Instrument_old/dataset/logmel_songs/49/585149.npy
track_1129988,/content/drive/MyDrive/MTG_Instrument_old/dataset/logmel_songs/88/1129988.npy
track_1154904,/content/drive/MyDrive/MTG_Instrument_old/dataset/logmel_songs/04/1154904.npy
track_1112013,/content/drive/MyDrive/MTG_Instrument_old/dataset/logmel_songs/13/1112013.npy
track_0943386,/content/drive/MyDrive/MTG_Instrument_old/dataset/logmel_songs/86/943386.npy
track_1345290,/content/drive/MyDrive/MTG_Instrument_old/dataset/logmel_songs/90/1345290.npy
track_0381092,/content/drive/MyDrive/MTG_Instrument_old/dataset/logmel_songs/92/381092.npy
track_1289127,/content/drive/MyDrive/MTG_Instrument_old/dataset/logmel_songs/27/1289127.npy
track_0417585,/content/drive/MyDrive/MTG_Instrument_old/dataset/logmel_songs/85/417585.npy
track_0618453,/content/drive/MyDrive/MTG_Instrument_old/dataset/logmel_songs/53/618453.npy
track_0347538,/content/drive/MyDrive/MTG_Instrument_old/dataset/logmel_songs/38/347538.npy
track_1202188,/content/drive/MyDrive/MTG_Instrument_old/dataset/logmel_songs/88/1202188.npy
track_1109851,/content/drive/MyDrive/MTG_Instrument_old/dataset/logmel_songs/51/1109851.npy
track_1159617,/content/drive/MyDrive/MTG_Instrument_old/dataset/logmel_songs/17/1159617.npy
track_0494616,/content/drive/MyDrive/MTG_Instrument_old/dataset/logmel_songs/16/494616.npy
track_1199593,/content/drive/MyDrive/MTG_Instrument_old/dataset/logmel_songs/93/1199593.npy
track_1126030,/content/drive/MyDrive/MTG_Instrument_old/dataset/logmel_songs/30/1126030.npy
track_0802292,/content/drive/MyDrive/MTG_Instrument_old/dataset/logmel_songs/92/802292.npy
track_1114956,/content/drive/MyDrive/MTG_Instrument_old/dataset/logmel_songs/56/1114956.npy
track_1366164,/content/drive/MyDrive/MTG_Instrument_old/dataset/logmel_songs/64/1366164.npy
track_1026345,/content/drive/MyDrive/MTG_Instrument_old/dataset/logmel_songs/45/1026345.npy
track_0890565,/content/drive/MyDrive/MTG_Instrument_old/dataset/logmel_songs/65/890565.npy
track_1072430,/content/drive/MyDrive/MTG_Instrument_old/dataset/logmel_songs/30/1072430.npy
track_1072428,/content/drive/MyDrive/MTG_Instrument_old/dataset/logmel_songs/28/1072428.npy
track_0151099,/content/drive/MyDrive/MTG_Instrument_old/dataset/logmel_songs/99/151099.npy
track_1115615,/content/drive/MyDrive/MTG_Instrument_old/dataset/logmel_songs/15/1115615.npy
track_0921953,/content/drive/MyDrive/MTG_Instrument_old/dataset/logmel_songs/53/921953.npy
track_1393224,/content/drive/MyDrive/MTG_Instrument_old/dataset/logmel_songs/24/1393224.npy
track_1148305,/content/drive/MyDrive/MTG_Instrument_old/dataset/logmel_songs/05/1148305.npy
track_1407330,/content/drive/MyDrive/MTG_Instrument_old/dataset/logmel_songs/30/1407330.npy
track_0037815,/content/drive/MyDrive/MTG_Instrument_old/dataset/logmel_songs/15/37815.npy
track_1028814,/content/drive/MyDrive/MTG_Instrument_old/dataset/logmel_songs/14/1028814.npy
track_1243738,/content/drive/MyDrive/MTG_Instrument_old/dataset/logmel_songs/38/1243738.npy
track_1134861,/content/drive/MyDrive/MTG_Instrument_old/dataset/logmel_songs/61/1134861.npy
track_1136523,/content/drive/MyDrive/MTG_Instrument_old/dataset/logmel_songs/23/1136523.npy
track_1066130,/content/drive/MyDrive/MTG_Instrument_old/dataset/logmel_songs/30/1066130.npy
track_1023323,/content/drive/MyDrive/MTG_Instrument_old/dataset/logmel_songs/23/1023323.npy
track_1399626,/content/drive/MyDrive/MTG_Instrument_old/dataset/logmel_songs/26/1399626.npy
track_0113564,/content/drive/MyDrive/MTG_Instrument_old/dataset/logmel_songs/64/113564.npy
track_0659894,/content/drive/MyDrive/MTG_Instrument_old/dataset/logmel_songs/94/659894.npy
track_1217515,/content/drive/MyDrive/MTG_Instrument_old/dataset/logmel_songs/15/1217515.npy
track_0798199,/content/drive/MyDrive/MTG_Instrument_old/dataset/logmel_songs/99/798199.npy
track_0571489,/content/drive/MyDrive/MTG_Instrument_old/dataset/logmel_songs/89/571489.npy
track_1403729,/content/drive/MyDrive/MTG_Instrument_old/dataset/logmel_songs/29/1403729.npy
track_1275146,/content/drive/MyDrive/MTG_Instrument_old/dataset/logmel_songs/46/1275146.npy
track_0762197,/content/drive/MyDrive/MTG_Instrument_old/dataset/logmel_songs/97/762197.npy
track_0839517,/content/drive/MyDrive/MTG_Instrument_old/dataset/logmel_songs/17/839517.npy
track_1270578,/content/drive/MyDrive/MTG_Instrument_old/dataset/logmel_songs/78/1270578.npy
track_1081843,/content/drive/MyDrive/MTG_Instrument_old/dataset/logmel_songs/43/1081843.npy
track_0944142,/content/drive/MyDrive/MTG_Instrument_old/dataset/logmel_songs/42/944142.npy
track_1160010,/content/drive/MyDrive/MTG_Instrument_old/dataset/logmel_songs/10/1160010.npy
track_1053500,/content/drive/MyDrive/MTG_Instrument_old/dataset/logmel_songs/00/1053500.npy
track_1348666,/content/drive/MyDrive/MTG_Instrument_old/dataset/logmel_songs/66/1348666.npy
track_0326515,/content/drive/MyDrive/MTG_Instrument_old/dataset/logmel_songs/15/326515.npy
track_0873806,/content/drive/MyDrive/MTG_Instrument_old/dataset/logmel_songs/06/873806.npy
track_1294943,/content/drive/MyDrive/MTG_Instrument_old/dataset/logmel_songs/43/1294943.npy
track_1158985,/content/drive/MyDrive/MTG_Instrument_old/dataset/logmel_songs/85/1158985.npy
track_1071925,/content/drive/MyDrive/MTG_Instrument_old/dataset/logmel_songs/25/1071925.npy
track_1124971,/content/drive/MyDrive/MTG_Instrument_old/dataset/logmel_songs/71/1124971.npy
track_1026040,/content/drive/MyDrive/MTG_Instrument_old/dataset/logmel_songs/40/1026040.npy
track_1365778,/content/drive/MyDrive/MTG_Instrument_old/dataset/logmel_songs/78/1365778.npy
track_1274154,/content/drive/MyDrive/MTG_Instrument_old/dataset/logmel_songs/54/1274154.npy
track_0260191,/content/drive/MyDrive/MTG_Instrument_old/dataset/logmel_songs/91/260191.npy
track_1357553,/content/drive/MyDrive/MTG_Instrument_old/dataset/logmel_songs/53/1357553.npy
track_1077531,/content/drive/MyDrive/MTG_Instrument_old/dataset/logmel_songs/31/1077531.npy
track_1034942,/content/drive/MyDrive/MTG_Instrument_old/dataset/logmel_songs/42/1034942.npy
track_1109742,/content/drive/MyDrive/MTG_Instrument_old/dataset/logmel_songs/42/1109742.npy
track_1320030,/content/drive/MyDrive/MTG_Instrument_old/dataset/logmel_songs/30/1320030.npy
track_1219473,/content/drive/MyDrive/MTG_Instrument_old/dataset/logmel_songs/73/1219473.npy
track_0768436,/content/drive/MyDrive/MTG_Instrument_old/dataset/logmel_songs/36/768436.npy
track_1159660,/content/drive/MyDrive/MTG_Instrument_old/dataset/logmel_songs/60/1159660.npy
track_0080770,/content/drive/MyDrive/MTG_Instrument_old/dataset/logmel_songs/70/80770.npy
track_1133406,/content/drive/MyDrive/MTG_Instrument_old/dataset/logmel_songs/06/1133406.npy
track_0306091,/content/drive/MyDrive/MTG_Instrument_old/dataset/logmel_songs/91/306091.npy
track_0416417,/content/drive/MyDrive/MTG_Instrument_old/dataset/logmel_songs/17/416417.npy
track_1115633,/content/drive/MyDrive/MTG_Instrument_old/dataset/logmel_songs/33/1115633.npy
track_0659890,/content/drive/MyDrive/MTG_Instrument_old/dataset/logmel_songs/90/659890.npy
track_1166070,/content/drive/MyDrive/MTG_Instrument_old/dataset/logmel_songs/70/1166070.npy
track_1148777,/content/drive/MyDrive/MTG_Instrument_old/dataset/logmel_songs/77/1148777.npy
track_0205093,/content/drive/MyDrive/MTG_Instrument_old/dataset/logmel_songs/93/205093.npy
track_1209628,/content/drive/MyDrive/MTG_Instrument_old/dataset/logmel_songs/28/1209628.npy
track_0572381,/content/drive/MyDrive/MTG_Instrument_old/dataset/logmel_songs/81/572381.npy
track_1136443,/content/drive/MyDrive/MTG_Instrument_old/dataset/logmel_songs/43/1136443.npy
track_1171567,/content/drive/MyDrive/MTG_Instrument_old/dataset/logmel_songs/67/1171567.npy
track_1385555,/content/drive/MyDrive/MTG_Instrument_old/dataset/logmel_songs/55/1385555.npy
track_1384187,/content/drive/MyDrive/MTG_Instrument_old/dataset/logmel_songs/87/1384187.npy
track_1203657,/content/drive/MyDrive/MTG_Instrument_old/dataset/logmel_songs/57/1203657.npy
track_1185306,/content/drive/MyDrive/MTG_Instrument_old/dataset/logmel_songs/06/1185306.npy
track_1150490,/content/drive/MyDrive/MTG_Instrument_old/dataset/logmel_songs/90/1150490.npy
track_1234393,/content/drive/MyDrive/MTG_Instrument_old/dataset/logmel_songs/93/1234393.npy
track_0953786,/content/drive/MyDrive/MTG_Instrument_old/dataset/logmel_songs/86/953786.npy
track_1137422,/content/drive/MyDrive/MTG_Instrument_old/dataset/logmel_songs/22/1137422.npy
track_1329187,/content/drive/MyDrive/MTG_Instrument_old/dataset/logmel_songs/87/1329187.npy
track_1281955,/content/drive/MyDrive/MTG_Instrument_old/dataset/logmel_songs/55/1281955.npy
track_1319996,/content/drive/MyDrive/MTG_Instrument_old/dataset/logmel_songs/96/1319996.npy
track_1126027,/content/drive/MyDrive/MTG_Instrument_old/dataset/logmel_songs/27/1126027.npy
track_1082100,/content/drive/MyDrive/MTG_Instrument_old/dataset/logmel_songs/00/1082100.npy
track_0947797,/content/drive/MyDrive/MTG_Instrument_old/dataset/logmel_songs/97/947797.npy
track_1057709,/content/drive/MyDrive/MTG_Instrument_old/dataset/logmel_songs/09/1057709.npy
track_0873558,/content/drive/MyDrive/MTG_Instrument_old/dataset/logmel_songs/58/873558.npy
track_0647532,/content/drive/MyDrive/MTG_Instrument_old/dataset/logmel_songs/32/647532.npy
track_1320570,/content/drive/MyDrive/MTG_Instrument_old/dataset/logmel_songs/70/1320570.npy
track_1202183,/content/drive/MyDrive/MTG_Instrument_old/dataset/logmel_songs/83/1202183.npy
track_1080219,/content/drive/MyDrive/MTG_Instrument_old/dataset/logmel_songs/19/1080219.npy
track_0839513,/content/drive/MyDrive/MTG_Instrument_old/dataset/logmel_songs/13/839513.npy
track_1148775,/content/drive/MyDrive/MTG_Instrument_old/dataset/logmel_songs/75/1148775.npy
track_0470732,/content/drive/MyDrive/MTG_Instrument_old/dataset/logmel_songs/32/470732.npy
track_1192549,/content/drive/MyDrive/MTG_Instrument_old/dataset/logmel_songs/49/1192549.npy
track_1159623,/content/drive/MyDrive/MTG_Instrument_old/dataset/logmel_songs/23/1159623.npy
track_1278253,/content/drive/MyDrive/MTG_Instrument_old/dataset/logmel_songs/53/1278253.npy
track_0897322,/content/drive/MyDrive/MTG_Instrument_old/dataset/logmel_songs/22/897322.npy
track_1286537,/content/drive/MyDrive/MTG_Instrument_old/dataset/logmel_songs/37/1286537.npy
track_0962722,/content/drive/MyDrive/MTG_Instrument_old/dataset/logmel_songs/22/962722.npy
track_0881100,/content/drive/MyDrive/MTG_Instrument_old/dataset/logmel_songs/00/881100.npy
track_0435842,/content/drive/MyDrive/MTG_Instrument_old/dataset/logmel_songs/42/435842.npy
track_1302680,/content/drive/MyDrive/MTG_Instrument_old/dataset/logmel_songs/80/1302680.npy
track_0154636,/content/drive/MyDrive/MTG_Instrument_old/dataset/logmel_songs/36/154636.npy
track_1347949,/content/drive/MyDrive/MTG_Instrument_old/dataset/logmel_songs/49/1347949.npy
track_1320005,/content/drive/MyDrive/MTG_Instrument_old/dataset/logmel_songs/05/1320005.npy
track_1372208,/content/drive/MyDrive/MTG_Instrument_old/dataset/logmel_songs/08/1372208.npy
track_0260195,/content/drive/MyDrive/MTG_Instrument_old/dataset/logmel_songs/95/260195.npy
track_0913287,/content/drive/MyDrive/MTG_Instrument_old/dataset/logmel_songs/87/913287.npy
track_0565801,/content/drive/MyDrive/MTG_Instrument_old/dataset/logmel_songs/01/565801.npy
track_0556352,/content/drive/MyDrive/MTG_Instrument_old/dataset/logmel_songs/52/556352.npy
track_0168832,/content/drive/MyDrive/MTG_Instrument_old/dataset/logmel_songs/32/168832.npy
track_1136875,/content/drive/MyDrive/MTG_Instrument_old/dataset/logmel_songs/75/1136875.npy
track_1030905,/content/drive/MyDrive/MTG_Instrument_old/dataset/logmel_songs/05/1030905.npy
track_1243737,/content/drive/MyDrive/MTG_Instrument_old/dataset/logmel_songs/37/1243737.npy
track_1248616,/content/drive/MyDrive/MTG_Instrument_old/dataset/logmel_songs/16/1248616.npy
track_1185881,/content/drive/MyDrive/MTG_Instrument_old/dataset/logmel_songs/81/1185881.npy
track_1096134,/content/drive/MyDrive/MTG_Instrument_old/dataset/logmel_songs/34/1096134.npy
track_1219596,/content/drive/MyDrive/MTG_Instrument_old/dataset/logmel_songs/96/1219596.npy
track_0911795,/content/drive/MyDrive/MTG_Instrument_old/dataset/logmel_songs/95/911795.npy
track_1219878,/content/drive/MyDrive/MTG_Instrument_old/dataset/logmel_songs/78/1219878.npy
track_0973992,/content/drive/MyDrive/MTG_Instrument_old/dataset/logmel_songs/92/973992.npy
track_1131105,/content/drive/MyDrive/MTG_Instrument_old/dataset/logmel_songs/05/1131105.npy
track_0515594,/content/drive/MyDrive/MTG_Instrument_old/dataset/logmel_songs/94/515594.npy
track_1326552,/content/drive/MyDrive/MTG_Instrument_old/dataset/logmel_songs/52/1326552.npy
track_0448680,/content/drive/MyDrive/MTG_Instrument_old/dataset/logmel_songs/80/448680.npy
track_1193225,/content/drive/MyDrive/MTG_Instrument_old/dataset/logmel_songs/25/1193225.npy
track_0373268,/content/drive/MyDrive/MTG_Instrument_old/dataset/logmel_songs/68/373268.npy
track_1127778,/content/drive/MyDrive/MTG_Instrument_old/dataset/logmel_songs/78/1127778.npy
track_0811232,/content/drive/MyDrive/MTG_Instrument_old/dataset/logmel_songs/32/811232.npy
track_1069596,/content/drive/MyDrive/MTG_Instrument_old/dataset/logmel_songs/96/1069596.npy
track_0081288,/content/drive/MyDrive/MTG_Instrument_old/dataset/logmel_songs/88/81288.npy
track_1314853,/content/drive/MyDrive/MTG_Instrument_old/dataset/logmel_songs/53/1314853.npy
track_1109862,/content/drive/MyDrive/MTG_Instrument_old/dataset/logmel_songs/62/1109862.npy
track_0884408,/content/drive/MyDrive/MTG_Instrument_old/dataset/logmel_songs/08/884408.npy
track_0126060,/content/drive/MyDrive/MTG_Instrument_old/dataset/logmel_songs/60/126060.npy
track_0666619,/content/drive/MyDrive/MTG_Instrument_old/dataset/logmel_songs/19/666619.npy
track_1127774,/content/drive/MyDrive/MTG_Instrument_old/dataset/logmel_songs/74/1127774.npy
track_1281203,/content/drive/MyDrive/MTG_Instrument_old/dataset/logmel_songs/03/1281203.npy
track_0711266,/content/drive/MyDrive/MTG_Instrument_old/dataset/logmel_songs/66/711266.npy
track_1030281,/content/drive/MyDrive/MTG_Instrument_old/dataset/logmel_songs/81/1030281.npy
track_1254006,/content/drive/MyDrive/MTG_Instrument_old/dataset/logmel_songs/06/1254006.npy
track_1283855,/content/drive/MyDrive/MTG_Instrument_old/dataset/logmel_songs/55/1283855.npy
track_1098429,/content/drive/MyDrive/MTG_Instrument_old/dataset/logmel_songs/29/1098429.npy
track_0973996,/content/drive/MyDrive/MTG_Instrument_old/dataset/logmel_songs/96/973996.npy
track_0057266,/content/drive/MyDrive/MTG_Instrument_old/dataset/logmel_songs/66/57266.npy
track_1075179,/content/drive/MyDrive/MTG_Instrument_old/dataset/logmel_songs/79/1075179.npy
track_0151069,/content/drive/MyDrive/MTG_Instrument_old/dataset/logmel_songs/69/151069.npy
track_0150954,/content/drive/MyDrive/MTG_Instrument_old/dataset/logmel_songs/54/150954.npy
track_0579643,/content/drive/MyDrive/MTG_Instrument_old/dataset/logmel_songs/43/579643.npy
track_0259894,/content/drive/MyDrive/MTG_Instrument_old/dataset/logmel_songs/94/259894.npy
track_1307642,/content/drive/MyDrive/MTG_Instrument_old/dataset/logmel_songs/42/1307642.npy
track_0959154,/content/drive/MyDrive/MTG_Instrument_old/dataset/logmel_songs/54/959154.npy
track_1271851,/content/drive/MyDrive/MTG_Instrument_old/dataset/logmel_songs/51/1271851.npy
track_0784877,/content/drive/MyDrive/MTG_Instrument_old/dataset/logmel_songs/77/784877.npy
track_1131098,/content/drive/MyDrive/MTG_Instrument_old/dataset/logmel_songs/98/1131098.npy
track_0996962,/content/drive/MyDrive/MTG_Instrument_old/dataset/logmel_songs/62/996962.npy
track_0471257,/content/drive/MyDrive/MTG_Instrument_old/dataset/logmel_songs/57/471257.npy
track_1211803,/content/drive/MyDrive/MTG_Instrument_old/dataset/logmel_songs/03/1211803.npy
track_1405035,/content/drive/MyDrive/MTG_Instrument_old/dataset/logmel_songs/35/1405035.npy
track_0370179,/content/drive/MyDrive/MTG_Instrument_old/dataset/logmel_songs/79/370179.npy
track_1038512,/content/drive/MyDrive/MTG_Instrument_old/dataset/logmel_songs/12/1038512.npy
track_0011845,/content/drive/MyDrive/MTG_Instrument_old/dataset/logmel_songs/45/11845.npy
track_0188574,/content/drive/MyDrive/MTG_Instrument_old/dataset/logmel_songs/74/188574.npy
track_0571472,/content/drive/MyDrive/MTG_Instrument_old/dataset/logmel_songs/72/571472.npy
track_0020743,/content/drive/MyDrive/MTG_Instrument_old/dataset/logmel_songs/43/20743.npy
track_0773675,/content/drive/MyDrive/MTG_Instrument_old/dataset/logmel_songs/75/773675.npy
track_1340882,/content/drive/MyDrive/MTG_Instrument_old/dataset/logmel_songs/82/1340882.npy
track_0603762,/content/drive/MyDrive/MTG_Instrument_old/dataset/logmel_songs/62/603762.npy
track_0401844,/content/drive/MyDrive/MTG_Instrument_old/dataset/logmel_songs/44/401844.npy
track_0553256,/content/drive/MyDrive/MTG_Instrument_old/dataset/logmel_songs/56/553256.npy
track_1351140,/content/drive/MyDrive/MTG_Instrument_old/dataset/logmel_songs/40/1351140.npy
track_1121408,/content/drive/MyDrive/MTG_Instrument_old/dataset/logmel_songs/08/1121408.npy
track_1155995,/content/drive/MyDrive/MTG_Instrument_old/dataset/logmel_songs/95/1155995.npy
track_1096811,/content/drive/MyDrive/MTG_Instrument_old/dataset/logmel_songs/11/1096811.npy
track_1401334,/content/drive/MyDrive/MTG_Instrument_old/dataset/logmel_songs/34/1401334.npy
track_0297869,/content/drive/MyDrive/MTG_Instrument_old/dataset/logmel_songs/69/297869.npy
track_1371880,/content/drive/MyDrive/MTG_Instrument_old/dataset/logmel_songs/80/1371880.npy
track_1018535,/content/drive/MyDrive/MTG_Instrument_old/dataset/logmel_songs/35/1018535.npy
track_0948211,/content/drive/MyDrive/MTG_Instrument_old/dataset/logmel_songs/11/948211.npy
track_1316663,/content/drive/MyDrive/MTG_Instrument_old/dataset/logmel_songs/63/1316663.npy
track_0275249,/content/drive/MyDrive/MTG_Instrument_old/dataset/logmel_songs/49/275249.npy
track_1371864,/content/drive/MyDrive/MTG_Instrument_old/dataset/logmel_songs/64/1371864.npy
track_1320017,/content/drive/MyDrive/MTG_Instrument_old/dataset/logmel_songs/17/1320017.npy
track_0088559,/content/drive/MyDrive/MTG_Instrument_old/dataset/logmel_songs/59/88559.npy
track_1116586,/content/drive/MyDrive/MTG_Instrument_old/dataset/logmel_songs/86/1116586.npy
track_1088388,/content/drive/MyDrive/MTG_Instrument_old/dataset/logmel_songs/88/1088388.npy
track_0959152,/content/drive/MyDrive/MTG_Instrument_old/dataset/logmel_songs/52/959152.npy
track_1273391,/content/drive/MyDrive/MTG_Instrument_old/dataset/logmel_songs/91/1273391.npy
track_1138691,/content/drive/MyDrive/MTG_Instrument_old/dataset/logmel_songs/91/1138691.npy
track_0922857,/content/drive/MyDrive/MTG_Instrument_old/dataset/logmel_songs/57/922857.npy
track_0147597,/content/drive/MyDrive/MTG_Instrument_old/dataset/logmel_songs/97/147597.npy
track_0154632,/content/drive/MyDrive/MTG_Instrument_old/dataset/logmel_songs/32/154632.npy
track_0962063,/content/drive/MyDrive/MTG_Instrument_old/dataset/logmel_songs/63/962063.npy
track_1133181,/content/drive/MyDrive/MTG_Instrument_old/dataset/logmel_songs/81/1133181.npy
track_1288961,/content/drive/MyDrive/MTG_Instrument_old/dataset/logmel_songs/61/1288961.npy
track_1127153,/content/drive/MyDrive/MTG_Instrument_old/dataset/logmel_songs/53/1127153.npy
track_1321145,/content/drive/MyDrive/MTG_Instrument_old/dataset/logmel_songs/45/1321145.npy
track_1289128,/content/drive/MyDrive/MTG_Instrument_old/dataset/logmel_songs/28/1289128.npy
track_0996974,/content/drive/MyDrive/MTG_Instrument_old/dataset/logmel_songs/74/996974.npy
track_1124381,/content/drive/MyDrive/MTG_Instrument_old/dataset/logmel_songs/81/1124381.npy
track_1194317,/content/drive/MyDrive/MTG_Instrument_old/dataset/logmel_songs/17/1194317.npy
track_1075174,/content/drive/MyDrive/MTG_Instrument_old/dataset/logmel_songs/74/1075174.npy
track_1353976,/content/drive/MyDrive/MTG_Instrument_old/dataset/logmel_songs/76/1353976.npy
track_0370260,/content/drive/MyDrive/MTG_Instrument_old/dataset/logmel_songs/60/370260.npy
track_1100246,/content/drive/MyDrive/MTG_Instrument_old/dataset/logmel_songs/46/1100246.npy
track_0810575,/content/drive/MyDrive/MTG_Instrument_old/dataset/logmel_songs/75/810575.npy
track_0647538,/content/drive/MyDrive/MTG_Instrument_old/dataset/logmel_songs/38/647538.npy
track_0381101,/content/drive/MyDrive/MTG_Instrument_old/dataset/logmel_songs/01/381101.npy
track_1069340,/content/drive/MyDrive/MTG_Instrument_old/dataset/logmel_songs/40/1069340.npy
track_1247296,/content/drive/MyDrive/MTG_Instrument_old/dataset/logmel_songs/96/1247296.npy
track_0871996,/content/drive/MyDrive/MTG_Instrument_old/dataset/logmel_songs/96/871996.npy
track_1289373,/content/drive/MyDrive/MTG_Instrument_old/dataset/logmel_songs/73/1289373.npy
track_1078389,/content/drive/MyDrive/MTG_Instrument_old/dataset/logmel_songs/89/1078389.npy
track_0192880,/content/drive/MyDrive/MTG_Instrument_old/dataset/logmel_songs/80/192880.npy
track_1242269,/content/drive/MyDrive/MTG_Instrument_old/dataset/logmel_songs/69/1242269.npy
track_1192548,/content/drive/MyDrive/MTG_Instrument_old/dataset/logmel_songs/48/1192548.npy
track_0653703,/content/drive/MyDrive/MTG_Instrument_old/dataset/logmel_songs/03/653703.npy
track_1122569,/content/drive/MyDrive/MTG_Instrument_old/dataset/logmel_songs/69/1122569.npy
track_1100192,/content/drive/MyDrive/MTG_Instrument_old/dataset/logmel_songs/92/1100192.npy
track_0201320,/content/drive/MyDrive/MTG_Instrument_old/dataset/logmel_songs/20/201320.npy
track_1264209,/content/drive/MyDrive/MTG_Instrument_old/dataset/logmel_songs/09/1264209.npy
track_0661756,/content/drive/MyDrive/MTG_Instrument_old/dataset/logmel_songs/56/661756.npy
track_1346567,/content/drive/MyDrive/MTG_Instrument_old/dataset/logmel_songs/67/1346567.npy
track_1313333,/content/drive/MyDrive/MTG_Instrument_old/dataset/logmel_songs/33/1313333.npy
track_1323010,/content/drive/MyDrive/MTG_Instrument_old/dataset/logmel_songs/10/1323010.npy
track_0789881,/content/drive/MyDrive/MTG_Instrument_old/dataset/logmel_songs/81/789881.npy
track_1095025,/content/drive/MyDrive/MTG_Instrument_old/dataset/logmel_songs/25/1095025.npy
track_1159950,/content/drive/MyDrive/MTG_Instrument_old/dataset/logmel_songs/50/1159950.npy
track_1283759,/content/drive/MyDrive/MTG_Instrument_old/dataset/logmel_songs/59/1283759.npy
track_1398416,/content/drive/MyDrive/MTG_Instrument_old/dataset/logmel_songs/16/1398416.npy
track_1270569,/content/drive/MyDrive/MTG_Instrument_old/dataset/logmel_songs/69/1270569.npy
track_0741318,/content/drive/MyDrive/MTG_Instrument_old/dataset/logmel_songs/18/741318.npy
track_0941398,/content/drive/MyDrive/MTG_Instrument_old/dataset/logmel_songs/98/941398.npy
track_1202954,/content/drive/MyDrive/MTG_Instrument_old/dataset/logmel_songs/54/1202954.npy
track_1351589,/content/drive/MyDrive/MTG_Instrument_old/dataset/logmel_songs/89/1351589.npy
track_1366176,/content/drive/MyDrive/MTG_Instrument_old/dataset/logmel_songs/76/1366176.npy
track_1177395,/content/drive/MyDrive/MTG_Instrument_old/dataset/logmel_songs/95/1177395.npy
track_0659900,/content/drive/MyDrive/MTG_Instrument_old/dataset/logmel_songs/00/659900.npy
track_1330499,/content/drive/MyDrive/MTG_Instrument_old/dataset/logmel_songs/99/1330499.npy
track_0000382,/content/drive/MyDrive/MTG_Instrument_old/dataset/logmel_songs/82/382.npy
track_0202151,/content/drive/MyDrive/MTG_Instrument_old/dataset/logmel_songs/51/202151.npy
track_1162099,/content/drive/MyDrive/MTG_Instrument_old/dataset/logmel_songs/99/1162099.npy
track_1231490,/content/drive/MyDrive/MTG_Instrument_old/dataset/logmel_songs/90/1231490.npy
track_0202199,/content/drive/MyDrive/MTG_Instrument_old/dataset/logmel_songs/99/202199.npy
track_1172113,/content/drive/MyDrive/MTG_Instrument_old/dataset/logmel_songs/13/1172113.npy
track_0964542,/content/drive/MyDrive/MTG_Instrument_old/dataset/logmel_songs/42/964542.npy
track_1013135,/content/drive/MyDrive/MTG_Instrument_old/dataset/logmel_songs/35/1013135.npy
track_0151096,/content/drive/MyDrive/MTG_Instrument_old/dataset/logmel_songs/96/151096.npy
track_1190959,/content/drive/MyDrive/MTG_Instrument_old/dataset/logmel_songs/59/1190959.npy
track_0081032,/content/drive/MyDrive/MTG_Instrument_old/dataset/logmel_songs/32/81032.npy
track_0188294,/content/drive/MyDrive/MTG_Instrument_old/dataset/logmel_songs/94/188294.npy
track_0802276,/content/drive/MyDrive/MTG_Instrument_old/dataset/logmel_songs/76/802276.npy
track_1340258,/content/drive/MyDrive/MTG_Instrument_old/dataset/logmel_songs/58/1340258.npy
track_1340257,/content/drive/MyDrive/MTG_Instrument_old/dataset/logmel_songs/57/1340257.npy
track_1133178,/content/drive/MyDrive/MTG_Instrument_old/dataset/logmel_songs/78/1133178.npy
track_1026859,/content/drive/MyDrive/MTG_Instrument_old/dataset/logmel_songs/59/1026859.npy
track_1330056,/content/drive/MyDrive/MTG_Instrument_old/dataset/logmel_songs/56/1330056.npy
track_0292530,/content/drive/MyDrive/MTG_Instrument_old/dataset/logmel_songs/30/292530.npy
track_0802322,/content/drive/MyDrive/MTG_Instrument_old/dataset/logmel_songs/22/802322.npy
track_0944928,/content/drive/MyDrive/MTG_Instrument_old/dataset/logmel_songs/28/944928.npy
track_1294778,/content/drive/MyDrive/MTG_Instrument_old/dataset/logmel_songs/78/1294778.npy
track_1159946,/content/drive/MyDrive/MTG_Instrument_old/dataset/logmel_songs/46/1159946.npy
track_0296240,/content/drive/MyDrive/MTG_Instrument_old/dataset/logmel_songs/40/296240.npy
track_0556372,/content/drive/MyDrive/MTG_Instrument_old/dataset/logmel_songs/72/556372.npy
track_0347604,/content/drive/MyDrive/MTG_Instrument_old/dataset/logmel_songs/04/347604.npy
track_1137273,/content/drive/MyDrive/MTG_Instrument_old/dataset/logmel_songs/73/1137273.npy
track_1168171,/content/drive/MyDrive/MTG_Instrument_old/dataset/logmel_songs/71/1168171.npy
track_1208450,/content/drive/MyDrive/MTG_Instrument_old/dataset/logmel_songs/50/1208450.npy
track_1187344,/content/drive/MyDrive/MTG_Instrument_old/dataset/logmel_songs/44/1187344.npy
track_0405790,/content/drive/MyDrive/MTG_Instrument_old/dataset/logmel_songs/90/405790.npy
track_0457236,/content/drive/MyDrive/MTG_Instrument_old/dataset/logmel_songs/36/457236.npy
track_0004887,/content/drive/MyDrive/MTG_Instrument_old/dataset/logmel_songs/87/4887.npy
track_1281209,/content/drive/MyDrive/MTG_Instrument_old/dataset/logmel_songs/09/1281209.npy
track_1276510,/content/drive/MyDrive/MTG_Instrument_old/dataset/logmel_songs/10/1276510.npy
track_1080154,/content/drive/MyDrive/MTG_Instrument_old/dataset/logmel_songs/54/1080154.npy
track_0946946,/content/drive/MyDrive/MTG_Instrument_old/dataset/logmel_songs/46/946946.npy
track_1355022,/content/drive/MyDrive/MTG_Instrument_old/dataset/logmel_songs/22/1355022.npy
track_1086337,/content/drive/MyDrive/MTG_Instrument_old/dataset/logmel_songs/37/1086337.npy
track_1203429,/content/drive/MyDrive/MTG_Instrument_old/dataset/logmel_songs/29/1203429.npy
track_0405787,/content/drive/MyDrive/MTG_Instrument_old/dataset/logmel_songs/87/405787.npy
track_0938058,/content/drive/MyDrive/MTG_Instrument_old/dataset/logmel_songs/58/938058.npy
track_1194316,/content/drive/MyDrive/MTG_Instrument_old/dataset/logmel_songs/16/1194316.npy
track_1028816,/content/drive/MyDrive/MTG_Instrument_old/dataset/logmel_songs/16/1028816.npy
track_0130611,/content/drive/MyDrive/MTG_Instrument_old/dataset/logmel_songs/11/130611.npy
track_0710533,/content/drive/MyDrive/MTG_Instrument_old/dataset/logmel_songs/33/710533.npy
track_1033094,/content/drive/MyDrive/MTG_Instrument_old/dataset/logmel_songs/94/1033094.npy
track_1236853,/content/drive/MyDrive/MTG_Instrument_old/dataset/logmel_songs/53/1236853.npy
track_0764952,/content/drive/MyDrive/MTG_Instrument_old/dataset/logmel_songs/52/764952.npy
track_1084374,/content/drive/MyDrive/MTG_Instrument_old/dataset/logmel_songs/74/1084374.npy
track_0632093,/content/drive/MyDrive/MTG_Instrument_old/dataset/logmel_songs/93/632093.npy
track_0752147,/content/drive/MyDrive/MTG_Instrument_old/dataset/logmel_songs/47/752147.npy
track_1240413,/content/drive/MyDrive/MTG_Instrument_old/dataset/logmel_songs/13/1240413.npy
track_0934043,/content/drive/MyDrive/MTG_Instrument_old/dataset/logmel_songs/43/934043.npy
track_1167884,/content/drive/MyDrive/MTG_Instrument_old/dataset/logmel_songs/84/1167884.npy
track_0939259,/content/drive/MyDrive/MTG_Instrument_old/dataset/logmel_songs/59/939259.npy
track_1156056,/content/drive/MyDrive/MTG_Instrument_old/dataset/logmel_songs/56/1156056.npy
track_1322956,/content/drive/MyDrive/MTG_Instrument_old/dataset/logmel_songs/56/1322956.npy
track_0278358,/content/drive/MyDrive/MTG_Instrument_old/dataset/logmel_songs/58/278358.npy
track_1319227,/content/drive/MyDrive/MTG_Instrument_old/dataset/logmel_songs/27/1319227.npy
track_1270604,/content/drive/MyDrive/MTG_Instrument_old/dataset/logmel_songs/04/1270604.npy
track_1313340,/content/drive/MyDrive/MTG_Instrument_old/dataset/logmel_songs/40/1313340.npy
track_1219234,/content/drive/MyDrive/MTG_Instrument_old/dataset/logmel_songs/34/1219234.npy
track_0891602,/content/drive/MyDrive/MTG_Instrument_old/dataset/logmel_songs/02/891602.npy
track_1291475,/content/drive/MyDrive/MTG_Instrument_old/dataset/logmel_songs/75/1291475.npy
track_1414842,/content/drive/MyDrive/MTG_Instrument_old/dataset/logmel_songs/42/1414842.npy
track_1165518,/content/drive/MyDrive/MTG_Instrument_old/dataset/logmel_songs/18/1165518.npy
track_0081183,/content/drive/MyDrive/MTG_Instrument_old/dataset/logmel_songs/83/81183.npy
track_0914767,/content/drive/MyDrive/MTG_Instrument_old/dataset/logmel_songs/67/914767.npy
track_1322923,/content/drive/MyDrive/MTG_Instrument_old/dataset/logmel_songs/23/1322923.npy
track_1189929,/content/drive/MyDrive/MTG_Instrument_old/dataset/logmel_songs/29/1189929.npy
track_1369698,/content/drive/MyDrive/MTG_Instrument_old/dataset/logmel_songs/98/1369698.npy
track_1154247,/content/drive/MyDrive/MTG_Instrument_old/dataset/logmel_songs/47/1154247.npy
track_0135845,/content/drive/MyDrive/MTG_Instrument_old/dataset/logmel_songs/45/135845.npy
track_1053176,/content/drive/MyDrive/MTG_Instrument_old/dataset/logmel_songs/76/1053176.npy
track_1330448,/content/drive/MyDrive/MTG_Instrument_old/dataset/logmel_songs/48/1330448.npy
track_1145350,/content/drive/MyDrive/MTG_Instrument_old/dataset/logmel_songs/50/1145350.npy
track_1173258,/content/drive/MyDrive/MTG_Instrument_old/dataset/logmel_songs/58/1173258.npy
track_0038769,/content/drive/MyDrive/MTG_Instrument_old/dataset/logmel_songs/69/38769.npy
track_1176150,/content/drive/MyDrive/MTG_Instrument_old/dataset/logmel_songs/50/1176150.npy
track_0257021,/content/drive/MyDrive/MTG_Instrument_old/dataset/logmel_songs/21/257021.npy
track_0989878,/content/drive/MyDrive/MTG_Instrument_old/dataset/logmel_songs/78/989878.npy
track_0862394,/content/drive/MyDrive/MTG_Instrument_old/dataset/logmel_songs/94/862394.npy
track_0604137,/content/drive/MyDrive/MTG_Instrument_old/dataset/logmel_songs/37/604137.npy
track_1159753,/content/drive/MyDrive/MTG_Instrument_old/dataset/logmel_songs/53/1159753.npy
track_1047453,/content/drive/MyDrive/MTG_Instrument_old/dataset/logmel_songs/53/1047453.npy
track_0711269,/content/drive/MyDrive/MTG_Instrument_old/dataset/logmel_songs/69/711269.npy
track_1051205,/content/drive/MyDrive/MTG_Instrument_old/dataset/logmel_songs/05/1051205.npy
track_1314627,/content/drive/MyDrive/MTG_Instrument_old/dataset/logmel_songs/27/1314627.npy
track_1219559,/content/drive/MyDrive/MTG_Instrument_old/dataset/logmel_songs/59/1219559.npy
track_0481709,/content/drive/MyDrive/MTG_Instrument_old/dataset/logmel_songs/09/481709.npy
track_1089264,/content/drive/MyDrive/MTG_Instrument_old/dataset/logmel_songs/64/1089264.npy
track_1375199,/content/drive/MyDrive/MTG_Instrument_old/dataset/logmel_songs/99/1375199.npy
track_0299483,/content/drive/MyDrive/MTG_Instrument_old/dataset/logmel_songs/83/299483.npy
track_0865776,/content/drive/MyDrive/MTG_Instrument_old/dataset/logmel_songs/76/865776.npy
track_1328103,/content/drive/MyDrive/MTG_Instrument_old/dataset/logmel_songs/03/1328103.npy
track_0000958,/content/drive/MyDrive/MTG_Instrument_old/dataset/logmel_songs/58/958.npy
track_1089166,/content/drive/MyDrive/MTG_Instrument_old/dataset/logmel_songs/66/1089166.npy
track_0534561,/content/drive/MyDrive/MTG_Instrument_old/dataset/logmel_songs/61/534561.npy
track_0867660,/content/drive/MyDrive/MTG_Instrument_old/dataset/logmel_songs/60/867660.npy
track_1415560,/content/drive/MyDrive/MTG_Instrument_old/dataset/logmel_songs/60/1415560.npy
track_1227556,/content/drive/MyDrive/MTG_Instrument_old/dataset/logmel_songs/56/1227556.npy
track_0305168,/content/drive/MyDrive/MTG_Instrument_old/dataset/logmel_songs/68/305168.npy
track_1267344,/content/drive/MyDrive/MTG_Instrument_old/dataset/logmel_songs/44/1267344.npy
track_1340343,/content/drive/MyDrive/MTG_Instrument_old/dataset/logmel_songs/43/1340343.npy
track_1051898,/content/drive/MyDrive/MTG_Instrument_old/dataset/logmel_songs/98/1051898.npy
track_0881044,/content/drive/MyDrive/MTG_Instrument_old/dataset/logmel_songs/44/881044.npy
track_1103449,/content/drive/MyDrive/MTG_Instrument_old/dataset/logmel_songs/49/1103449.npy
track_1363272,/content/drive/MyDrive/MTG_Instrument_old/dataset/logmel_songs/72/1363272.npy
track_1108513,/content/drive/MyDrive/MTG_Instrument_old/dataset/logmel_songs/13/1108513.npy
track_0243568,/content/drive/MyDrive/MTG_Instrument_old/dataset/logmel_songs/68/243568.npy
track_0915279,/content/drive/MyDrive/MTG_Instrument_old/dataset/logmel_songs/79/915279.npy
track_1248602,/content/drive/MyDrive/MTG_Instrument_old/dataset/logmel_songs/02/1248602.npy
track_0075174,/content/drive/MyDrive/MTG_Instrument_old/dataset/logmel_songs/74/75174.npy
track_1087729,/content/drive/MyDrive/MTG_Instrument_old/dataset/logmel_songs/29/1087729.npy
track_0897313,/content/drive/MyDrive/MTG_Instrument_old/dataset/logmel_songs/13/897313.npy
track_0733157,/content/drive/MyDrive/MTG_Instrument_old/dataset/logmel_songs/57/733157.npy
track_1264194,/content/drive/MyDrive/MTG_Instrument_old/dataset/logmel_songs/94/1264194.npy
track_0046038,/content/drive/MyDrive/MTG_Instrument_old/dataset/logmel_songs/38/46038.npy
track_0944150,/content/drive/MyDrive/MTG_Instrument_old/dataset/logmel_songs/50/944150.npy
track_0162024,/content/drive/MyDrive/MTG_Instrument_old/dataset/logmel_songs/24/162024.npy
track_1206768,/content/drive/MyDrive/MTG_Instrument_old/dataset/logmel_songs/68/1206768.npy
track_1086514,/content/drive/MyDrive/MTG_Instrument_old/dataset/logmel_songs/14/1086514.npy
track_1043815,/content/drive/MyDrive/MTG_Instrument_old/dataset/logmel_songs/15/1043815.npy
track_1069786,/content/drive/MyDrive/MTG_Instrument_old/dataset/logmel_songs/86/1069786.npy
track_1094954,/content/drive/MyDrive/MTG_Instrument_old/dataset/logmel_songs/54/1094954.npy
track_1169057,/content/drive/MyDrive/MTG_Instrument_old/dataset/logmel_songs/57/1169057.npy
track_1380662,/content/drive/MyDrive/MTG_Instrument_old/dataset/logmel_songs/62/1380662.npy
track_1156094,/content/drive/MyDrive/MTG_Instrument_old/dataset/logmel_songs/94/1156094.npy
track_0919941,/content/drive/MyDrive/MTG_Instrument_old/dataset/logmel_songs/41/919941.npy
track_1150079,/content/drive/MyDrive/MTG_Instrument_old/dataset/logmel_songs/79/1150079.npy
track_0511100,/content/drive/MyDrive/MTG_Instrument_old/dataset/logmel_songs/00/511100.npy
track_1355462,/content/drive/MyDrive/MTG_Instrument_old/dataset/logmel_songs/62/1355462.npy
track_1295654,/content/drive/MyDrive/MTG_Instrument_old/dataset/logmel_songs/54/1295654.npy
track_1031433,/content/drive/MyDrive/MTG_Instrument_old/dataset/logmel_songs/33/1031433.npy
track_1183747,/content/drive/MyDrive/MTG_Instrument_old/dataset/logmel_songs/47/1183747.npy
track_0066949,/content/drive/MyDrive/MTG_Instrument_old/dataset/logmel_songs/49/66949.npy
track_1369049,/content/drive/MyDrive/MTG_Instrument_old/dataset/logmel_songs/49/1369049.npy
track_0896611,/content/drive/MyDrive/MTG_Instrument_old/dataset/logmel_songs/11/896611.npy
track_1235604,/content/drive/MyDrive/MTG_Instrument_old/dataset/logmel_songs/04/1235604.npy
track_1154907,/content/drive/MyDrive/MTG_Instrument_old/dataset/logmel_songs/07/1154907.npy
track_1407331,/content/drive/MyDrive/MTG_Instrument_old/dataset/logmel_songs/31/1407331.npy
track_1103171,/content/drive/MyDrive/MTG_Instrument_old/dataset/logmel_songs/71/1103171.npy
track_1089262,/content/drive/MyDrive/MTG_Instrument_old/dataset/logmel_songs/62/1089262.npy
track_1414153,/content/drive/MyDrive/MTG_Instrument_old/dataset/logmel_songs/53/1414153.npy
track_0113574,/content/drive/MyDrive/MTG_Instrument_old/dataset/logmel_songs/74/113574.npy
track_1325771,/content/drive/MyDrive/MTG_Instrument_old/dataset/logmel_songs/71/1325771.npy
track_1127768,/content/drive/MyDrive/MTG_Instrument_old/dataset/logmel_songs/68/1127768.npy
track_1158966,/content/drive/MyDrive/MTG_Instrument_old/dataset/logmel_songs/66/1158966.npy
track_1076575,/content/drive/MyDrive/MTG_Instrument_old/dataset/logmel_songs/75/1076575.npy
track_1204431,/content/drive/MyDrive/MTG_Instrument_old/dataset/logmel_songs/31/1204431.npy
track_1320003,/content/drive/MyDrive/MTG_Instrument_old/dataset/logmel_songs/03/1320003.npy
track_1361471,/content/drive/MyDrive/MTG_Instrument_old/dataset/logmel_songs/71/1361471.npy
track_0663852,/content/drive/MyDrive/MTG_Instrument_old/dataset/logmel_songs/52/663852.npy
track_0731396,/content/drive/MyDrive/MTG_Instrument_old/dataset/logmel_songs/96/731396.npy
track_0802293,/content/drive/MyDrive/MTG_Instrument_old/dataset/logmel_songs/93/802293.npy
track_1289019,/content/drive/MyDrive/MTG_Instrument_old/dataset/logmel_songs/19/1289019.npy
track_1185797,/content/drive/MyDrive/MTG_Instrument_old/dataset/logmel_songs/97/1185797.npy
track_1160029,/content/drive/MyDrive/MTG_Instrument_old/dataset/logmel_songs/29/1160029.npy
track_1208803,/content/drive/MyDrive/MTG_Instrument_old/dataset/logmel_songs/03/1208803.npy
track_1104857,/content/drive/MyDrive/MTG_Instrument_old/dataset/logmel_songs/57/1104857.npy
track_0785632,/content/drive/MyDrive/MTG_Instrument_old/dataset/logmel_songs/32/785632.npy
track_1257248,/content/drive/MyDrive/MTG_Instrument_old/dataset/logmel_songs/48/1257248.npy
track_0989874,/content/drive/MyDrive/MTG_Instrument_old/dataset/logmel_songs/74/989874.npy
track_0888635,/content/drive/MyDrive/MTG_Instrument_old/dataset/logmel_songs/35/888635.npy
track_1129159,/content/drive/MyDrive/MTG_Instrument_old/dataset/logmel_songs/59/1129159.npy
track_1030903,/content/drive/MyDrive/MTG_Instrument_old/dataset/logmel_songs/03/1030903.npy
track_1166928,/content/drive/MyDrive/MTG_Instrument_old/dataset/logmel_songs/28/1166928.npy
track_0639525,/content/drive/MyDrive/MTG_Instrument_old/dataset/logmel_songs/25/639525.npy
track_1044925,/content/drive/MyDrive/MTG_Instrument_old/dataset/logmel_songs/25/1044925.npy
track_1279775,/content/drive/MyDrive/MTG_Instrument_old/dataset/logmel_songs/75/1279775.npy
track_0038758,/content/drive/MyDrive/MTG_Instrument_old/dataset/logmel_songs/58/38758.npy
track_1187039,/content/drive/MyDrive/MTG_Instrument_old/dataset/logmel_songs/39/1187039.npy
track_1108282,/content/drive/MyDrive/MTG_Instrument_old/dataset/logmel_songs/82/1108282.npy
track_1166678,/content/drive/MyDrive/MTG_Instrument_old/dataset/logmel_songs/78/1166678.npy
track_0783232,/content/drive/MyDrive/MTG_Instrument_old/dataset/logmel_songs/32/783232.npy
track_0044671,/content/drive/MyDrive/MTG_Instrument_old/dataset/logmel_songs/71/44671.npy
track_1096788,/content/drive/MyDrive/MTG_Instrument_old/dataset/logmel_songs/88/1096788.npy
track_1357456,/content/drive/MyDrive/MTG_Instrument_old/dataset/logmel_songs/56/1357456.npy
track_1368389,/content/drive/MyDrive/MTG_Instrument_old/dataset/logmel_songs/89/1368389.npy
track_0021984,/content/drive/MyDrive/MTG_Instrument_old/dataset/logmel_songs/84/21984.npy
track_1101590,/content/drive/MyDrive/MTG_Instrument_old/dataset/logmel_songs/90/1101590.npy
track_0962727,/content/drive/MyDrive/MTG_Instrument_old/dataset/logmel_songs/27/962727.npy
track_1393617,/content/drive/MyDrive/MTG_Instrument_old/dataset/logmel_songs/17/1393617.npy
track_1041496,/content/drive/MyDrive/MTG_Instrument_old/dataset/logmel_songs/96/1041496.npy
track_1138559,/content/drive/MyDrive/MTG_Instrument_old/dataset/logmel_songs/59/1138559.npy
track_0242903,/content/drive/MyDrive/MTG_Instrument_old/dataset/logmel_songs/03/242903.npy
track_0080782,/content/drive/MyDrive/MTG_Instrument_old/dataset/logmel_songs/82/80782.npy
track_1077388,/content/drive/MyDrive/MTG_Instrument_old/dataset/logmel_songs/88/1077388.npy
track_1084124,/content/drive/MyDrive/MTG_Instrument_old/dataset/logmel_songs/24/1084124.npy
track_0365609,/content/drive/MyDrive/MTG_Instrument_old/dataset/logmel_songs/09/365609.npy
track_0729307,/content/drive/MyDrive/MTG_Instrument_old/dataset/logmel_songs/07/729307.npy
track_1270630,/content/drive/MyDrive/MTG_Instrument_old/dataset/logmel_songs/30/1270630.npy
track_0734385,/content/drive/MyDrive/MTG_Instrument_old/dataset/logmel_songs/85/734385.npy
track_1292567,/content/drive/MyDrive/MTG_Instrument_old/dataset/logmel_songs/67/1292567.npy
track_1397744,/content/drive/MyDrive/MTG_Instrument_old/dataset/logmel_songs/44/1397744.npy
track_1225306,/content/drive/MyDrive/MTG_Instrument_old/dataset/logmel_songs/06/1225306.npy
track_0749616,/content/drive/MyDrive/MTG_Instrument_old/dataset/logmel_songs/16/749616.npy
track_0936439,/content/drive/MyDrive/MTG_Instrument_old/dataset/logmel_songs/39/936439.npy
track_0895956,/content/drive/MyDrive/MTG_Instrument_old/dataset/logmel_songs/56/895956.npy
track_1169733,/content/drive/MyDrive/MTG_Instrument_old/dataset/logmel_songs/33/1169733.npy
track_1135071,/content/drive/MyDrive/MTG_Instrument_old/dataset/logmel_songs/71/1135071.npy
track_1277606,/content/drive/MyDrive/MTG_Instrument_old/dataset/logmel_songs/06/1277606.npy
track_0625213,/content/drive/MyDrive/MTG_Instrument_old/dataset/logmel_songs/13/625213.npy
track_1089239,/content/drive/MyDrive/MTG_Instrument_old/dataset/logmel_songs/39/1089239.npy
track_1293572,/content/drive/MyDrive/MTG_Instrument_old/dataset/logmel_songs/72/1293572.npy
track_1189944,/content/drive/MyDrive/MTG_Instrument_old/dataset/logmel_songs/44/1189944.npy
track_1048226,/content/drive/MyDrive/MTG_Instrument_old/dataset/logmel_songs/26/1048226.npy
track_0661754,/content/drive/MyDrive/MTG_Instrument_old/dataset/logmel_songs/54/661754.npy
track_0302357,/content/drive/MyDrive/MTG_Instrument_old/dataset/logmel_songs/57/302357.npy
track_1165501,/content/drive/MyDrive/MTG_Instrument_old/dataset/logmel_songs/01/1165501.npy
track_0908551,/content/drive/MyDrive/MTG_Instrument_old/dataset/logmel_songs/51/908551.npy
track_1371096,/content/drive/MyDrive/MTG_Instrument_old/dataset/logmel_songs/96/1371096.npy
track_0957453,/content/drive/MyDrive/MTG_Instrument_old/dataset/logmel_songs/53/957453.npy
track_1093794,/content/drive/MyDrive/MTG_Instrument_old/dataset/logmel_songs/94/1093794.npy
track_0711257,/content/drive/MyDrive/MTG_Instrument_old/dataset/logmel_songs/57/711257.npy
track_1351136,/content/drive/MyDrive/MTG_Instrument_old/dataset/logmel_songs/36/1351136.npy
track_0839514,/content/drive/MyDrive/MTG_Instrument_old/dataset/logmel_songs/14/839514.npy
track_1040558,/content/drive/MyDrive/MTG_Instrument_old/dataset/logmel_songs/58/1040558.npy
track_1011994,/content/drive/MyDrive/MTG_Instrument_old/dataset/logmel_songs/94/1011994.npy
track_0041965,/content/drive/MyDrive/MTG_Instrument_old/dataset/logmel_songs/65/41965.npy
track_1211483,/content/drive/MyDrive/MTG_Instrument_old/dataset/logmel_songs/83/1211483.npy
track_0976790,/content/drive/MyDrive/MTG_Instrument_old/dataset/logmel_songs/90/976790.npy
track_1168278,/content/drive/MyDrive/MTG_Instrument_old/dataset/logmel_songs/78/1168278.npy
track_1105053,/content/drive/MyDrive/MTG_Instrument_old/dataset/logmel_songs/53/1105053.npy
track_1244885,/content/drive/MyDrive/MTG_Instrument_old/dataset/logmel_songs/85/1244885.npy
track_0553089,/content/drive/MyDrive/MTG_Instrument_old/dataset/logmel_songs/89/553089.npy
track_1190960,/content/drive/MyDrive/MTG_Instrument_old/dataset/logmel_songs/60/1190960.npy
track_1163322,/content/drive/MyDrive/MTG_Instrument_old/dataset/logmel_songs/22/1163322.npy
track_0981206,/content/drive/MyDrive/MTG_Instrument_old/dataset/logmel_songs/06/981206.npy
track_0949606,/content/drive/MyDrive/MTG_Instrument_old/dataset/logmel_songs/06/949606.npy
track_1030283,/content/drive/MyDrive/MTG_Instrument_old/dataset/logmel_songs/83/1030283.npy
track_1245136,/content/drive/MyDrive/MTG_Instrument_old/dataset/logmel_songs/36/1245136.npy
track_1243720,/content/drive/MyDrive/MTG_Instrument_old/dataset/logmel_songs/20/1243720.npy
track_1305120,/content/drive/MyDrive/MTG_Instrument_old/dataset/logmel_songs/20/1305120.npy
track_1321124,/content/drive/MyDrive/MTG_Instrument_old/dataset/logmel_songs/24/1321124.npy
track_1338427,/content/drive/MyDrive/MTG_Instrument_old/dataset/logmel_songs/27/1338427.npy
track_1221530,/content/drive/MyDrive/MTG_Instrument_old/dataset/logmel_songs/30/1221530.npy
track_0628409,/content/drive/MyDrive/MTG_Instrument_old/dataset/logmel_songs/09/628409.npy
track_1115630,/content/drive/MyDrive/MTG_Instrument_old/dataset/logmel_songs/30/1115630.npy
track_0891996,/content/drive/MyDrive/MTG_Instrument_old/dataset/logmel_songs/96/891996.npy
track_1119574,/content/drive/MyDrive/MTG_Instrument_old/dataset/logmel_songs/74/1119574.npy
track_0111012,/content/drive/MyDrive/MTG_Instrument_old/dataset/logmel_songs/12/111012.npy
track_0723355,/content/drive/MyDrive/MTG_Instrument_old/dataset/logmel_songs/55/723355.npy
track_1098411,/content/drive/MyDrive/MTG_Instrument_old/dataset/logmel_songs/11/1098411.npy
track_0365590,/content/drive/MyDrive/MTG_Instrument_old/dataset/logmel_songs/90/365590.npy
track_1116404,/content/drive/MyDrive/MTG_Instrument_old/dataset/logmel_songs/04/1116404.npy
track_1161433,/content/drive/MyDrive/MTG_Instrument_old/dataset/logmel_songs/33/1161433.npy
track_1086258,/content/drive/MyDrive/MTG_Instrument_old/dataset/logmel_songs/58/1086258.npy
track_1320004,/content/drive/MyDrive/MTG_Instrument_old/dataset/logmel_songs/04/1320004.npy
track_1137245,/content/drive/MyDrive/MTG_Instrument_old/dataset/logmel_songs/45/1137245.npy
track_1133988,/content/drive/MyDrive/MTG_Instrument_old/dataset/logmel_songs/88/1133988.npy
track_1124970,/content/drive/MyDrive/MTG_Instrument_old/dataset/logmel_songs/70/1124970.npy
track_1015404,/content/drive/MyDrive/MTG_Instrument_old/dataset/logmel_songs/04/1015404.npy
track_0299588,/content/drive/MyDrive/MTG_Instrument_old/dataset/logmel_songs/88/299588.npy
track_0771291,/content/drive/MyDrive/MTG_Instrument_old/dataset/logmel_songs/91/771291.npy
track_1328332,/content/drive/MyDrive/MTG_Instrument_old/dataset/logmel_songs/32/1328332.npy
track_1310211,/content/drive/MyDrive/MTG_Instrument_old/dataset/logmel_songs/11/1310211.npy
track_1269900,/content/drive/MyDrive/MTG_Instrument_old/dataset/logmel_songs/00/1269900.npy
track_0034852,/content/drive/MyDrive/MTG_Instrument_old/dataset/logmel_songs/52/34852.npy
track_1168804,/content/drive/MyDrive/MTG_Instrument_old/dataset/logmel_songs/04/1168804.npy
track_1153110,/content/drive/MyDrive/MTG_Instrument_old/dataset/logmel_songs/10/1153110.npy
track_1168491,/content/drive/MyDrive/MTG_Instrument_old/dataset/logmel_songs/91/1168491.npy
track_1389457,/content/drive/MyDrive/MTG_Instrument_old/dataset/logmel_songs/57/1389457.npy
track_0959961,/content/drive/MyDrive/MTG_Instrument_old/dataset/logmel_songs/61/959961.npy
track_1390985,/content/drive/MyDrive/MTG_Instrument_old/dataset/logmel_songs/85/1390985.npy
track_1047939,/content/drive/MyDrive/MTG_Instrument_old/dataset/logmel_songs/39/1047939.npy
track_0603755,/content/drive/MyDrive/MTG_Instrument_old/dataset/logmel_songs/55/603755.npy
track_1409370,/content/drive/MyDrive/MTG_Instrument_old/dataset/logmel_songs/70/1409370.npy
track_1416233,/content/drive/MyDrive/MTG_Instrument_old/dataset/logmel_songs/33/1416233.npy
track_0988518,/content/drive/MyDrive/MTG_Instrument_old/dataset/logmel_songs/18/988518.npy
track_0950932,/content/drive/MyDrive/MTG_Instrument_old/dataset/logmel_songs/32/950932.npy
track_1358717,/content/drive/MyDrive/MTG_Instrument_old/dataset/logmel_songs/17/1358717.npy
track_0571486,/content/drive/MyDrive/MTG_Instrument_old/dataset/logmel_songs/86/571486.npy
track_0938056,/content/drive/MyDrive/MTG_Instrument_old/dataset/logmel_songs/56/938056.npy
track_1227364,/content/drive/MyDrive/MTG_Instrument_old/dataset/logmel_songs/64/1227364.npy
track_1272452,/content/drive/MyDrive/MTG_Instrument_old/dataset/logmel_songs/52/1272452.npy
track_1376061,/content/drive/MyDrive/MTG_Instrument_old/dataset/logmel_songs/61/1376061.npy
track_1347008,/content/drive/MyDrive/MTG_Instrument_old/dataset/logmel_songs/08/1347008.npy
track_1343593,/content/drive/MyDrive/MTG_Instrument_old/dataset/logmel_songs/93/1343593.npy
track_1112012,/content/drive/MyDrive/MTG_Instrument_old/dataset/logmel_songs/12/1112012.npy
track_0166398,/content/drive/MyDrive/MTG_Instrument_old/dataset/logmel_songs/98/166398.npy
track_1335982,/content/drive/MyDrive/MTG_Instrument_old/dataset/logmel_songs/82/1335982.npy
track_1090144,/content/drive/MyDrive/MTG_Instrument_old/dataset/logmel_songs/44/1090144.npy
track_0556355,/content/drive/MyDrive/MTG_Instrument_old/dataset/logmel_songs/55/556355.npy
track_0026235,/content/drive/MyDrive/MTG_Instrument_old/dataset/logmel_songs/35/26235.npy
track_1009671,/content/drive/MyDrive/MTG_Instrument_old/dataset/logmel_songs/71/1009671.npy
track_0565798,/content/drive/MyDrive/MTG_Instrument_old/dataset/logmel_songs/98/565798.npy
track_0081214,/content/drive/MyDrive/MTG_Instrument_old/dataset/logmel_songs/14/81214.npy
track_1250208,/content/drive/MyDrive/MTG_Instrument_old/dataset/logmel_songs/08/1250208.npy
track_0832632,/content/drive/MyDrive/MTG_Instrument_old/dataset/logmel_songs/32/832632.npy
track_1133348,/content/drive/MyDrive/MTG_Instrument_old/dataset/logmel_songs/48/1133348.npy
track_0383574,/content/drive/MyDrive/MTG_Instrument_old/dataset/logmel_songs/74/383574.npy
track_0162025,/content/drive/MyDrive/MTG_Instrument_old/dataset/logmel_songs/25/162025.npy
track_0935511,/content/drive/MyDrive/MTG_Instrument_old/dataset/logmel_songs/11/935511.npy
track_0957463,/content/drive/MyDrive/MTG_Instrument_old/dataset/logmel_songs/63/957463.npy
track_0205092,/content/drive/MyDrive/MTG_Instrument_old/dataset/logmel_songs/92/205092.npy
track_1210702,/content/drive/MyDrive/MTG_Instrument_old/dataset/logmel_songs/02/1210702.npy
track_0950929,/content/drive/MyDrive/MTG_Instrument_old/dataset/logmel_songs/29/950929.npy
track_1186853,/content/drive/MyDrive/MTG_Instrument_old/dataset/logmel_songs/53/1186853.npy
track_1177892,/content/drive/MyDrive/MTG_Instrument_old/dataset/logmel_songs/92/1177892.npy
track_1394567,/content/drive/MyDrive/MTG_Instrument_old/dataset/logmel_songs/67/1394567.npy
track_1032337,/content/drive/MyDrive/MTG_Instrument_old/dataset/logmel_songs/37/1032337.npy
track_1129797,/content/drive/MyDrive/MTG_Instrument_old/dataset/logmel_songs/97/1129797.npy
track_1300028,/content/drive/MyDrive/MTG_Instrument_old/dataset/logmel_songs/28/1300028.npy
track_1284738,/content/drive/MyDrive/MTG_Instrument_old/dataset/logmel_songs/38/1284738.npy
track_1371500,/content/drive/MyDrive/MTG_Instrument_old/dataset/logmel_songs/00/1371500.npy
track_1277707,/content/drive/MyDrive/MTG_Instrument_old/dataset/logmel_songs/07/1277707.npy
track_0103656,/content/drive/MyDrive/MTG_Instrument_old/dataset/logmel_songs/56/103656.npy
track_1253141,/content/drive/MyDrive/MTG_Instrument_old/dataset/logmel_songs/41/1253141.npy
track_1345285,/content/drive/MyDrive/MTG_Instrument_old/dataset/logmel_songs/85/1345285.npy
track_0662422,/content/drive/MyDrive/MTG_Instrument_old/dataset/logmel_songs/22/662422.npy
track_1126645,/content/drive/MyDrive/MTG_Instrument_old/dataset/logmel_songs/45/1126645.npy
track_1049742,/content/drive/MyDrive/MTG_Instrument_old/dataset/logmel_songs/42/1049742.npy
track_1096817,/content/drive/MyDrive/MTG_Instrument_old/dataset/logmel_songs/17/1096817.npy
track_1393408,/content/drive/MyDrive/MTG_Instrument_old/dataset/logmel_songs/08/1393408.npy
track_0502330,/content/drive/MyDrive/MTG_Instrument_old/dataset/logmel_songs/30/502330.npy
track_1276513,/content/drive/MyDrive/MTG_Instrument_old/dataset/logmel_songs/13/1276513.npy
track_1163782,/content/drive/MyDrive/MTG_Instrument_old/dataset/logmel_songs/82/1163782.npy
track_0768444,/content/drive/MyDrive/MTG_Instrument_old/dataset/logmel_songs/44/768444.npy
track_0133519,/content/drive/MyDrive/MTG_Instrument_old/dataset/logmel_songs/19/133519.npy
track_0090066,/content/drive/MyDrive/MTG_Instrument_old/dataset/logmel_songs/66/90066.npy
track_0242908,/content/drive/MyDrive/MTG_Instrument_old/dataset/logmel_songs/08/242908.npy
track_1382111,/content/drive/MyDrive/MTG_Instrument_old/dataset/logmel_songs/11/1382111.npy
track_1109963,/content/drive/MyDrive/MTG_Instrument_old/dataset/logmel_songs/63/1109963.npy
track_1149755,/content/drive/MyDrive/MTG_Instrument_old/dataset/logmel_songs/55/1149755.npy
track_1208337,/content/drive/MyDrive/MTG_Instrument_old/dataset/logmel_songs/37/1208337.npy
track_0080779,/content/drive/MyDrive/MTG_Instrument_old/dataset/logmel_songs/79/80779.npy
track_0733158,/content/drive/MyDrive/MTG_Instrument_old/dataset/logmel_songs/58/733158.npy
track_0238203,/content/drive/MyDrive/MTG_Instrument_old/dataset/logmel_songs/03/238203.npy
track_0751969,/content/drive/MyDrive/MTG_Instrument_old/dataset/logmel_songs/69/751969.npy
track_0166394,/content/drive/MyDrive/MTG_Instrument_old/dataset/logmel_songs/94/166394.npy
track_0976777,/content/drive/MyDrive/MTG_Instrument_old/dataset/logmel_songs/77/976777.npy
track_1414156,/content/drive/MyDrive/MTG_Instrument_old/dataset/logmel_songs/56/1414156.npy
track_0076660,/content/drive/MyDrive/MTG_Instrument_old/dataset/logmel_songs/60/76660.npy
track_1248258,/content/drive/MyDrive/MTG_Instrument_old/dataset/logmel_songs/58/1248258.npy
track_0996968,/content/drive/MyDrive/MTG_Instrument_old/dataset/logmel_songs/68/996968.npy
track_0865772,/content/drive/MyDrive/MTG_Instrument_old/dataset/logmel_songs/72/865772.npy
track_1293996,/content/drive/MyDrive/MTG_Instrument_old/dataset/logmel_songs/96/1293996.npy
track_1374316,/content/drive/MyDrive/MTG_Instrument_old/dataset/logmel_songs/16/1374316.npy
track_0026227,/content/drive/MyDrive/MTG_Instrument_old/dataset/logmel_songs/27/26227.npy
track_1315891,/content/drive/MyDrive/MTG_Instrument_old/dataset/logmel_songs/91/1315891.npy
track_1086271,/content/drive/MyDrive/MTG_Instrument_old/dataset/logmel_songs/71/1086271.npy
track_1316755,/content/drive/MyDrive/MTG_Instrument_old/dataset/logmel_songs/55/1316755.npy
track_0914769,/content/drive/MyDrive/MTG_Instrument_old/dataset/logmel_songs/69/914769.npy
track_1160274,/content/drive/MyDrive/MTG_Instrument_old/dataset/logmel_songs/74/1160274.npy
track_1400597,/content/drive/MyDrive/MTG_Instrument_old/dataset/logmel_songs/97/1400597.npy
track_1065761,/content/drive/MyDrive/MTG_Instrument_old/dataset/logmel_songs/61/1065761.npy
track_1121562,/content/drive/MyDrive/MTG_Instrument_old/dataset/logmel_songs/62/1121562.npy
track_1296927,/content/drive/MyDrive/MTG_Instrument_old/dataset/logmel_songs/27/1296927.npy
track_0710539,/content/drive/MyDrive/MTG_Instrument_old/dataset/logmel_songs/39/710539.npy
track_1084201,/content/drive/MyDrive/MTG_Instrument_old/dataset/logmel_songs/01/1084201.npy
track_0577324,/content/drive/MyDrive/MTG_Instrument_old/dataset/logmel_songs/24/577324.npy
track_1341281,/content/drive/MyDrive/MTG_Instrument_old/dataset/logmel_songs/81/1341281.npy
track_1276508,/content/drive/MyDrive/MTG_Instrument_old/dataset/logmel_songs/08/1276508.npy
track_0579308,/content/drive/MyDrive/MTG_Instrument_old/dataset/logmel_songs/08/579308.npy
track_0056448,/content/drive/MyDrive/MTG_Instrument_old/dataset/logmel_songs/48/56448.npy
track_1397163,/content/drive/MyDrive/MTG_Instrument_old/dataset/logmel_songs/63/1397163.npy
track_1155998,/content/drive/MyDrive/MTG_Instrument_old/dataset/logmel_songs/98/1155998.npy
track_1127149,/content/drive/MyDrive/MTG_Instrument_old/dataset/logmel_songs/49/1127149.npy
track_1127779,/content/drive/MyDrive/MTG_Instrument_old/dataset/logmel_songs/79/1127779.npy
track_0150783,/content/drive/MyDrive/MTG_Instrument_old/dataset/logmel_songs/83/150783.npy
track_1291607,/content/drive/MyDrive/MTG_Instrument_old/dataset/logmel_songs/07/1291607.npy
track_0211412,/content/drive/MyDrive/MTG_Instrument_old/dataset/logmel_songs/12/211412.npy
track_1320002,/content/drive/MyDrive/MTG_Instrument_old/dataset/logmel_songs/02/1320002.npy
track_1313339,/content/drive/MyDrive/MTG_Instrument_old/dataset/logmel_songs/39/1313339.npy
track_0888640,/content/drive/MyDrive/MTG_Instrument_old/dataset/logmel_songs/40/888640.npy
track_1388580,/content/drive/MyDrive/MTG_Instrument_old/dataset/logmel_songs/80/1388580.npy
track_1227371,/content/drive/MyDrive/MTG_Instrument_old/dataset/logmel_songs/71/1227371.npy
track_1071948,/content/drive/MyDrive/MTG_Instrument_old/dataset/logmel_songs/48/1071948.npy
track_0094708,/content/drive/MyDrive/MTG_Instrument_old/dataset/logmel_songs/08/94708.npy
track_0977117,/content/drive/MyDrive/MTG_Instrument_old/dataset/logmel_songs/17/977117.npy
track_0162030,/content/drive/MyDrive/MTG_Instrument_old/dataset/logmel_songs/30/162030.npy
track_1149542,/content/drive/MyDrive/MTG_Instrument_old/dataset/logmel_songs/42/1149542.npy
track_1159663,/content/drive/MyDrive/MTG_Instrument_old/dataset/logmel_songs/63/1159663.npy
track_1332945,/content/drive/MyDrive/MTG_Instrument_old/dataset/logmel_songs/45/1332945.npy
track_1075204,/content/drive/MyDrive/MTG_Instrument_old/dataset/logmel_songs/04/1075204.npy
track_1056824,/content/drive/MyDrive/MTG_Instrument_old/dataset/logmel_songs/24/1056824.npy
track_1076458,/content/drive/MyDrive/MTG_Instrument_old/dataset/logmel_songs/58/1076458.npy
track_1109861,/content/drive/MyDrive/MTG_Instrument_old/dataset/logmel_songs/61/1109861.npy
track_1341108,/content/drive/MyDrive/MTG_Instrument_old/dataset/logmel_songs/08/1341108.npy
track_1395614,/content/drive/MyDrive/MTG_Instrument_old/dataset/logmel_songs/14/1395614.npy
track_1165514,/content/drive/MyDrive/MTG_Instrument_old/dataset/logmel_songs/14/1165514.npy
track_1137669,/content/drive/MyDrive/MTG_Instrument_old/dataset/logmel_songs/69/1137669.npy
track_0081803,/content/drive/MyDrive/MTG_Instrument_old/dataset/logmel_songs/03/81803.npy
track_1104756,/content/drive/MyDrive/MTG_Instrument_old/dataset/logmel_songs/56/1104756.npy
track_1348731,/content/drive/MyDrive/MTG_Instrument_old/dataset/logmel_songs/31/1348731.npy
track_0151027,/content/drive/MyDrive/MTG_Instrument_old/dataset/logmel_songs/27/151027.npy
track_1272515,/content/drive/MyDrive/MTG_Instrument_old/dataset/logmel_songs/15/1272515.npy
track_0989433,/content/drive/MyDrive/MTG_Instrument_old/dataset/logmel_songs/33/989433.npy
track_1039777,/content/drive/MyDrive/MTG_Instrument_old/dataset/logmel_songs/77/1039777.npy
track_1080210,/content/drive/MyDrive/MTG_Instrument_old/dataset/logmel_songs/10/1080210.npy
track_1079571,/content/drive/MyDrive/MTG_Instrument_old/dataset/logmel_songs/71/1079571.npy
track_1284741,/content/drive/MyDrive/MTG_Instrument_old/dataset/logmel_songs/41/1284741.npy
track_1188972,/content/drive/MyDrive/MTG_Instrument_old/dataset/logmel_songs/72/1188972.npy
track_1228857,/content/drive/MyDrive/MTG_Instrument_old/dataset/logmel_songs/57/1228857.npy
track_0516730,/content/drive/MyDrive/MTG_Instrument_old/dataset/logmel_songs/30/516730.npy
track_1124969,/content/drive/MyDrive/MTG_Instrument_old/dataset/logmel_songs/69/1124969.npy
track_0579912,/content/drive/MyDrive/MTG_Instrument_old/dataset/logmel_songs/12/579912.npy
track_1316323,/content/drive/MyDrive/MTG_Instrument_old/dataset/logmel_songs/23/1316323.npy
track_1217789,/content/drive/MyDrive/MTG_Instrument_old/dataset/logmel_songs/89/1217789.npy
track_0202938,/content/drive/MyDrive/MTG_Instrument_old/dataset/logmel_songs/38/202938.npy
track_0785434,/content/drive/MyDrive/MTG_Instrument_old/dataset/logmel_songs/34/785434.npy
track_1113992,/content/drive/MyDrive/MTG_Instrument_old/dataset/logmel_songs/92/1113992.npy
track_1073158,/content/drive/MyDrive/MTG_Instrument_old/dataset/logmel_songs/58/1073158.npy
track_0962584,/content/drive/MyDrive/MTG_Instrument_old/dataset/logmel_songs/84/962584.npy
track_1309874,/content/drive/MyDrive/MTG_Instrument_old/dataset/logmel_songs/74/1309874.npy
track_1208807,/content/drive/MyDrive/MTG_Instrument_old/dataset/logmel_songs/07/1208807.npy
track_1159692,/content/drive/MyDrive/MTG_Instrument_old/dataset/logmel_songs/92/1159692.npy
track_0151135,/content/drive/MyDrive/MTG_Instrument_old/dataset/logmel_songs/35/151135.npy
track_0049030,/content/drive/MyDrive/MTG_Instrument_old/dataset/logmel_songs/30/49030.npy
track_1149475,/content/drive/MyDrive/MTG_Instrument_old/dataset/logmel_songs/75/1149475.npy
track_0034861,/content/drive/MyDrive/MTG_Instrument_old/dataset/logmel_songs/61/34861.npy
track_1351586,/content/drive/MyDrive/MTG_Instrument_old/dataset/logmel_songs/86/1351586.npy
track_1109777,/content/drive/MyDrive/MTG_Instrument_old/dataset/logmel_songs/77/1109777.npy
track_1405568,/content/drive/MyDrive/MTG_Instrument_old/dataset/logmel_songs/68/1405568.npy
track_0166312,/content/drive/MyDrive/MTG_Instrument_old/dataset/logmel_songs/12/166312.npy
track_1330054,/content/drive/MyDrive/MTG_Instrument_old/dataset/logmel_songs/54/1330054.npy
track_0875374,/content/drive/MyDrive/MTG_Instrument_old/dataset/logmel_songs/74/875374.npy
track_1364091,/content/drive/MyDrive/MTG_Instrument_old/dataset/logmel_songs/91/1364091.npy
track_0275224,/content/drive/MyDrive/MTG_Instrument_old/dataset/logmel_songs/24/275224.npy
track_1374948,/content/drive/MyDrive/MTG_Instrument_old/dataset/logmel_songs/48/1374948.npy
track_0264287,/content/drive/MyDrive/MTG_Instrument_old/dataset/logmel_songs/87/264287.npy
track_1359884,/content/drive/MyDrive/MTG_Instrument_old/dataset/logmel_songs/84/1359884.npy
track_0947799,/content/drive/MyDrive/MTG_Instrument_old/dataset/logmel_songs/99/947799.npy
track_1076579,/content/drive/MyDrive/MTG_Instrument_old/dataset/logmel_songs/79/1076579.npy
track_0595367,/content/drive/MyDrive/MTG_Instrument_old/dataset/logmel_songs/67/595367.npy
track_0151143,/content/drive/MyDrive/MTG_Instrument_old/dataset/logmel_songs/43/151143.npy
track_0944925,/content/drive/MyDrive/MTG_Instrument_old/dataset/logmel_songs/25/944925.npy
track_0666758,/content/drive/MyDrive/MTG_Instrument_old/dataset/logmel_songs/58/666758.npy
track_1382270,/content/drive/MyDrive/MTG_Instrument_old/dataset/logmel_songs/70/1382270.npy
track_0966864,/content/drive/MyDrive/MTG_Instrument_old/dataset/logmel_songs/64/966864.npy
track_1250241,/content/drive/MyDrive/MTG_Instrument_old/dataset/logmel_songs/41/1250241.npy
track_0779036,/content/drive/MyDrive/MTG_Instrument_old/dataset/logmel_songs/36/779036.npy
track_1231042,/content/drive/MyDrive/MTG_Instrument_old/dataset/logmel_songs/42/1231042.npy
track_0972775,/content/drive/MyDrive/MTG_Instrument_old/dataset/logmel_songs/75/972775.npy
track_1070640,/content/drive/MyDrive/MTG_Instrument_old/dataset/logmel_songs/40/1070640.npy
track_1225146,/content/drive/MyDrive/MTG_Instrument_old/dataset/logmel_songs/46/1225146.npy
track_1160192,/content/drive/MyDrive/MTG_Instrument_old/dataset/logmel_songs/92/1160192.npy
track_1119407,/content/drive/MyDrive/MTG_Instrument_old/dataset/logmel_songs/07/1119407.npy
track_1249628,/content/drive/MyDrive/MTG_Instrument_old/dataset/logmel_songs/28/1249628.npy
track_1330894,/content/drive/MyDrive/MTG_Instrument_old/dataset/logmel_songs/94/1330894.npy
track_1028813,/content/drive/MyDrive/MTG_Instrument_old/dataset/logmel_songs/13/1028813.npy
track_1238932,/content/drive/MyDrive/MTG_Instrument_old/dataset/logmel_songs/32/1238932.npy
track_0594269,/content/drive/MyDrive/MTG_Instrument_old/dataset/logmel_songs/69/594269.npy
track_1355460,/content/drive/MyDrive/MTG_Instrument_old/dataset/logmel_songs/60/1355460.npy
track_1088398,/content/drive/MyDrive/MTG_Instrument_old/dataset/logmel_songs/98/1088398.npy
track_0940732,/content/drive/MyDrive/MTG_Instrument_old/dataset/logmel_songs/32/940732.npy
track_0470742,/content/drive/MyDrive/MTG_Instrument_old/dataset/logmel_songs/42/470742.npy
track_1030280,/content/drive/MyDrive/MTG_Instrument_old/dataset/logmel_songs/80/1030280.npy
track_0108653,/content/drive/MyDrive/MTG_Instrument_old/dataset/logmel_songs/53/108653.npy
track_1230829,/content/drive/MyDrive/MTG_Instrument_old/dataset/logmel_songs/29/1230829.npy
track_1112436,/content/drive/MyDrive/MTG_Instrument_old/dataset/logmel_songs/36/1112436.npy
track_1158987,/content/drive/MyDrive/MTG_Instrument_old/dataset/logmel_songs/87/1158987.npy
track_0976791,/content/drive/MyDrive/MTG_Instrument_old/dataset/logmel_songs/91/976791.npy
track_1039359,/content/drive/MyDrive/MTG_Instrument_old/dataset/logmel_songs/59/1039359.npy
track_0032322,/content/drive/MyDrive/MTG_Instrument_old/dataset/logmel_songs/22/32322.npy
track_0571476,/content/drive/MyDrive/MTG_Instrument_old/dataset/logmel_songs/76/571476.npy
track_0919475,/content/drive/MyDrive/MTG_Instrument_old/dataset/logmel_songs/75/919475.npy
track_0345912,/content/drive/MyDrive/MTG_Instrument_old/dataset/logmel_songs/12/345912.npy
track_0902226,/content/drive/MyDrive/MTG_Instrument_old/dataset/logmel_songs/26/902226.npy
track_1289102,/content/drive/MyDrive/MTG_Instrument_old/dataset/logmel_songs/02/1289102.npy
track_1098065,/content/drive/MyDrive/MTG_Instrument_old/dataset/logmel_songs/65/1098065.npy
track_1113644,/content/drive/MyDrive/MTG_Instrument_old/dataset/logmel_songs/44/1113644.npy
track_1328131,/content/drive/MyDrive/MTG_Instrument_old/dataset/logmel_songs/31/1328131.npy
track_1248273,/content/drive/MyDrive/MTG_Instrument_old/dataset/logmel_songs/73/1248273.npy
track_0802184,/content/drive/MyDrive/MTG_Instrument_old/dataset/logmel_songs/84/802184.npy
track_1194603,/content/drive/MyDrive/MTG_Instrument_old/dataset/logmel_songs/03/1194603.npy
track_0734509,/content/drive/MyDrive/MTG_Instrument_old/dataset/logmel_songs/09/734509.npy
track_1000084,/content/drive/MyDrive/MTG_Instrument_old/dataset/logmel_songs/84/1000084.npy
track_1320733,/content/drive/MyDrive/MTG_Instrument_old/dataset/logmel_songs/33/1320733.npy
track_1164588,/content/drive/MyDrive/MTG_Instrument_old/dataset/logmel_songs/88/1164588.npy
track_1305117,/content/drive/MyDrive/MTG_Instrument_old/dataset/logmel_songs/17/1305117.npy
track_1026044,/content/drive/MyDrive/MTG_Instrument_old/dataset/logmel_songs/44/1026044.npy
track_0840599,/content/drive/MyDrive/MTG_Instrument_old/dataset/logmel_songs/99/840599.npy
track_0922586,/content/drive/MyDrive/MTG_Instrument_old/dataset/logmel_songs/86/922586.npy
track_1163235,/content/drive/MyDrive/MTG_Instrument_old/dataset/logmel_songs/35/1163235.npy
track_0865774,/content/drive/MyDrive/MTG_Instrument_old/dataset/logmel_songs/74/865774.npy
track_0066942,/content/drive/MyDrive/MTG_Instrument_old/dataset/logmel_songs/42/66942.npy
track_1210874,/content/drive/MyDrive/MTG_Instrument_old/dataset/logmel_songs/74/1210874.npy
track_1330454,/content/drive/MyDrive/MTG_Instrument_old/dataset/logmel_songs/54/1330454.npy
track_1392057,/content/drive/MyDrive/MTG_Instrument_old/dataset/logmel_songs/57/1392057.npy
track_1023271,/content/drive/MyDrive/MTG_Instrument_old/dataset/logmel_songs/71/1023271.npy
track_1340595,/content/drive/MyDrive/MTG_Instrument_old/dataset/logmel_songs/95/1340595.npy
track_1127773,/content/drive/MyDrive/MTG_Instrument_old/dataset/logmel_songs/73/1127773.npy
track_1030900,/content/drive/MyDrive/MTG_Instrument_old/dataset/logmel_songs/00/1030900.npy
track_1324907,/content/drive/MyDrive/MTG_Instrument_old/dataset/logmel_songs/07/1324907.npy
track_1157601,/content/drive/MyDrive/MTG_Instrument_old/dataset/logmel_songs/01/1157601.npy
track_0466370,/content/drive/MyDrive/MTG_Instrument_old/dataset/logmel_songs/70/466370.npy
track_0383568,/content/drive/MyDrive/MTG_Instrument_old/dataset/logmel_songs/68/383568.npy
track_0207501,/content/drive/MyDrive/MTG_Instrument_old/dataset/logmel_songs/01/207501.npy
track_1162365,/content/drive/MyDrive/MTG_Instrument_old/dataset/logmel_songs/65/1162365.npy
track_0207532,/content/drive/MyDrive/MTG_Instrument_old/dataset/logmel_songs/32/207532.npy
track_1048149,/content/drive/MyDrive/MTG_Instrument_old/dataset/logmel_songs/49/1048149.npy
track_0949037,/content/drive/MyDrive/MTG_Instrument_old/dataset/logmel_songs/37/949037.npy
track_0976774,/content/drive/MyDrive/MTG_Instrument_old/dataset/logmel_songs/74/976774.npy
track_1399693,/content/drive/MyDrive/MTG_Instrument_old/dataset/logmel_songs/93/1399693.npy
track_0088462,/content/drive/MyDrive/MTG_Instrument_old/dataset/logmel_songs/62/88462.npy
track_0897991,/content/drive/MyDrive/MTG_Instrument_old/dataset/logmel_songs/91/897991.npy
track_1119590,/content/drive/MyDrive/MTG_Instrument_old/dataset/logmel_songs/90/1119590.npy
track_1367882,/content/drive/MyDrive/MTG_Instrument_old/dataset/logmel_songs/82/1367882.npy
track_0802318,/content/drive/MyDrive/MTG_Instrument_old/dataset/logmel_songs/18/802318.npy
track_0873810,/content/drive/MyDrive/MTG_Instrument_old/dataset/logmel_songs/10/873810.npy
track_1340354,/content/drive/MyDrive/MTG_Instrument_old/dataset/logmel_songs/54/1340354.npy
track_1353666,/content/drive/MyDrive/MTG_Instrument_old/dataset/logmel_songs/66/1353666.npy
track_1079280,/content/drive/MyDrive/MTG_Instrument_old/dataset/logmel_songs/80/1079280.npy
track_1277855,/content/drive/MyDrive/MTG_Instrument_old/dataset/logmel_songs/55/1277855.npy
track_1376051,/content/drive/MyDrive/MTG_Instrument_old/dataset/logmel_songs/51/1376051.npy
track_1320637,/content/drive/MyDrive/MTG_Instrument_old/dataset/logmel_songs/37/1320637.npy
track_1397816,/content/drive/MyDrive/MTG_Instrument_old/dataset/logmel_songs/16/1397816.npy
track_1114036,/content/drive/MyDrive/MTG_Instrument_old/dataset/logmel_songs/36/1114036.npy
track_1249955,/content/drive/MyDrive/MTG_Instrument_old/dataset/logmel_songs/55/1249955.npy
track_1069341,/content/drive/MyDrive/MTG_Instrument_old/dataset/logmel_songs/41/1069341.npy
track_0150791,/content/drive/MyDrive/MTG_Instrument_old/dataset/logmel_songs/91/150791.npy
track_1156098,/content/drive/MyDrive/MTG_Instrument_old/dataset/logmel_songs/98/1156098.npy
track_1082917,/content/drive/MyDrive/MTG_Instrument_old/dataset/logmel_songs/17/1082917.npy
track_1165521,/content/drive/MyDrive/MTG_Instrument_old/dataset/logmel_songs/21/1165521.npy
track_1368393,/content/drive/MyDrive/MTG_Instrument_old/dataset/logmel_songs/93/1368393.npy
track_1228628,/content/drive/MyDrive/MTG_Instrument_old/dataset/logmel_songs/28/1228628.npy
track_1169701,/content/drive/MyDrive/MTG_Instrument_old/dataset/logmel_songs/01/1169701.npy
track_1337944,/content/drive/MyDrive/MTG_Instrument_old/dataset/logmel_songs/44/1337944.npy
track_1127563,/content/drive/MyDrive/MTG_Instrument_old/dataset/logmel_songs/63/1127563.npy
track_0672533,/content/drive/MyDrive/MTG_Instrument_old/dataset/logmel_songs/33/672533.npy
track_0636312,/content/drive/MyDrive/MTG_Instrument_old/dataset/logmel_songs/12/636312.npy
track_0247279,/content/drive/MyDrive/MTG_Instrument_old/dataset/logmel_songs/79/247279.npy
track_1275966,/content/drive/MyDrive/MTG_Instrument_old/dataset/logmel_songs/66/1275966.npy
track_0371280,/content/drive/MyDrive/MTG_Instrument_old/dataset/logmel_songs/80/371280.npy
track_1075168,/content/drive/MyDrive/MTG_Instrument_old/dataset/logmel_songs/68/1075168.npy
track_0890454,/content/drive/MyDrive/MTG_Instrument_old/dataset/logmel_songs/54/890454.npy
track_1110511,/content/drive/MyDrive/MTG_Instrument_old/dataset/logmel_songs/11/1110511.npy
track_1183078,/content/drive/MyDrive/MTG_Instrument_old/dataset/logmel_songs/78/1183078.npy
track_0172186,/content/drive/MyDrive/MTG_Instrument_old/dataset/logmel_songs/86/172186.npy
track_1129035,/content/drive/MyDrive/MTG_Instrument_old/dataset/logmel_songs/35/1129035.npy
track_1248610,/content/drive/MyDrive/MTG_Instrument_old/dataset/logmel_songs/10/1248610.npy
track_1109858,/content/drive/MyDrive/MTG_Instrument_old/dataset/logmel_songs/58/1109858.npy
track_0080821,/content/drive/MyDrive/MTG_Instrument_old/dataset/logmel_songs/21/80821.npy
track_1179721,/content/drive/MyDrive/MTG_Instrument_old/dataset/logmel_songs/21/1179721.npy
track_0951890,/content/drive/MyDrive/MTG_Instrument_old/dataset/logmel_songs/90/951890.npy
track_0810904,/content/drive/MyDrive/MTG_Instrument_old/dataset/logmel_songs/04/810904.npy
track_1255972,/content/drive/MyDrive/MTG_Instrument_old/dataset/logmel_songs/72/1255972.npy
track_1070124,/content/drive/MyDrive/MTG_Instrument_old/dataset/logmel_songs/24/1070124.npy
track_1319997,/content/drive/MyDrive/MTG_Instrument_old/dataset/logmel_songs/97/1319997.npy
track_1243729,/content/drive/MyDrive/MTG_Instrument_old/dataset/logmel_songs/29/1243729.npy
track_1326855,/content/drive/MyDrive/MTG_Instrument_old/dataset/logmel_songs/55/1326855.npy
track_0109962,/content/drive/MyDrive/MTG_Instrument_old/dataset/logmel_songs/62/109962.npy
track_0066947,/content/drive/MyDrive/MTG_Instrument_old/dataset/logmel_songs/47/66947.npy
track_1086690,/content/drive/MyDrive/MTG_Instrument_old/dataset/logmel_songs/90/1086690.npy
track_1295557,/content/drive/MyDrive/MTG_Instrument_old/dataset/logmel_songs/57/1295557.npy
track_1136341,/content/drive/MyDrive/MTG_Instrument_old/dataset/logmel_songs/41/1136341.npy
track_0711272,/content/drive/MyDrive/MTG_Instrument_old/dataset/logmel_songs/72/711272.npy
track_0263463,/content/drive/MyDrive/MTG_Instrument_old/dataset/logmel_songs/63/263463.npy
track_1164229,/content/drive/MyDrive/MTG_Instrument_old/dataset/logmel_songs/29/1164229.npy
track_1009063,/content/drive/MyDrive/MTG_Instrument_old/dataset/logmel_songs/63/1009063.npy
track_1296365,/content/drive/MyDrive/MTG_Instrument_old/dataset/logmel_songs/65/1296365.npy
track_1148178,/content/drive/MyDrive/MTG_Instrument_old/dataset/logmel_songs/78/1148178.npy
track_1081840,/content/drive/MyDrive/MTG_Instrument_old/dataset/logmel_songs/40/1081840.npy
track_1244448,/content/drive/MyDrive/MTG_Instrument_old/dataset/logmel_songs/48/1244448.npy
track_1248615,/content/drive/MyDrive/MTG_Instrument_old/dataset/logmel_songs/15/1248615.npy
track_0785424,/content/drive/MyDrive/MTG_Instrument_old/dataset/logmel_songs/24/785424.npy
track_1238765,/content/drive/MyDrive/MTG_Instrument_old/dataset/logmel_songs/65/1238765.npy
track_1357405,/content/drive/MyDrive/MTG_Instrument_old/dataset/logmel_songs/05/1357405.npy
track_1070701,/content/drive/MyDrive/MTG_Instrument_old/dataset/logmel_songs/01/1070701.npy
track_1396089,/content/drive/MyDrive/MTG_Instrument_old/dataset/logmel_songs/89/1396089.npy
track_1193228,/content/drive/MyDrive/MTG_Instrument_old/dataset/logmel_songs/28/1193228.npy
track_1056141,/content/drive/MyDrive/MTG_Instrument_old/dataset/logmel_songs/41/1056141.npy
track_1119475,/content/drive/MyDrive/MTG_Instrument_old/dataset/logmel_songs/75/1119475.npy
track_1388813,/content/drive/MyDrive/MTG_Instrument_old/dataset/logmel_songs/13/1388813.npy
track_1300328,/content/drive/MyDrive/MTG_Instrument_old/dataset/logmel_songs/28/1300328.npy
track_1217519,/content/drive/MyDrive/MTG_Instrument_old/dataset/logmel_songs/19/1217519.npy
track_1084197,/content/drive/MyDrive/MTG_Instrument_old/dataset/logmel_songs/97/1084197.npy
track_0839520,/content/drive/MyDrive/MTG_Instrument_old/dataset/logmel_songs/20/839520.npy
track_0733169,/content/drive/MyDrive/MTG_Instrument_old/dataset/logmel_songs/69/733169.npy
track_1204821,/content/drive/MyDrive/MTG_Instrument_old/dataset/logmel_songs/21/1204821.npy
track_1221850,/content/drive/MyDrive/MTG_Instrument_old/dataset/logmel_songs/50/1221850.npy
track_1375969,/content/drive/MyDrive/MTG_Instrument_old/dataset/logmel_songs/69/1375969.npy
track_0296241,/content/drive/MyDrive/MTG_Instrument_old/dataset/logmel_songs/41/296241.npy
track_1300042,/content/drive/MyDrive/MTG_Instrument_old/dataset/logmel_songs/42/1300042.npy
track_1126033,/content/drive/MyDrive/MTG_Instrument_old/dataset/logmel_songs/33/1126033.npy
track_1330055,/content/drive/MyDrive/MTG_Instrument_old/dataset/logmel_songs/55/1330055.npy
track_1231644,/content/drive/MyDrive/MTG_Instrument_old/dataset/logmel_songs/44/1231644.npy
track_0038776,/content/drive/MyDrive/MTG_Instrument_old/dataset/logmel_songs/76/38776.npy
track_1118602,/content/drive/MyDrive/MTG_Instrument_old/dataset/logmel_songs/02/1118602.npy
track_0768430,/content/drive/MyDrive/MTG_Instrument_old/dataset/logmel_songs/30/768430.npy
track_0026226,/content/drive/MyDrive/MTG_Instrument_old/dataset/logmel_songs/26/26226.npy
track_0264448,/content/drive/MyDrive/MTG_Instrument_old/dataset/logmel_songs/48/264448.npy
track_0150793,/content/drive/MyDrive/MTG_Instrument_old/dataset/logmel_songs/93/150793.npy
track_0751968,/content/drive/MyDrive/MTG_Instrument_old/dataset/logmel_songs/68/751968.npy
track_0370257,/content/drive/MyDrive/MTG_Instrument_old/dataset/logmel_songs/57/370257.npy
track_1409347,/content/drive/MyDrive/MTG_Instrument_old/dataset/logmel_songs/47/1409347.npy
track_1221526,/content/drive/MyDrive/MTG_Instrument_old/dataset/logmel_songs/26/1221526.npy
track_1110770,/content/drive/MyDrive/MTG_Instrument_old/dataset/logmel_songs/70/1110770.npy
track_1027881,/content/drive/MyDrive/MTG_Instrument_old/dataset/logmel_songs/81/1027881.npy
track_1041498,/content/drive/MyDrive/MTG_Instrument_old/dataset/logmel_songs/98/1041498.npy
track_1136344,/content/drive/MyDrive/MTG_Instrument_old/dataset/logmel_songs/44/1136344.npy
track_1395041,/content/drive/MyDrive/MTG_Instrument_old/dataset/logmel_songs/41/1395041.npy
track_1160059,/content/drive/MyDrive/MTG_Instrument_old/dataset/logmel_songs/59/1160059.npy
track_0771590,/content/drive/MyDrive/MTG_Instrument_old/dataset/logmel_songs/90/771590.npy
track_1330502,/content/drive/MyDrive/MTG_Instrument_old/dataset/logmel_songs/02/1330502.npy
track_0325391,/content/drive/MyDrive/MTG_Instrument_old/dataset/logmel_songs/91/325391.npy
track_1217513,/content/drive/MyDrive/MTG_Instrument_old/dataset/logmel_songs/13/1217513.npy
track_1194980,/content/drive/MyDrive/MTG_Instrument_old/dataset/logmel_songs/80/1194980.npy
track_0663131,/content/drive/MyDrive/MTG_Instrument_old/dataset/logmel_songs/31/663131.npy
track_0501673,/content/drive/MyDrive/MTG_Instrument_old/dataset/logmel_songs/73/501673.npy
track_1227376,/content/drive/MyDrive/MTG_Instrument_old/dataset/logmel_songs/76/1227376.npy
track_1179403,/content/drive/MyDrive/MTG_Instrument_old/dataset/logmel_songs/03/1179403.npy
track_1345078,/content/drive/MyDrive/MTG_Instrument_old/dataset/logmel_songs/78/1345078.npy
track_0018230,/content/drive/MyDrive/MTG_Instrument_old/dataset/logmel_songs/30/18230.npy
track_0073121,/content/drive/MyDrive/MTG_Instrument_old/dataset/logmel_songs/21/73121.npy
track_1379931,/content/drive/MyDrive/MTG_Instrument_old/dataset/logmel_songs/31/1379931.npy
track_1159698,/content/drive/MyDrive/MTG_Instrument_old/dataset/logmel_songs/98/1159698.npy
track_0459359,/content/drive/MyDrive/MTG_Instrument_old/dataset/logmel_songs/59/459359.npy
track_1169705,/content/drive/MyDrive/MTG_Instrument_old/dataset/logmel_songs/05/1169705.npy
track_1178801,/content/drive/MyDrive/MTG_Instrument_old/dataset/logmel_songs/01/1178801.npy
track_1095476,/content/drive/MyDrive/MTG_Instrument_old/dataset/logmel_songs/76/1095476.npy
track_0974001,/content/drive/MyDrive/MTG_Instrument_old/dataset/logmel_songs/01/974001.npy
track_0352931,/content/drive/MyDrive/MTG_Instrument_old/dataset/logmel_songs/31/352931.npy
track_1168540,/content/drive/MyDrive/MTG_Instrument_old/dataset/logmel_songs/40/1168540.npy
track_1126094,/content/drive/MyDrive/MTG_Instrument_old/dataset/logmel_songs/94/1126094.npy
track_0556351,/content/drive/MyDrive/MTG_Instrument_old/dataset/logmel_songs/51/556351.npy
track_1345289,/content/drive/MyDrive/MTG_Instrument_old/dataset/logmel_songs/89/1345289.npy
track_0347590,/content/drive/MyDrive/MTG_Instrument_old/dataset/logmel_songs/90/347590.npy
track_0779037,/content/drive/MyDrive/MTG_Instrument_old/dataset/logmel_songs/37/779037.npy
track_0518472,/content/drive/MyDrive/MTG_Instrument_old/dataset/logmel_songs/72/518472.npy
track_1100973,/content/drive/MyDrive/MTG_Instrument_old/dataset/logmel_songs/73/1100973.npy
track_1171624,/content/drive/MyDrive/MTG_Instrument_old/dataset/logmel_songs/24/1171624.npy
track_0992508,/content/drive/MyDrive/MTG_Instrument_old/dataset/logmel_songs/08/992508.npy
track_0080783,/content/drive/MyDrive/MTG_Instrument_old/dataset/logmel_songs/83/80783.npy
track_0976827,/content/drive/MyDrive/MTG_Instrument_old/dataset/logmel_songs/27/976827.npy
track_1295534,/content/drive/MyDrive/MTG_Instrument_old/dataset/logmel_songs/34/1295534.npy
track_0965311,/content/drive/MyDrive/MTG_Instrument_old/dataset/logmel_songs/11/965311.npy
track_0734440,/content/drive/MyDrive/MTG_Instrument_old/dataset/logmel_songs/40/734440.npy
track_0950302,/content/drive/MyDrive/MTG_Instrument_old/dataset/logmel_songs/02/950302.npy
track_1380116,/content/drive/MyDrive/MTG_Instrument_old/dataset/logmel_songs/16/1380116.npy
track_1361521,/content/drive/MyDrive/MTG_Instrument_old/dataset/logmel_songs/21/1361521.npy
track_1231990,/content/drive/MyDrive/MTG_Instrument_old/dataset/logmel_songs/90/1231990.npy
track_1346677,/content/drive/MyDrive/MTG_Instrument_old/dataset/logmel_songs/77/1346677.npy
track_1221855,/content/drive/MyDrive/MTG_Instrument_old/dataset/logmel_songs/55/1221855.npy
track_1156053,/content/drive/MyDrive/MTG_Instrument_old/dataset/logmel_songs/53/1156053.npy
track_0205097,/content/drive/MyDrive/MTG_Instrument_old/dataset/logmel_songs/97/205097.npy
track_1292796,/content/drive/MyDrive/MTG_Instrument_old/dataset/logmel_songs/96/1292796.npy
track_1420085,/content/drive/MyDrive/MTG_Instrument_old/dataset/logmel_songs/85/1420085.npy
track_1209634,/content/drive/MyDrive/MTG_Instrument_old/dataset/logmel_songs/34/1209634.npy
track_1255524,/content/drive/MyDrive/MTG_Instrument_old/dataset/logmel_songs/24/1255524.npy
track_0459388,/content/drive/MyDrive/MTG_Instrument_old/dataset/logmel_songs/88/459388.npy
track_0957455,/content/drive/MyDrive/MTG_Instrument_old/dataset/logmel_songs/55/957455.npy
track_0036697,/content/drive/MyDrive/MTG_Instrument_old/dataset/logmel_songs/97/36697.npy
track_1274169,/content/drive/MyDrive/MTG_Instrument_old/dataset/logmel_songs/69/1274169.npy
track_0897980,/content/drive/MyDrive/MTG_Instrument_old/dataset/logmel_songs/80/897980.npy
track_0934045,/content/drive/MyDrive/MTG_Instrument_old/dataset/logmel_songs/45/934045.npy
track_0389852,/content/drive/MyDrive/MTG_Instrument_old/dataset/logmel_songs/52/389852.npy
track_1105056,/content/drive/MyDrive/MTG_Instrument_old/dataset/logmel_songs/56/1105056.npy
track_1340333,/content/drive/MyDrive/MTG_Instrument_old/dataset/logmel_songs/33/1340333.npy
track_1125820,/content/drive/MyDrive/MTG_Instrument_old/dataset/logmel_songs/20/1125820.npy
track_1061763,/content/drive/MyDrive/MTG_Instrument_old/dataset/logmel_songs/63/1061763.npy
track_1357550,/content/drive/MyDrive/MTG_Instrument_old/dataset/logmel_songs/50/1357550.npy
track_1060007,/content/drive/MyDrive/MTG_Instrument_old/dataset/logmel_songs/07/1060007.npy
track_1074709,/content/drive/MyDrive/MTG_Instrument_old/dataset/logmel_songs/09/1074709.npy
track_1141677,/content/drive/MyDrive/MTG_Instrument_old/dataset/logmel_songs/77/1141677.npy
track_1119518,/content/drive/MyDrive/MTG_Instrument_old/dataset/logmel_songs/18/1119518.npy
track_0393581,/content/drive/MyDrive/MTG_Instrument_old/dataset/logmel_songs/81/393581.npy
track_0873566,/content/drive/MyDrive/MTG_Instrument_old/dataset/logmel_songs/66/873566.npy
track_1222344,/content/drive/MyDrive/MTG_Instrument_old/dataset/logmel_songs/44/1222344.npy
track_0169205,/content/drive/MyDrive/MTG_Instrument_old/dataset/logmel_songs/05/169205.npy
track_0973994,/content/drive/MyDrive/MTG_Instrument_old/dataset/logmel_songs/94/973994.npy
track_1277846,/content/drive/MyDrive/MTG_Instrument_old/dataset/logmel_songs/46/1277846.npy
track_1288581,/content/drive/MyDrive/MTG_Instrument_old/dataset/logmel_songs/81/1288581.npy
track_0982385,/content/drive/MyDrive/MTG_Instrument_old/dataset/logmel_songs/85/982385.npy
track_0996960,/content/drive/MyDrive/MTG_Instrument_old/dataset/logmel_songs/60/996960.npy
track_1098069,/content/drive/MyDrive/MTG_Instrument_old/dataset/logmel_songs/69/1098069.npy
track_1078391,/content/drive/MyDrive/MTG_Instrument_old/dataset/logmel_songs/91/1078391.npy
track_1207613,/content/drive/MyDrive/MTG_Instrument_old/dataset/logmel_songs/13/1207613.npy
track_0297871,/content/drive/MyDrive/MTG_Instrument_old/dataset/logmel_songs/71/297871.npy
track_1162944,/content/drive/MyDrive/MTG_Instrument_old/dataset/logmel_songs/44/1162944.npy
track_1012597,/content/drive/MyDrive/MTG_Instrument_old/dataset/logmel_songs/97/1012597.npy
track_0133522,/content/drive/MyDrive/MTG_Instrument_old/dataset/logmel_songs/22/133522.npy
track_1287557,/content/drive/MyDrive/MTG_Instrument_old/dataset/logmel_songs/57/1287557.npy
track_1155559,/content/drive/MyDrive/MTG_Instrument_old/dataset/logmel_songs/59/1155559.npy
track_1372834,/content/drive/MyDrive/MTG_Instrument_old/dataset/logmel_songs/34/1372834.npy
track_1125821,/content/drive/MyDrive/MTG_Instrument_old/dataset/logmel_songs/21/1125821.npy
track_0663130,/content/drive/MyDrive/MTG_Instrument_old/dataset/logmel_songs/30/663130.npy
track_1075936,/content/drive/MyDrive/MTG_Instrument_old/dataset/logmel_songs/36/1075936.npy
track_1084673,/content/drive/MyDrive/MTG_Instrument_old/dataset/logmel_songs/73/1084673.npy
track_1221529,/content/drive/MyDrive/MTG_Instrument_old/dataset/logmel_songs/29/1221529.npy
track_0989713,/content/drive/MyDrive/MTG_Instrument_old/dataset/logmel_songs/13/989713.npy
track_1269902,/content/drive/MyDrive/MTG_Instrument_old/dataset/logmel_songs/02/1269902.npy
track_0982390,/content/drive/MyDrive/MTG_Instrument_old/dataset/logmel_songs/90/982390.npy
track_1161437,/content/drive/MyDrive/MTG_Instrument_old/dataset/logmel_songs/37/1161437.npy
track_1077040,/content/drive/MyDrive/MTG_Instrument_old/dataset/logmel_songs/40/1077040.npy
track_0556357,/content/drive/MyDrive/MTG_Instrument_old/dataset/logmel_songs/57/556357.npy
track_0618454,/content/drive/MyDrive/MTG_Instrument_old/dataset/logmel_songs/54/618454.npy
track_1222000,/content/drive/MyDrive/MTG_Instrument_old/dataset/logmel_songs/00/1222000.npy
track_1169942,/content/drive/MyDrive/MTG_Instrument_old/dataset/logmel_songs/42/1169942.npy
track_1414121,/content/drive/MyDrive/MTG_Instrument_old/dataset/logmel_songs/21/1414121.npy
track_1288980,/content/drive/MyDrive/MTG_Instrument_old/dataset/logmel_songs/80/1288980.npy
track_1111209,/content/drive/MyDrive/MTG_Instrument_old/dataset/logmel_songs/09/1111209.npy
track_0151120,/content/drive/MyDrive/MTG_Instrument_old/dataset/logmel_songs/20/151120.npy
track_1228856,/content/drive/MyDrive/MTG_Instrument_old/dataset/logmel_songs/56/1228856.npy
track_1415796,/content/drive/MyDrive/MTG_Instrument_old/dataset/logmel_songs/96/1415796.npy
track_0389700,/content/drive/MyDrive/MTG_Instrument_old/dataset/logmel_songs/00/389700.npy
track_1235166,/content/drive/MyDrive/MTG_Instrument_old/dataset/logmel_songs/66/1235166.npy
track_1118533,/content/drive/MyDrive/MTG_Instrument_old/dataset/logmel_songs/33/1118533.npy
track_0768435,/content/drive/MyDrive/MTG_Instrument_old/dataset/logmel_songs/35/768435.npy
track_0133516,/content/drive/MyDrive/MTG_Instrument_old/dataset/logmel_songs/16/133516.npy
track_1417341,/content/drive/MyDrive/MTG_Instrument_old/dataset/logmel_songs/41/1417341.npy
track_0369461,/content/drive/MyDrive/MTG_Instrument_old/dataset/logmel_songs/61/369461.npy
track_1170599,/content/drive/MyDrive/MTG_Instrument_old/dataset/logmel_songs/99/1170599.npy
track_0258844,/content/drive/MyDrive/MTG_Instrument_old/dataset/logmel_songs/44/258844.npy
track_0875003,/content/drive/MyDrive/MTG_Instrument_old/dataset/logmel_songs/03/875003.npy
track_0305527,/content/drive/MyDrive/MTG_Instrument_old/dataset/logmel_songs/27/305527.npy
track_1123295,/content/drive/MyDrive/MTG_Instrument_old/dataset/logmel_songs/95/1123295.npy
track_1320008,/content/drive/MyDrive/MTG_Instrument_old/dataset/logmel_songs/08/1320008.npy
track_1098674,/content/drive/MyDrive/MTG_Instrument_old/dataset/logmel_songs/74/1098674.npy
track_1185987,/content/drive/MyDrive/MTG_Instrument_old/dataset/logmel_songs/87/1185987.npy
track_0326496,/content/drive/MyDrive/MTG_Instrument_old/dataset/logmel_songs/96/326496.npy
track_0802278,/content/drive/MyDrive/MTG_Instrument_old/dataset/logmel_songs/78/802278.npy
track_0134777,/content/drive/MyDrive/MTG_Instrument_old/dataset/logmel_songs/77/134777.npy
track_0579639,/content/drive/MyDrive/MTG_Instrument_old/dataset/logmel_songs/39/579639.npy
track_0768433,/content/drive/MyDrive/MTG_Instrument_old/dataset/logmel_songs/33/768433.npy
track_0565788,/content/drive/MyDrive/MTG_Instrument_old/dataset/logmel_songs/88/565788.npy
track_0571490,/content/drive/MyDrive/MTG_Instrument_old/dataset/logmel_songs/90/571490.npy
track_1369050,/content/drive/MyDrive/MTG_Instrument_old/dataset/logmel_songs/50/1369050.npy
track_1049274,/content/drive/MyDrive/MTG_Instrument_old/dataset/logmel_songs/74/1049274.npy
track_1414376,/content/drive/MyDrive/MTG_Instrument_old/dataset/logmel_songs/76/1414376.npy
track_0000390,/content/drive/MyDrive/MTG_Instrument_old/dataset/logmel_songs/90/390.npy
track_1201479,/content/drive/MyDrive/MTG_Instrument_old/dataset/logmel_songs/79/1201479.npy
track_0996969,/content/drive/MyDrive/MTG_Instrument_old/dataset/logmel_songs/69/996969.npy
track_1075173,/content/drive/MyDrive/MTG_Instrument_old/dataset/logmel_songs/73/1075173.npy
track_1339441,/content/drive/MyDrive/MTG_Instrument_old/dataset/logmel_songs/41/1339441.npy
track_0209006,/content/drive/MyDrive/MTG_Instrument_old/dataset/logmel_songs/06/209006.npy
track_1110772,/content/drive/MyDrive/MTG_Instrument_old/dataset/logmel_songs/72/1110772.npy
track_1417907,/content/drive/MyDrive/MTG_Instrument_old/dataset/logmel_songs/07/1417907.npy
track_1243721,/content/drive/MyDrive/MTG_Instrument_old/dataset/logmel_songs/21/1243721.npy
track_0571478,/content/drive/MyDrive/MTG_Instrument_old/dataset/logmel_songs/78/571478.npy
track_0957413,/content/drive/MyDrive/MTG_Instrument_old/dataset/logmel_songs/13/957413.npy
track_1165778,/content/drive/MyDrive/MTG_Instrument_old/dataset/logmel_songs/78/1165778.npy
track_1032226,/content/drive/MyDrive/MTG_Instrument_old/dataset/logmel_songs/26/1032226.npy
track_1223933,/content/drive/MyDrive/MTG_Instrument_old/dataset/logmel_songs/33/1223933.npy
track_1028808,/content/drive/MyDrive/MTG_Instrument_old/dataset/logmel_songs/08/1028808.npy
track_1156096,/content/drive/MyDrive/MTG_Instrument_old/dataset/logmel_songs/96/1156096.npy
track_1168545,/content/drive/MyDrive/MTG_Instrument_old/dataset/logmel_songs/45/1168545.npy
track_0072839,/content/drive/MyDrive/MTG_Instrument_old/dataset/logmel_songs/39/72839.npy
track_1300330,/content/drive/MyDrive/MTG_Instrument_old/dataset/logmel_songs/30/1300330.npy
track_1418020,/content/drive/MyDrive/MTG_Instrument_old/dataset/logmel_songs/20/1418020.npy
track_0260190,/content/drive/MyDrive/MTG_Instrument_old/dataset/logmel_songs/90/260190.npy
track_1078468,/content/drive/MyDrive/MTG_Instrument_old/dataset/logmel_songs/68/1078468.npy
track_0967241,/content/drive/MyDrive/MTG_Instrument_old/dataset/logmel_songs/41/967241.npy
track_1395501,/content/drive/MyDrive/MTG_Instrument_old/dataset/logmel_songs/01/1395501.npy
track_0272976,/content/drive/MyDrive/MTG_Instrument_old/dataset/logmel_songs/76/272976.npy
track_0347854,/content/drive/MyDrive/MTG_Instrument_old/dataset/logmel_songs/54/347854.npy
track_1276894,/content/drive/MyDrive/MTG_Instrument_old/dataset/logmel_songs/94/1276894.npy
track_1248091,/content/drive/MyDrive/MTG_Instrument_old/dataset/logmel_songs/91/1248091.npy
track_0225363,/content/drive/MyDrive/MTG_Instrument_old/dataset/logmel_songs/63/225363.npy
track_0406262,/content/drive/MyDrive/MTG_Instrument_old/dataset/logmel_songs/62/406262.npy
track_0811245,/content/drive/MyDrive/MTG_Instrument_old/dataset/logmel_songs/45/811245.npy
track_1142735,/content/drive/MyDrive/MTG_Instrument_old/dataset/logmel_songs/35/1142735.npy
track_1131958,/content/drive/MyDrive/MTG_Instrument_old/dataset/logmel_songs/58/1131958.npy
track_0389520,/content/drive/MyDrive/MTG_Instrument_old/dataset/logmel_songs/20/389520.npy
track_1086302,/content/drive/MyDrive/MTG_Instrument_old/dataset/logmel_songs/02/1086302.npy
track_1141444,/content/drive/MyDrive/MTG_Instrument_old/dataset/logmel_songs/44/1141444.npy
track_1255882,/content/drive/MyDrive/MTG_Instrument_old/dataset/logmel_songs/82/1255882.npy
track_1270582,/content/drive/MyDrive/MTG_Instrument_old/dataset/logmel_songs/82/1270582.npy
track_0459377,/content/drive/MyDrive/MTG_Instrument_old/dataset/logmel_songs/77/459377.npy
track_1162943,/content/drive/MyDrive/MTG_Instrument_old/dataset/logmel_songs/43/1162943.npy
track_1079295,/content/drive/MyDrive/MTG_Instrument_old/dataset/logmel_songs/95/1079295.npy
track_1125819,/content/drive/MyDrive/MTG_Instrument_old/dataset/logmel_songs/19/1125819.npy
track_1312070,/content/drive/MyDrive/MTG_Instrument_old/dataset/logmel_songs/70/1312070.npy
track_1203322,/content/drive/MyDrive/MTG_Instrument_old/dataset/logmel_songs/22/1203322.npy
track_1075192,/content/drive/MyDrive/MTG_Instrument_old/dataset/logmel_songs/92/1075192.npy
track_1221919,/content/drive/MyDrive/MTG_Instrument_old/dataset/logmel_songs/19/1221919.npy
track_0976807,/content/drive/MyDrive/MTG_Instrument_old/dataset/logmel_songs/07/976807.npy
track_1189911,/content/drive/MyDrive/MTG_Instrument_old/dataset/logmel_songs/11/1189911.npy
track_1066918,/content/drive/MyDrive/MTG_Instrument_old/dataset/logmel_songs/18/1066918.npy
track_1345073,/content/drive/MyDrive/MTG_Instrument_old/dataset/logmel_songs/73/1345073.npy
track_0272371,/content/drive/MyDrive/MTG_Instrument_old/dataset/logmel_songs/71/272371.npy
track_0891613,/content/drive/MyDrive/MTG_Instrument_old/dataset/logmel_songs/13/891613.npy
track_1130913,/content/drive/MyDrive/MTG_Instrument_old/dataset/logmel_songs/13/1130913.npy
track_1077277,/content/drive/MyDrive/MTG_Instrument_old/dataset/logmel_songs/77/1077277.npy
track_1002052,/content/drive/MyDrive/MTG_Instrument_old/dataset/logmel_songs/52/1002052.npy
track_1158968,/content/drive/MyDrive/MTG_Instrument_old/dataset/logmel_songs/68/1158968.npy
track_0280157,/content/drive/MyDrive/MTG_Instrument_old/dataset/logmel_songs/57/280157.npy
track_1053338,/content/drive/MyDrive/MTG_Instrument_old/dataset/logmel_songs/38/1053338.npy
track_1253146,/content/drive/MyDrive/MTG_Instrument_old/dataset/logmel_songs/46/1253146.npy
track_1372059,/content/drive/MyDrive/MTG_Instrument_old/dataset/logmel_songs/59/1372059.npy
track_1110516,/content/drive/MyDrive/MTG_Instrument_old/dataset/logmel_songs/16/1110516.npy
track_1035560,/content/drive/MyDrive/MTG_Instrument_old/dataset/logmel_songs/60/1035560.npy
track_0939261,/content/drive/MyDrive/MTG_Instrument_old/dataset/logmel_songs/61/939261.npy
track_0585153,/content/drive/MyDrive/MTG_Instrument_old/dataset/logmel_songs/53/585153.npy
track_0666614,/content/drive/MyDrive/MTG_Instrument_old/dataset/logmel_songs/14/666614.npy
track_0799229,/content/drive/MyDrive/MTG_Instrument_old/dataset/logmel_songs/29/799229.npy
track_1111540,/content/drive/MyDrive/MTG_Instrument_old/dataset/logmel_songs/40/1111540.npy
track_1109633,/content/drive/MyDrive/MTG_Instrument_old/dataset/logmel_songs/33/1109633.npy
track_1315527,/content/drive/MyDrive/MTG_Instrument_old/dataset/logmel_songs/27/1315527.npy
track_1369859,/content/drive/MyDrive/MTG_Instrument_old/dataset/logmel_songs/59/1369859.npy
track_0873928,/content/drive/MyDrive/MTG_Instrument_old/dataset/logmel_songs/28/873928.npy
track_1156410,/content/drive/MyDrive/MTG_Instrument_old/dataset/logmel_songs/10/1156410.npy
track_1356015,/content/drive/MyDrive/MTG_Instrument_old/dataset/logmel_songs/15/1356015.npy
track_1359473,/content/drive/MyDrive/MTG_Instrument_old/dataset/logmel_songs/73/1359473.npy
track_0500419,/content/drive/MyDrive/MTG_Instrument_old/dataset/logmel_songs/19/500419.npy
track_1121281,/content/drive/MyDrive/MTG_Instrument_old/dataset/logmel_songs/81/1121281.npy
track_0875038,/content/drive/MyDrive/MTG_Instrument_old/dataset/logmel_songs/38/875038.npy
track_1397811,/content/drive/MyDrive/MTG_Instrument_old/dataset/logmel_songs/11/1397811.npy
track_0965600,/content/drive/MyDrive/MTG_Instrument_old/dataset/logmel_songs/00/965600.npy
track_1071285,/content/drive/MyDrive/MTG_Instrument_old/dataset/logmel_songs/85/1071285.npy
track_1307839,/content/drive/MyDrive/MTG_Instrument_old/dataset/logmel_songs/39/1307839.npy
track_0802298,/content/drive/MyDrive/MTG_Instrument_old/dataset/logmel_songs/98/802298.npy
track_1374696,/content/drive/MyDrive/MTG_Instrument_old/dataset/logmel_songs/96/1374696.npy
track_1126035,/content/drive/MyDrive/MTG_Instrument_old/dataset/logmel_songs/35/1126035.npy
track_1365281,/content/drive/MyDrive/MTG_Instrument_old/dataset/logmel_songs/81/1365281.npy
track_1150487,/content/drive/MyDrive/MTG_Instrument_old/dataset/logmel_songs/87/1150487.npy
track_1395224,/content/drive/MyDrive/MTG_Instrument_old/dataset/logmel_songs/24/1395224.npy
track_0718514,/content/drive/MyDrive/MTG_Instrument_old/dataset/logmel_songs/14/718514.npy
track_1077824,/content/drive/MyDrive/MTG_Instrument_old/dataset/logmel_songs/24/1077824.npy
track_1137244,/content/drive/MyDrive/MTG_Instrument_old/dataset/logmel_songs/44/1137244.npy
track_1343816,/content/drive/MyDrive/MTG_Instrument_old/dataset/logmel_songs/16/1343816.npy
track_1165523,/content/drive/MyDrive/MTG_Instrument_old/dataset/logmel_songs/23/1165523.npy
track_1137235,/content/drive/MyDrive/MTG_Instrument_old/dataset/logmel_songs/35/1137235.npy
track_0642404,/content/drive/MyDrive/MTG_Instrument_old/dataset/logmel_songs/04/642404.npy
track_1129640,/content/drive/MyDrive/MTG_Instrument_old/dataset/logmel_songs/40/1129640.npy
track_1084683,/content/drive/MyDrive/MTG_Instrument_old/dataset/logmel_songs/83/1084683.npy
track_1177013,/content/drive/MyDrive/MTG_Instrument_old/dataset/logmel_songs/13/1177013.npy
track_1316272,/content/drive/MyDrive/MTG_Instrument_old/dataset/logmel_songs/72/1316272.npy
track_1026039,/content/drive/MyDrive/MTG_Instrument_old/dataset/logmel_songs/39/1026039.npy
track_1416535,/content/drive/MyDrive/MTG_Instrument_old/dataset/logmel_songs/35/1416535.npy
track_1185422,/content/drive/MyDrive/MTG_Instrument_old/dataset/logmel_songs/22/1185422.npy
track_0860802,/content/drive/MyDrive/MTG_Instrument_old/dataset/logmel_songs/02/860802.npy
track_0207517,/content/drive/MyDrive/MTG_Instrument_old/dataset/logmel_songs/17/207517.npy
track_0015170,/content/drive/MyDrive/MTG_Instrument_old/dataset/logmel_songs/70/15170.npy
track_0799262,/content/drive/MyDrive/MTG_Instrument_old/dataset/logmel_songs/62/799262.npy
track_1134737,/content/drive/MyDrive/MTG_Instrument_old/dataset/logmel_songs/37/1134737.npy
track_1372876,/content/drive/MyDrive/MTG_Instrument_old/dataset/logmel_songs/76/1372876.npy
track_0162027,/content/drive/MyDrive/MTG_Instrument_old/dataset/logmel_songs/27/162027.npy
track_1076574,/content/drive/MyDrive/MTG_Instrument_old/dataset/logmel_songs/74/1076574.npy
track_1149531,/content/drive/MyDrive/MTG_Instrument_old/dataset/logmel_songs/31/1149531.npy
track_1376060,/content/drive/MyDrive/MTG_Instrument_old/dataset/logmel_songs/60/1376060.npy
track_1374695,/content/drive/MyDrive/MTG_Instrument_old/dataset/logmel_songs/95/1374695.npy
track_0641597,/content/drive/MyDrive/MTG_Instrument_old/dataset/logmel_songs/97/641597.npy
track_1075195,/content/drive/MyDrive/MTG_Instrument_old/dataset/logmel_songs/95/1075195.npy
track_1109866,/content/drive/MyDrive/MTG_Instrument_old/dataset/logmel_songs/66/1109866.npy
track_1341280,/content/drive/MyDrive/MTG_Instrument_old/dataset/logmel_songs/80/1341280.npy
track_0771288,/content/drive/MyDrive/MTG_Instrument_old/dataset/logmel_songs/88/771288.npy
track_1110487,/content/drive/MyDrive/MTG_Instrument_old/dataset/logmel_songs/87/1110487.npy
track_0150949,/content/drive/MyDrive/MTG_Instrument_old/dataset/logmel_songs/49/150949.npy
track_0081812,/content/drive/MyDrive/MTG_Instrument_old/dataset/logmel_songs/12/81812.npy
track_0324615,/content/drive/MyDrive/MTG_Instrument_old/dataset/logmel_songs/15/324615.npy
track_1133176,/content/drive/MyDrive/MTG_Instrument_old/dataset/logmel_songs/76/1133176.npy
track_1051706,/content/drive/MyDrive/MTG_Instrument_old/dataset/logmel_songs/06/1051706.npy
track_1039112,/content/drive/MyDrive/MTG_Instrument_old/dataset/logmel_songs/12/1039112.npy
track_1189937,/content/drive/MyDrive/MTG_Instrument_old/dataset/logmel_songs/37/1189937.npy
track_0762058,/content/drive/MyDrive/MTG_Instrument_old/dataset/logmel_songs/58/762058.npy
track_1345052,/content/drive/MyDrive/MTG_Instrument_old/dataset/logmel_songs/52/1345052.npy
track_1077721,/content/drive/MyDrive/MTG_Instrument_old/dataset/logmel_songs/21/1077721.npy
track_1396255,/content/drive/MyDrive/MTG_Instrument_old/dataset/logmel_songs/55/1396255.npy
track_1220946,/content/drive/MyDrive/MTG_Instrument_old/dataset/logmel_songs/46/1220946.npy
track_0131645,/content/drive/MyDrive/MTG_Instrument_old/dataset/logmel_songs/45/131645.npy
track_0967237,/content/drive/MyDrive/MTG_Instrument_old/dataset/logmel_songs/37/967237.npy
track_1156057,/content/drive/MyDrive/MTG_Instrument_old/dataset/logmel_songs/57/1156057.npy
track_1166622,/content/drive/MyDrive/MTG_Instrument_old/dataset/logmel_songs/22/1166622.npy
track_0991724,/content/drive/MyDrive/MTG_Instrument_old/dataset/logmel_songs/24/991724.npy
track_0956216,/content/drive/MyDrive/MTG_Instrument_old/dataset/logmel_songs/16/956216.npy
track_1087136,/content/drive/MyDrive/MTG_Instrument_old/dataset/logmel_songs/36/1087136.npy
track_1338385,/content/drive/MyDrive/MTG_Instrument_old/dataset/logmel_songs/85/1338385.npy
track_0921508,/content/drive/MyDrive/MTG_Instrument_old/dataset/logmel_songs/08/921508.npy
track_0553246,/content/drive/MyDrive/MTG_Instrument_old/dataset/logmel_songs/46/553246.npy
track_0150798,/content/drive/MyDrive/MTG_Instrument_old/dataset/logmel_songs/98/150798.npy
track_1075175,/content/drive/MyDrive/MTG_Instrument_old/dataset/logmel_songs/75/1075175.npy
track_1075189,/content/drive/MyDrive/MTG_Instrument_old/dataset/logmel_songs/89/1075189.npy
track_1152648,/content/drive/MyDrive/MTG_Instrument_old/dataset/logmel_songs/48/1152648.npy
track_1219560,/content/drive/MyDrive/MTG_Instrument_old/dataset/logmel_songs/60/1219560.npy
track_1028799,/content/drive/MyDrive/MTG_Instrument_old/dataset/logmel_songs/99/1028799.npy
track_1088148,/content/drive/MyDrive/MTG_Instrument_old/dataset/logmel_songs/48/1088148.npy
track_1166102,/content/drive/MyDrive/MTG_Instrument_old/dataset/logmel_songs/02/1166102.npy
track_1338303,/content/drive/MyDrive/MTG_Instrument_old/dataset/logmel_songs/03/1338303.npy
track_1032334,/content/drive/MyDrive/MTG_Instrument_old/dataset/logmel_songs/34/1032334.npy
track_1346206,/content/drive/MyDrive/MTG_Instrument_old/dataset/logmel_songs/06/1346206.npy
track_0081807,/content/drive/MyDrive/MTG_Instrument_old/dataset/logmel_songs/07/81807.npy
track_0565792,/content/drive/MyDrive/MTG_Instrument_old/dataset/logmel_songs/92/565792.npy
track_1381592,/content/drive/MyDrive/MTG_Instrument_old/dataset/logmel_songs/92/1381592.npy
track_1045257,/content/drive/MyDrive/MTG_Instrument_old/dataset/logmel_songs/57/1045257.npy
track_0082645,/content/drive/MyDrive/MTG_Instrument_old/dataset/logmel_songs/45/82645.npy
track_0951886,/content/drive/MyDrive/MTG_Instrument_old/dataset/logmel_songs/86/951886.npy
track_1039523,/content/drive/MyDrive/MTG_Instrument_old/dataset/logmel_songs/23/1039523.npy
track_1035539,/content/drive/MyDrive/MTG_Instrument_old/dataset/logmel_songs/39/1035539.npy
track_1283107,/content/drive/MyDrive/MTG_Instrument_old/dataset/logmel_songs/07/1283107.npy
track_1205915,/content/drive/MyDrive/MTG_Instrument_old/dataset/logmel_songs/15/1205915.npy
track_0361044,/content/drive/MyDrive/MTG_Instrument_old/dataset/logmel_songs/44/361044.npy
track_1321147,/content/drive/MyDrive/MTG_Instrument_old/dataset/logmel_songs/47/1321147.npy
track_0095237,/content/drive/MyDrive/MTG_Instrument_old/dataset/logmel_songs/37/95237.npy
track_1136575,/content/drive/MyDrive/MTG_Instrument_old/dataset/logmel_songs/75/1136575.npy
track_1221754,/content/drive/MyDrive/MTG_Instrument_old/dataset/logmel_songs/54/1221754.npy
track_0088564,/content/drive/MyDrive/MTG_Instrument_old/dataset/logmel_songs/64/88564.npy
track_0466207,/content/drive/MyDrive/MTG_Instrument_old/dataset/logmel_songs/07/466207.npy
track_1328169,/content/drive/MyDrive/MTG_Instrument_old/dataset/logmel_songs/69/1328169.npy
track_1136676,/content/drive/MyDrive/MTG_Instrument_old/dataset/logmel_songs/76/1136676.npy
track_1242271,/content/drive/MyDrive/MTG_Instrument_old/dataset/logmel_songs/71/1242271.npy
track_0034859,/content/drive/MyDrive/MTG_Instrument_old/dataset/logmel_songs/59/34859.npy
track_1253375,/content/drive/MyDrive/MTG_Instrument_old/dataset/logmel_songs/75/1253375.npy
track_1204956,/content/drive/MyDrive/MTG_Instrument_old/dataset/logmel_songs/56/1204956.npy
track_0986591,/content/drive/MyDrive/MTG_Instrument_old/dataset/logmel_songs/91/986591.npy
track_0934044,/content/drive/MyDrive/MTG_Instrument_old/dataset/logmel_songs/44/934044.npy
track_0242610,/content/drive/MyDrive/MTG_Instrument_old/dataset/logmel_songs/10/242610.npy
track_1159620,/content/drive/MyDrive/MTG_Instrument_old/dataset/logmel_songs/20/1159620.npy
track_0347546,/content/drive/MyDrive/MTG_Instrument_old/dataset/logmel_songs/46/347546.npy
track_1358778,/content/drive/MyDrive/MTG_Instrument_old/dataset/logmel_songs/78/1358778.npy
track_1189654,/content/drive/MyDrive/MTG_Instrument_old/dataset/logmel_songs/54/1189654.npy
track_1126026,/content/drive/MyDrive/MTG_Instrument_old/dataset/logmel_songs/26/1126026.npy
track_0414116,/content/drive/MyDrive/MTG_Instrument_old/dataset/logmel_songs/16/414116.npy
track_0918868,/content/drive/MyDrive/MTG_Instrument_old/dataset/logmel_songs/68/918868.npy
track_1064757,/content/drive/MyDrive/MTG_Instrument_old/dataset/logmel_songs/57/1064757.npy
track_1248107,/content/drive/MyDrive/MTG_Instrument_old/dataset/logmel_songs/07/1248107.npy
track_1415617,/content/drive/MyDrive/MTG_Instrument_old/dataset/logmel_songs/17/1415617.npy
track_0625212,/content/drive/MyDrive/MTG_Instrument_old/dataset/logmel_songs/12/625212.npy
track_0711264,/content/drive/MyDrive/MTG_Instrument_old/dataset/logmel_songs/64/711264.npy
track_0202160,/content/drive/MyDrive/MTG_Instrument_old/dataset/logmel_songs/60/202160.npy
track_0714711,/content/drive/MyDrive/MTG_Instrument_old/dataset/logmel_songs/11/714711.npy
track_0150963,/content/drive/MyDrive/MTG_Instrument_old/dataset/logmel_songs/63/150963.npy
track_1054275,/content/drive/MyDrive/MTG_Instrument_old/dataset/logmel_songs/75/1054275.npy
track_0341549,/content/drive/MyDrive/MTG_Instrument_old/dataset/logmel_songs/49/341549.npy
track_1328152,/content/drive/MyDrive/MTG_Instrument_old/dataset/logmel_songs/52/1328152.npy
track_0032360,/content/drive/MyDrive/MTG_Instrument_old/dataset/logmel_songs/60/32360.npy
track_0873824,/content/drive/MyDrive/MTG_Instrument_old/dataset/logmel_songs/24/873824.npy
track_1279793,/content/drive/MyDrive/MTG_Instrument_old/dataset/logmel_songs/93/1279793.npy
track_0211417,/content/drive/MyDrive/MTG_Instrument_old/dataset/logmel_songs/17/211417.npy
track_0873803,/content/drive/MyDrive/MTG_Instrument_old/dataset/logmel_songs/03/873803.npy
track_0081019,/content/drive/MyDrive/MTG_Instrument_old/dataset/logmel_songs/19/81019.npy
track_1397348,/content/drive/MyDrive/MTG_Instrument_old/dataset/logmel_songs/48/1397348.npy
track_1077045,/content/drive/MyDrive/MTG_Instrument_old/dataset/logmel_songs/45/1077045.npy
track_0202156,/content/drive/MyDrive/MTG_Instrument_old/dataset/logmel_songs/56/202156.npy
track_1041924,/content/drive/MyDrive/MTG_Instrument_old/dataset/logmel_songs/24/1041924.npy
track_0897306,/content/drive/MyDrive/MTG_Instrument_old/dataset/logmel_songs/06/897306.npy
track_1354596,/content/drive/MyDrive/MTG_Instrument_old/dataset/logmel_songs/96/1354596.npy
track_1066302,/content/drive/MyDrive/MTG_Instrument_old/dataset/logmel_songs/02/1066302.npy
track_1133339,/content/drive/MyDrive/MTG_Instrument_old/dataset/logmel_songs/39/1133339.npy
track_1281201,/content/drive/MyDrive/MTG_Instrument_old/dataset/logmel_songs/01/1281201.npy
track_0802319,/content/drive/MyDrive/MTG_Instrument_old/dataset/logmel_songs/19/802319.npy
track_1050671,/content/drive/MyDrive/MTG_Instrument_old/dataset/logmel_songs/71/1050671.npy
track_0501300,/content/drive/MyDrive/MTG_Instrument_old/dataset/logmel_songs/00/501300.npy
track_0259829,/content/drive/MyDrive/MTG_Instrument_old/dataset/logmel_songs/29/259829.npy
track_0702745,/content/drive/MyDrive/MTG_Instrument_old/dataset/logmel_songs/45/702745.npy
track_1284735,/content/drive/MyDrive/MTG_Instrument_old/dataset/logmel_songs/35/1284735.npy
track_1009674,/content/drive/MyDrive/MTG_Instrument_old/dataset/logmel_songs/74/1009674.npy
track_1071434,/content/drive/MyDrive/MTG_Instrument_old/dataset/logmel_songs/34/1071434.npy
track_1078694,/content/drive/MyDrive/MTG_Instrument_old/dataset/logmel_songs/94/1078694.npy
track_0172316,/content/drive/MyDrive/MTG_Instrument_old/dataset/logmel_songs/16/172316.npy
track_0471254,/content/drive/MyDrive/MTG_Instrument_old/dataset/logmel_songs/54/471254.npy
track_0579645,/content/drive/MyDrive/MTG_Instrument_old/dataset/logmel_songs/45/579645.npy
track_1419493,/content/drive/MyDrive/MTG_Instrument_old/dataset/logmel_songs/93/1419493.npy
track_0956535,/content/drive/MyDrive/MTG_Instrument_old/dataset/logmel_songs/35/956535.npy
track_1253041,/content/drive/MyDrive/MTG_Instrument_old/dataset/logmel_songs/41/1253041.npy
track_1127770,/content/drive/MyDrive/MTG_Instrument_old/dataset/logmel_songs/70/1127770.npy
track_1264206,/content/drive/MyDrive/MTG_Instrument_old/dataset/logmel_songs/06/1264206.npy
track_0605992,/content/drive/MyDrive/MTG_Instrument_old/dataset/logmel_songs/92/605992.npy
track_1112023,/content/drive/MyDrive/MTG_Instrument_old/dataset/logmel_songs/23/1112023.npy
track_1264215,/content/drive/MyDrive/MTG_Instrument_old/dataset/logmel_songs/15/1264215.npy
track_1152644,/content/drive/MyDrive/MTG_Instrument_old/dataset/logmel_songs/44/1152644.npy
track_1046853,/content/drive/MyDrive/MTG_Instrument_old/dataset/logmel_songs/53/1046853.npy
track_0326506,/content/drive/MyDrive/MTG_Instrument_old/dataset/logmel_songs/06/326506.npy
track_1056504,/content/drive/MyDrive/MTG_Instrument_old/dataset/logmel_songs/04/1056504.npy
track_0352693,/content/drive/MyDrive/MTG_Instrument_old/dataset/logmel_songs/93/352693.npy
track_0773677,/content/drive/MyDrive/MTG_Instrument_old/dataset/logmel_songs/77/773677.npy
track_0460235,/content/drive/MyDrive/MTG_Instrument_old/dataset/logmel_songs/35/460235.npy
track_0359664,/content/drive/MyDrive/MTG_Instrument_old/dataset/logmel_songs/64/359664.npy
track_1352821,/content/drive/MyDrive/MTG_Instrument_old/dataset/logmel_songs/21/1352821.npy
track_1320029,/content/drive/MyDrive/MTG_Instrument_old/dataset/logmel_songs/29/1320029.npy
track_0806983,/content/drive/MyDrive/MTG_Instrument_old/dataset/logmel_songs/83/806983.npy
track_0721200,/content/drive/MyDrive/MTG_Instrument_old/dataset/logmel_songs/00/721200.npy
track_1341268,/content/drive/MyDrive/MTG_Instrument_old/dataset/logmel_songs/68/1341268.npy
track_1156050,/content/drive/MyDrive/MTG_Instrument_old/dataset/logmel_songs/50/1156050.npy
track_1414122,/content/drive/MyDrive/MTG_Instrument_old/dataset/logmel_songs/22/1414122.npy
track_1051717,/content/drive/MyDrive/MTG_Instrument_old/dataset/logmel_songs/17/1051717.npy
track_0387011,/content/drive/MyDrive/MTG_Instrument_old/dataset/logmel_songs/11/387011.npy
track_1157022,/content/drive/MyDrive/MTG_Instrument_old/dataset/logmel_songs/22/1157022.npy
track_1418655,/content/drive/MyDrive/MTG_Instrument_old/dataset/logmel_songs/55/1418655.npy
track_0974623,/content/drive/MyDrive/MTG_Instrument_old/dataset/logmel_songs/23/974623.npy
track_0682358,/content/drive/MyDrive/MTG_Instrument_old/dataset/logmel_songs/58/682358.npy
track_1029334,/content/drive/MyDrive/MTG_Instrument_old/dataset/logmel_songs/34/1029334.npy
track_1336657,/content/drive/MyDrive/MTG_Instrument_old/dataset/logmel_songs/57/1336657.npy
track_0793920,/content/drive/MyDrive/MTG_Instrument_old/dataset/logmel_songs/20/793920.npy
track_0317867,/content/drive/MyDrive/MTG_Instrument_old/dataset/logmel_songs/67/317867.npy
track_0773672,/content/drive/MyDrive/MTG_Instrument_old/dataset/logmel_songs/72/773672.npy
track_1114719,/content/drive/MyDrive/MTG_Instrument_old/dataset/logmel_songs/19/1114719.npy
track_0711256,/content/drive/MyDrive/MTG_Instrument_old/dataset/logmel_songs/56/711256.npy
track_1307741,/content/drive/MyDrive/MTG_Instrument_old/dataset/logmel_songs/41/1307741.npy
track_1275150,/content/drive/MyDrive/MTG_Instrument_old/dataset/logmel_songs/50/1275150.npy
track_1012644,/content/drive/MyDrive/MTG_Instrument_old/dataset/logmel_songs/44/1012644.npy
track_1338387,/content/drive/MyDrive/MTG_Instrument_old/dataset/logmel_songs/87/1338387.npy
track_0151109,/content/drive/MyDrive/MTG_Instrument_old/dataset/logmel_songs/09/151109.npy
track_1401968,/content/drive/MyDrive/MTG_Instrument_old/dataset/logmel_songs/68/1401968.npy
track_0302310,/content/drive/MyDrive/MTG_Instrument_old/dataset/logmel_songs/10/302310.npy
track_1068955,/content/drive/MyDrive/MTG_Instrument_old/dataset/logmel_songs/55/1068955.npy
track_1169064,/content/drive/MyDrive/MTG_Instrument_old/dataset/logmel_songs/64/1169064.npy
track_1127775,/content/drive/MyDrive/MTG_Instrument_old/dataset/logmel_songs/75/1127775.npy
track_1127564,/content/drive/MyDrive/MTG_Instrument_old/dataset/logmel_songs/64/1127564.npy
track_1164342,/content/drive/MyDrive/MTG_Instrument_old/dataset/logmel_songs/42/1164342.npy
track_1293742,/content/drive/MyDrive/MTG_Instrument_old/dataset/logmel_songs/42/1293742.npy
track_1087019,/content/drive/MyDrive/MTG_Instrument_old/dataset/logmel_songs/19/1087019.npy
track_0802300,/content/drive/MyDrive/MTG_Instrument_old/dataset/logmel_songs/00/802300.npy
track_1066916,/content/drive/MyDrive/MTG_Instrument_old/dataset/logmel_songs/16/1066916.npy
track_1277827,/content/drive/MyDrive/MTG_Instrument_old/dataset/logmel_songs/27/1277827.npy
track_1294827,/content/drive/MyDrive/MTG_Instrument_old/dataset/logmel_songs/27/1294827.npy
track_0075175,/content/drive/MyDrive/MTG_Instrument_old/dataset/logmel_songs/75/75175.npy
track_1309758,/content/drive/MyDrive/MTG_Instrument_old/dataset/logmel_songs/58/1309758.npy
track_0939254,/content/drive/MyDrive/MTG_Instrument_old/dataset/logmel_songs/54/939254.npy
track_1161435,/content/drive/MyDrive/MTG_Instrument_old/dataset/logmel_songs/35/1161435.npy
track_1112339,/content/drive/MyDrive/MTG_Instrument_old/dataset/logmel_songs/39/1112339.npy
track_1068253,/content/drive/MyDrive/MTG_Instrument_old/dataset/logmel_songs/53/1068253.npy
track_1226951,/content/drive/MyDrive/MTG_Instrument_old/dataset/logmel_songs/51/1226951.npy
track_1328101,/content/drive/MyDrive/MTG_Instrument_old/dataset/logmel_songs/01/1328101.npy
track_1134038,/content/drive/MyDrive/MTG_Instrument_old/dataset/logmel_songs/38/1134038.npy
track_1360446,/content/drive/MyDrive/MTG_Instrument_old/dataset/logmel_songs/46/1360446.npy
track_0078308,/content/drive/MyDrive/MTG_Instrument_old/dataset/logmel_songs/08/78308.npy
track_1047224,/content/drive/MyDrive/MTG_Instrument_old/dataset/logmel_songs/24/1047224.npy
track_0950930,/content/drive/MyDrive/MTG_Instrument_old/dataset/logmel_songs/30/950930.npy
track_1227362,/content/drive/MyDrive/MTG_Instrument_old/dataset/logmel_songs/62/1227362.npy
track_0647524,/content/drive/MyDrive/MTG_Instrument_old/dataset/logmel_songs/24/647524.npy
track_1294971,/content/drive/MyDrive/MTG_Instrument_old/dataset/logmel_songs/71/1294971.npy
track_0780390,/content/drive/MyDrive/MTG_Instrument_old/dataset/logmel_songs/90/780390.npy
track_1133995,/content/drive/MyDrive/MTG_Instrument_old/dataset/logmel_songs/95/1133995.npy
track_0911794,/content/drive/MyDrive/MTG_Instrument_old/dataset/logmel_songs/94/911794.npy
track_0619886,/content/drive/MyDrive/MTG_Instrument_old/dataset/logmel_songs/86/619886.npy
track_0370259,/content/drive/MyDrive/MTG_Instrument_old/dataset/logmel_songs/59/370259.npy
track_1399778,/content/drive/MyDrive/MTG_Instrument_old/dataset/logmel_songs/78/1399778.npy
track_0319625,/content/drive/MyDrive/MTG_Instrument_old/dataset/logmel_songs/25/319625.npy
track_1128220,/content/drive/MyDrive/MTG_Instrument_old/dataset/logmel_songs/20/1128220.npy
track_1407555,/content/drive/MyDrive/MTG_Instrument_old/dataset/logmel_songs/55/1407555.npy
track_1231043,/content/drive/MyDrive/MTG_Instrument_old/dataset/logmel_songs/43/1231043.npy
track_0752519,/content/drive/MyDrive/MTG_Instrument_old/dataset/logmel_songs/19/752519.npy
track_1398415,/content/drive/MyDrive/MTG_Instrument_old/dataset/logmel_songs/15/1398415.npy
track_1162011,/content/drive/MyDrive/MTG_Instrument_old/dataset/logmel_songs/11/1162011.npy
track_1075213,/content/drive/MyDrive/MTG_Instrument_old/dataset/logmel_songs/13/1075213.npy
track_1235600,/content/drive/MyDrive/MTG_Instrument_old/dataset/logmel_songs/00/1235600.npy
track_1394595,/content/drive/MyDrive/MTG_Instrument_old/dataset/logmel_songs/95/1394595.npy
track_0989850,/content/drive/MyDrive/MTG_Instrument_old/dataset/logmel_songs/50/989850.npy
track_0128857,/content/drive/MyDrive/MTG_Instrument_old/dataset/logmel_songs/57/128857.npy
track_1384384,/content/drive/MyDrive/MTG_Instrument_old/dataset/logmel_songs/84/1384384.npy
track_1128213,/content/drive/MyDrive/MTG_Instrument_old/dataset/logmel_songs/13/1128213.npy
track_0607863,/content/drive/MyDrive/MTG_Instrument_old/dataset/logmel_songs/63/607863.npy
track_0957940,/content/drive/MyDrive/MTG_Instrument_old/dataset/logmel_songs/40/957940.npy
track_1084677,/content/drive/MyDrive/MTG_Instrument_old/dataset/logmel_songs/77/1084677.npy
track_1209995,/content/drive/MyDrive/MTG_Instrument_old/dataset/logmel_songs/95/1209995.npy
track_1236647,/content/drive/MyDrive/MTG_Instrument_old/dataset/logmel_songs/47/1236647.npy
track_0151107,/content/drive/MyDrive/MTG_Instrument_old/dataset/logmel_songs/07/151107.npy
track_1104752,/content/drive/MyDrive/MTG_Instrument_old/dataset/logmel_songs/52/1104752.npy
track_0084200,/content/drive/MyDrive/MTG_Instrument_old/dataset/logmel_songs/00/84200.npy
track_1071168,/content/drive/MyDrive/MTG_Instrument_old/dataset/logmel_songs/68/1071168.npy
track_1207617,/content/drive/MyDrive/MTG_Instrument_old/dataset/logmel_songs/17/1207617.npy
track_0988509,/content/drive/MyDrive/MTG_Instrument_old/dataset/logmel_songs/09/988509.npy
track_1136808,/content/drive/MyDrive/MTG_Instrument_old/dataset/logmel_songs/08/1136808.npy
track_0873614,/content/drive/MyDrive/MTG_Instrument_old/dataset/logmel_songs/14/873614.npy
track_0383997,/content/drive/MyDrive/MTG_Instrument_old/dataset/logmel_songs/97/383997.npy
track_1068641,/content/drive/MyDrive/MTG_Instrument_old/dataset/logmel_songs/41/1068641.npy
track_1159742,/content/drive/MyDrive/MTG_Instrument_old/dataset/logmel_songs/42/1159742.npy
track_1160617,/content/drive/MyDrive/MTG_Instrument_old/dataset/logmel_songs/17/1160617.npy
track_0806976,/content/drive/MyDrive/MTG_Instrument_old/dataset/logmel_songs/76/806976.npy
track_1213353,/content/drive/MyDrive/MTG_Instrument_old/dataset/logmel_songs/53/1213353.npy
track_1320025,/content/drive/MyDrive/MTG_Instrument_old/dataset/logmel_songs/25/1320025.npy
track_1136906,/content/drive/MyDrive/MTG_Instrument_old/dataset/logmel_songs/06/1136906.npy
track_0011750,/content/drive/MyDrive/MTG_Instrument_old/dataset/logmel_songs/50/11750.npy
track_1231991,/content/drive/MyDrive/MTG_Instrument_old/dataset/logmel_songs/91/1231991.npy
track_1248274,/content/drive/MyDrive/MTG_Instrument_old/dataset/logmel_songs/74/1248274.npy
track_1133090,/content/drive/MyDrive/MTG_Instrument_old/dataset/logmel_songs/90/1133090.npy
track_0967570,/content/drive/MyDrive/MTG_Instrument_old/dataset/logmel_songs/70/967570.npy
track_1295326,/content/drive/MyDrive/MTG_Instrument_old/dataset/logmel_songs/26/1295326.npy
track_0925415,/content/drive/MyDrive/MTG_Instrument_old/dataset/logmel_songs/15/925415.npy
track_0925530,/content/drive/MyDrive/MTG_Instrument_old/dataset/logmel_songs/30/925530.npy
track_1291615,/content/drive/MyDrive/MTG_Instrument_old/dataset/logmel_songs/15/1291615.npy
track_0575219,/content/drive/MyDrive/MTG_Instrument_old/dataset/logmel_songs/19/575219.npy
track_1148306,/content/drive/MyDrive/MTG_Instrument_old/dataset/logmel_songs/06/1148306.npy
track_1115046,/content/drive/MyDrive/MTG_Instrument_old/dataset/logmel_songs/46/1115046.npy
track_1274236,/content/drive/MyDrive/MTG_Instrument_old/dataset/logmel_songs/36/1274236.npy
track_1231038,/content/drive/MyDrive/MTG_Instrument_old/dataset/logmel_songs/38/1231038.npy
track_1109894,/content/drive/MyDrive/MTG_Instrument_old/dataset/logmel_songs/94/1109894.npy
track_1203319,/content/drive/MyDrive/MTG_Instrument_old/dataset/logmel_songs/19/1203319.npy
track_1225292,/content/drive/MyDrive/MTG_Instrument_old/dataset/logmel_songs/92/1225292.npy
track_1320007,/content/drive/MyDrive/MTG_Instrument_old/dataset/logmel_songs/07/1320007.npy
track_0647531,/content/drive/MyDrive/MTG_Instrument_old/dataset/logmel_songs/31/647531.npy
track_1281205,/content/drive/MyDrive/MTG_Instrument_old/dataset/logmel_songs/05/1281205.npy
track_1393420,/content/drive/MyDrive/MTG_Instrument_old/dataset/logmel_songs/20/1393420.npy
track_1281204,/content/drive/MyDrive/MTG_Instrument_old/dataset/logmel_songs/04/1281204.npy
track_0659885,/content/drive/MyDrive/MTG_Instrument_old/dataset/logmel_songs/85/659885.npy
track_0711263,/content/drive/MyDrive/MTG_Instrument_old/dataset/logmel_songs/63/711263.npy
track_1291606,/content/drive/MyDrive/MTG_Instrument_old/dataset/logmel_songs/06/1291606.npy
track_1194945,/content/drive/MyDrive/MTG_Instrument_old/dataset/logmel_songs/45/1194945.npy
track_1075147,/content/drive/MyDrive/MTG_Instrument_old/dataset/logmel_songs/47/1075147.npy
track_1122633,/content/drive/MyDrive/MTG_Instrument_old/dataset/logmel_songs/33/1122633.npy
track_1380445,/content/drive/MyDrive/MTG_Instrument_old/dataset/logmel_songs/45/1380445.npy
track_1287603,/content/drive/MyDrive/MTG_Instrument_old/dataset/logmel_songs/03/1287603.npy
track_0659902,/content/drive/MyDrive/MTG_Instrument_old/dataset/logmel_songs/02/659902.npy
track_1096873,/content/drive/MyDrive/MTG_Instrument_old/dataset/logmel_songs/73/1096873.npy
track_1248261,/content/drive/MyDrive/MTG_Instrument_old/dataset/logmel_songs/61/1248261.npy
track_1127765,/content/drive/MyDrive/MTG_Instrument_old/dataset/logmel_songs/65/1127765.npy
track_1114150,/content/drive/MyDrive/MTG_Instrument_old/dataset/logmel_songs/50/1114150.npy
track_1345990,/content/drive/MyDrive/MTG_Instrument_old/dataset/logmel_songs/90/1345990.npy
track_1115616,/content/drive/MyDrive/MTG_Instrument_old/dataset/logmel_songs/16/1115616.npy
track_0934869,/content/drive/MyDrive/MTG_Instrument_old/dataset/logmel_songs/69/934869.npy
track_0608958,/content/drive/MyDrive/MTG_Instrument_old/dataset/logmel_songs/58/608958.npy
track_1219424,/content/drive/MyDrive/MTG_Instrument_old/dataset/logmel_songs/24/1219424.npy
track_1096308,/content/drive/MyDrive/MTG_Instrument_old/dataset/logmel_songs/08/1096308.npy
track_0768441,/content/drive/MyDrive/MTG_Instrument_old/dataset/logmel_songs/41/768441.npy
track_1037060,/content/drive/MyDrive/MTG_Instrument_old/dataset/logmel_songs/60/1037060.npy
track_0081023,/content/drive/MyDrive/MTG_Instrument_old/dataset/logmel_songs/23/81023.npy
track_0934048,/content/drive/MyDrive/MTG_Instrument_old/dataset/logmel_songs/48/934048.npy
track_0873615,/content/drive/MyDrive/MTG_Instrument_old/dataset/logmel_songs/15/873615.npy
track_0873815,/content/drive/MyDrive/MTG_Instrument_old/dataset/logmel_songs/15/873815.npy
track_0542410,/content/drive/MyDrive/MTG_Instrument_old/dataset/logmel_songs/10/542410.npy
track_0908549,/content/drive/MyDrive/MTG_Instrument_old/dataset/logmel_songs/49/908549.npy
track_1103993,/content/drive/MyDrive/MTG_Instrument_old/dataset/logmel_songs/93/1103993.npy
track_1243728,/content/drive/MyDrive/MTG_Instrument_old/dataset/logmel_songs/28/1243728.npy
track_0008563,/content/drive/MyDrive/MTG_Instrument_old/dataset/logmel_songs/63/8563.npy
track_0243697,/content/drive/MyDrive/MTG_Instrument_old/dataset/logmel_songs/97/243697.npy
track_1366150,/content/drive/MyDrive/MTG_Instrument_old/dataset/logmel_songs/50/1366150.npy
track_0259710,/content/drive/MyDrive/MTG_Instrument_old/dataset/logmel_songs/10/259710.npy
track_0860149,/content/drive/MyDrive/MTG_Instrument_old/dataset/logmel_songs/49/860149.npy
track_1418667,/content/drive/MyDrive/MTG_Instrument_old/dataset/logmel_songs/67/1418667.npy
track_1400594,/content/drive/MyDrive/MTG_Instrument_old/dataset/logmel_songs/94/1400594.npy
track_1240411,/content/drive/MyDrive/MTG_Instrument_old/dataset/logmel_songs/11/1240411.npy
track_1270588,/content/drive/MyDrive/MTG_Instrument_old/dataset/logmel_songs/88/1270588.npy
track_1250079,/content/drive/MyDrive/MTG_Instrument_old/dataset/logmel_songs/79/1250079.npy
track_0523086,/content/drive/MyDrive/MTG_Instrument_old/dataset/logmel_songs/86/523086.npy
track_1214390,/content/drive/MyDrive/MTG_Instrument_old/dataset/logmel_songs/90/1214390.npy
track_1168492,/content/drive/MyDrive/MTG_Instrument_old/dataset/logmel_songs/92/1168492.npy
track_1353978,/content/drive/MyDrive/MTG_Instrument_old/dataset/logmel_songs/78/1353978.npy
track_1303605,/content/drive/MyDrive/MTG_Instrument_old/dataset/logmel_songs/05/1303605.npy
track_0369458,/content/drive/MyDrive/MTG_Instrument_old/dataset/logmel_songs/58/369458.npy
track_0260184,/content/drive/MyDrive/MTG_Instrument_old/dataset/logmel_songs/84/260184.npy
track_1248603,/content/drive/MyDrive/MTG_Instrument_old/dataset/logmel_songs/03/1248603.npy
track_1138238,/content/drive/MyDrive/MTG_Instrument_old/dataset/logmel_songs/38/1138238.npy
track_1029331,/content/drive/MyDrive/MTG_Instrument_old/dataset/logmel_songs/31/1029331.npy
track_1105051,/content/drive/MyDrive/MTG_Instrument_old/dataset/logmel_songs/51/1105051.npy
track_0908547,/content/drive/MyDrive/MTG_Instrument_old/dataset/logmel_songs/47/908547.npy
track_0973998,/content/drive/MyDrive/MTG_Instrument_old/dataset/logmel_songs/98/973998.npy
track_1324672,/content/drive/MyDrive/MTG_Instrument_old/dataset/logmel_songs/72/1324672.npy
track_1349805,/content/drive/MyDrive/MTG_Instrument_old/dataset/logmel_songs/05/1349805.npy
track_1163787,/content/drive/MyDrive/MTG_Instrument_old/dataset/logmel_songs/87/1163787.npy
track_1402955,/content/drive/MyDrive/MTG_Instrument_old/dataset/logmel_songs/55/1402955.npy
track_1093795,/content/drive/MyDrive/MTG_Instrument_old/dataset/logmel_songs/95/1093795.npy
track_0846448,/content/drive/MyDrive/MTG_Instrument_old/dataset/logmel_songs/48/846448.npy
track_1313079,/content/drive/MyDrive/MTG_Instrument_old/dataset/logmel_songs/79/1313079.npy
track_1085328,/content/drive/MyDrive/MTG_Instrument_old/dataset/logmel_songs/28/1085328.npy
track_1361520,/content/drive/MyDrive/MTG_Instrument_old/dataset/logmel_songs/20/1361520.npy
track_1129654,/content/drive/MyDrive/MTG_Instrument_old/dataset/logmel_songs/54/1129654.npy
track_1119591,/content/drive/MyDrive/MTG_Instrument_old/dataset/logmel_songs/91/1119591.npy
track_0166397,/content/drive/MyDrive/MTG_Instrument_old/dataset/logmel_songs/97/166397.npy
track_1164633,/content/drive/MyDrive/MTG_Instrument_old/dataset/logmel_songs/33/1164633.npy
track_1078440,/content/drive/MyDrive/MTG_Instrument_old/dataset/logmel_songs/40/1078440.npy
track_1155230,/content/drive/MyDrive/MTG_Instrument_old/dataset/logmel_songs/30/1155230.npy
track_0949953,/content/drive/MyDrive/MTG_Instrument_old/dataset/logmel_songs/53/949953.npy
track_0151073,/content/drive/MyDrive/MTG_Instrument_old/dataset/logmel_songs/73/151073.npy
track_1029299,/content/drive/MyDrive/MTG_Instrument_old/dataset/logmel_songs/99/1029299.npy
track_0997094,/content/drive/MyDrive/MTG_Instrument_old/dataset/logmel_songs/94/997094.npy
track_1347619,/content/drive/MyDrive/MTG_Instrument_old/dataset/logmel_songs/19/1347619.npy
track_0897994,/content/drive/MyDrive/MTG_Instrument_old/dataset/logmel_songs/94/897994.npy
track_1388815,/content/drive/MyDrive/MTG_Instrument_old/dataset/logmel_songs/15/1388815.npy
track_0020943,/content/drive/MyDrive/MTG_Instrument_old/dataset/logmel_songs/43/20943.npy
track_0891604,/content/drive/MyDrive/MTG_Instrument_old/dataset/logmel_songs/04/891604.npy
track_1036108,/content/drive/MyDrive/MTG_Instrument_old/dataset/logmel_songs/08/1036108.npy
track_0401856,/content/drive/MyDrive/MTG_Instrument_old/dataset/logmel_songs/56/401856.npy
track_0585146,/content/drive/MyDrive/MTG_Instrument_old/dataset/logmel_songs/46/585146.npy
track_1079294,/content/drive/MyDrive/MTG_Instrument_old/dataset/logmel_songs/94/1079294.npy
track_1147855,/content/drive/MyDrive/MTG_Instrument_old/dataset/logmel_songs/55/1147855.npy
track_1322994,/content/drive/MyDrive/MTG_Instrument_old/dataset/logmel_songs/94/1322994.npy
track_0011760,/content/drive/MyDrive/MTG_Instrument_old/dataset/logmel_songs/60/11760.npy
track_0944914,/content/drive/MyDrive/MTG_Instrument_old/dataset/logmel_songs/14/944914.npy
track_1236861,/content/drive/MyDrive/MTG_Instrument_old/dataset/logmel_songs/61/1236861.npy
track_0373302,/content/drive/MyDrive/MTG_Instrument_old/dataset/logmel_songs/02/373302.npy
track_0264477,/content/drive/MyDrive/MTG_Instrument_old/dataset/logmel_songs/77/264477.npy
track_1084125,/content/drive/MyDrive/MTG_Instrument_old/dataset/logmel_songs/25/1084125.npy
track_0959967,/content/drive/MyDrive/MTG_Instrument_old/dataset/logmel_songs/67/959967.npy
track_1183161,/content/drive/MyDrive/MTG_Instrument_old/dataset/logmel_songs/61/1183161.npy
track_0151050,/content/drive/MyDrive/MTG_Instrument_old/dataset/logmel_songs/50/151050.npy
track_0603240,/content/drive/MyDrive/MTG_Instrument_old/dataset/logmel_songs/40/603240.npy
track_1346571,/content/drive/MyDrive/MTG_Instrument_old/dataset/logmel_songs/71/1346571.npy
track_1126059,/content/drive/MyDrive/MTG_Instrument_old/dataset/logmel_songs/59/1126059.npy
track_1116403,/content/drive/MyDrive/MTG_Instrument_old/dataset/logmel_songs/03/1116403.npy
track_0957454,/content/drive/MyDrive/MTG_Instrument_old/dataset/logmel_songs/54/957454.npy
track_1123782,/content/drive/MyDrive/MTG_Instrument_old/dataset/logmel_songs/82/1123782.npy
track_1075167,/content/drive/MyDrive/MTG_Instrument_old/dataset/logmel_songs/67/1075167.npy
track_1136338,/content/drive/MyDrive/MTG_Instrument_old/dataset/logmel_songs/38/1136338.npy
track_1203414,/content/drive/MyDrive/MTG_Instrument_old/dataset/logmel_songs/14/1203414.npy
track_1272518,/content/drive/MyDrive/MTG_Instrument_old/dataset/logmel_songs/18/1272518.npy
track_0433148,/content/drive/MyDrive/MTG_Instrument_old/dataset/logmel_songs/48/433148.npy
track_0802177,/content/drive/MyDrive/MTG_Instrument_old/dataset/logmel_songs/77/802177.npy
track_1007901,/content/drive/MyDrive/MTG_Instrument_old/dataset/logmel_songs/01/1007901.npy
track_1146547,/content/drive/MyDrive/MTG_Instrument_old/dataset/logmel_songs/47/1146547.npy
track_0133656,/content/drive/MyDrive/MTG_Instrument_old/dataset/logmel_songs/56/133656.npy
track_0757500,/content/drive/MyDrive/MTG_Instrument_old/dataset/logmel_songs/00/757500.npy
track_1208444,/content/drive/MyDrive/MTG_Instrument_old/dataset/logmel_songs/44/1208444.npy
track_1077039,/content/drive/MyDrive/MTG_Instrument_old/dataset/logmel_songs/39/1077039.npy
track_1076387,/content/drive/MyDrive/MTG_Instrument_old/dataset/logmel_songs/87/1076387.npy
track_0081802,/content/drive/MyDrive/MTG_Instrument_old/dataset/logmel_songs/02/81802.npy
track_0319824,/content/drive/MyDrive/MTG_Instrument_old/dataset/logmel_songs/24/319824.npy
track_1157599,/content/drive/MyDrive/MTG_Instrument_old/dataset/logmel_songs/99/1157599.npy
track_0381195,/content/drive/MyDrive/MTG_Instrument_old/dataset/logmel_songs/95/381195.npy
track_1265316,/content/drive/MyDrive/MTG_Instrument_old/dataset/logmel_songs/16/1265316.npy
track_0356842,/content/drive/MyDrive/MTG_Instrument_old/dataset/logmel_songs/42/356842.npy
track_1149538,/content/drive/MyDrive/MTG_Instrument_old/dataset/logmel_songs/38/1149538.npy
track_1127769,/content/drive/MyDrive/MTG_Instrument_old/dataset/logmel_songs/69/1127769.npy
track_1049276,/content/drive/MyDrive/MTG_Instrument_old/dataset/logmel_songs/76/1049276.npy
track_0081017,/content/drive/MyDrive/MTG_Instrument_old/dataset/logmel_songs/17/81017.npy
track_0734388,/content/drive/MyDrive/MTG_Instrument_old/dataset/logmel_songs/88/734388.npy
track_1373040,/content/drive/MyDrive/MTG_Instrument_old/dataset/logmel_songs/40/1373040.npy
track_0345903,/content/drive/MyDrive/MTG_Instrument_old/dataset/logmel_songs/03/345903.npy
track_0802317,/content/drive/MyDrive/MTG_Instrument_old/dataset/logmel_songs/17/802317.npy
track_1100243,/content/drive/MyDrive/MTG_Instrument_old/dataset/logmel_songs/43/1100243.npy
track_1069872,/content/drive/MyDrive/MTG_Instrument_old/dataset/logmel_songs/72/1069872.npy
track_1088134,/content/drive/MyDrive/MTG_Instrument_old/dataset/logmel_songs/34/1088134.npy
track_0114765,/content/drive/MyDrive/MTG_Instrument_old/dataset/logmel_songs/65/114765.npy
track_1028913,/content/drive/MyDrive/MTG_Instrument_old/dataset/logmel_songs/13/1028913.npy
track_1366157,/content/drive/MyDrive/MTG_Instrument_old/dataset/logmel_songs/57/1366157.npy
track_0542360,/content/drive/MyDrive/MTG_Instrument_old/dataset/logmel_songs/60/542360.npy
track_1273901,/content/drive/MyDrive/MTG_Instrument_old/dataset/logmel_songs/01/1273901.npy
track_0711268,/content/drive/MyDrive/MTG_Instrument_old/dataset/logmel_songs/68/711268.npy
track_1192523,/content/drive/MyDrive/MTG_Instrument_old/dataset/logmel_songs/23/1192523.npy
track_1231902,/content/drive/MyDrive/MTG_Instrument_old/dataset/logmel_songs/02/1231902.npy
track_0439625,/content/drive/MyDrive/MTG_Instrument_old/dataset/logmel_songs/25/439625.npy
track_1164206,/content/drive/MyDrive/MTG_Instrument_old/dataset/logmel_songs/06/1164206.npy
track_1330455,/content/drive/MyDrive/MTG_Instrument_old/dataset/logmel_songs/55/1330455.npy
track_1342912,/content/drive/MyDrive/MTG_Instrument_old/dataset/logmel_songs/12/1342912.npy
track_1374201,/content/drive/MyDrive/MTG_Instrument_old/dataset/logmel_songs/01/1374201.npy
track_0151022,/content/drive/MyDrive/MTG_Instrument_old/dataset/logmel_songs/22/151022.npy
track_0984997,/content/drive/MyDrive/MTG_Instrument_old/dataset/logmel_songs/97/984997.npy
track_1072426,/content/drive/MyDrive/MTG_Instrument_old/dataset/logmel_songs/26/1072426.npy
track_0855268,/content/drive/MyDrive/MTG_Instrument_old/dataset/logmel_songs/68/855268.npy
track_0350885,/content/drive/MyDrive/MTG_Instrument_old/dataset/logmel_songs/85/350885.npy
track_0280156,/content/drive/MyDrive/MTG_Instrument_old/dataset/logmel_songs/56/280156.npy
track_0151061,/content/drive/MyDrive/MTG_Instrument_old/dataset/logmel_songs/61/151061.npy
track_0785267,/content/drive/MyDrive/MTG_Instrument_old/dataset/logmel_songs/67/785267.npy
track_0565809,/content/drive/MyDrive/MTG_Instrument_old/dataset/logmel_songs/09/565809.npy
track_0498816,/content/drive/MyDrive/MTG_Instrument_old/dataset/logmel_songs/16/498816.npy
track_0049028,/content/drive/MyDrive/MTG_Instrument_old/dataset/logmel_songs/28/49028.npy
track_1193234,/content/drive/MyDrive/MTG_Instrument_old/dataset/logmel_songs/34/1193234.npy
track_1346846,/content/drive/MyDrive/MTG_Instrument_old/dataset/logmel_songs/46/1346846.npy
track_1284334,/content/drive/MyDrive/MTG_Instrument_old/dataset/logmel_songs/34/1284334.npy
track_1203896,/content/drive/MyDrive/MTG_Instrument_old/dataset/logmel_songs/96/1203896.npy
track_1084433,/content/drive/MyDrive/MTG_Instrument_old/dataset/logmel_songs/33/1084433.npy
track_0780396,/content/drive/MyDrive/MTG_Instrument_old/dataset/logmel_songs/96/780396.npy
track_1101292,/content/drive/MyDrive/MTG_Instrument_old/dataset/logmel_songs/92/1101292.npy
track_1056142,/content/drive/MyDrive/MTG_Instrument_old/dataset/logmel_songs/42/1056142.npy
track_0108603,/content/drive/MyDrive/MTG_Instrument_old/dataset/logmel_songs/03/108603.npy
track_0902710,/content/drive/MyDrive/MTG_Instrument_old/dataset/logmel_songs/10/902710.npy
track_1135199,/content/drive/MyDrive/MTG_Instrument_old/dataset/logmel_songs/99/1135199.npy
track_1269915,/content/drive/MyDrive/MTG_Instrument_old/dataset/logmel_songs/15/1269915.npy
track_0383587,/content/drive/MyDrive/MTG_Instrument_old/dataset/logmel_songs/87/383587.npy
track_0369906,/content/drive/MyDrive/MTG_Instrument_old/dataset/logmel_songs/06/369906.npy
track_1112061,/content/drive/MyDrive/MTG_Instrument_old/dataset/logmel_songs/61/1112061.npy
track_1132966,/content/drive/MyDrive/MTG_Instrument_old/dataset/logmel_songs/66/1132966.npy
track_1157350,/content/drive/MyDrive/MTG_Instrument_old/dataset/logmel_songs/50/1157350.npy
track_0919940,/content/drive/MyDrive/MTG_Instrument_old/dataset/logmel_songs/40/919940.npy
track_1336654,/content/drive/MyDrive/MTG_Instrument_old/dataset/logmel_songs/54/1336654.npy
track_0976913,/content/drive/MyDrive/MTG_Instrument_old/dataset/logmel_songs/13/976913.npy
track_0196256,/content/drive/MyDrive/MTG_Instrument_old/dataset/logmel_songs/56/196256.npy
track_1195933,/content/drive/MyDrive/MTG_Instrument_old/dataset/logmel_songs/33/1195933.npy
track_1159664,/content/drive/MyDrive/MTG_Instrument_old/dataset/logmel_songs/64/1159664.npy
track_1109958,/content/drive/MyDrive/MTG_Instrument_old/dataset/logmel_songs/58/1109958.npy
track_0230805,/content/drive/MyDrive/MTG_Instrument_old/dataset/logmel_songs/05/230805.npy
track_0089284,/content/drive/MyDrive/MTG_Instrument_old/dataset/logmel_songs/84/89284.npy
track_1037625,/content/drive/MyDrive/MTG_Instrument_old/dataset/logmel_songs/25/1037625.npy
track_1322173,/content/drive/MyDrive/MTG_Instrument_old/dataset/logmel_songs/73/1322173.npy
track_0891607,/content/drive/MyDrive/MTG_Instrument_old/dataset/logmel_songs/07/891607.npy
track_1371870,/content/drive/MyDrive/MTG_Instrument_old/dataset/logmel_songs/70/1371870.npy
track_1311285,/content/drive/MyDrive/MTG_Instrument_old/dataset/logmel_songs/85/1311285.npy
track_1012599,/content/drive/MyDrive/MTG_Instrument_old/dataset/logmel_songs/99/1012599.npy
track_1210606,/content/drive/MyDrive/MTG_Instrument_old/dataset/logmel_songs/06/1210606.npy
track_1057820,/content/drive/MyDrive/MTG_Instrument_old/dataset/logmel_songs/20/1057820.npy
track_1284343,/content/drive/MyDrive/MTG_Instrument_old/dataset/logmel_songs/43/1284343.npy
track_1114028,/content/drive/MyDrive/MTG_Instrument_old/dataset/logmel_songs/28/1114028.npy
track_0246919,/content/drive/MyDrive/MTG_Instrument_old/dataset/logmel_songs/19/246919.npy
track_1355267,/content/drive/MyDrive/MTG_Instrument_old/dataset/logmel_songs/67/1355267.npy
track_0296233,/content/drive/MyDrive/MTG_Instrument_old/dataset/logmel_songs/33/296233.npy
track_1179402,/content/drive/MyDrive/MTG_Instrument_old/dataset/logmel_songs/02/1179402.npy
track_1028811,/content/drive/MyDrive/MTG_Instrument_old/dataset/logmel_songs/11/1028811.npy
track_0975919,/content/drive/MyDrive/MTG_Instrument_old/dataset/logmel_songs/19/975919.npy
track_0811122,/content/drive/MyDrive/MTG_Instrument_old/dataset/logmel_songs/22/811122.npy
track_1302679,/content/drive/MyDrive/MTG_Instrument_old/dataset/logmel_songs/79/1302679.npy
track_1414087,/content/drive/MyDrive/MTG_Instrument_old/dataset/logmel_songs/87/1414087.npy
track_1049745,/content/drive/MyDrive/MTG_Instrument_old/dataset/logmel_songs/45/1049745.npy
track_0025218,/content/drive/MyDrive/MTG_Instrument_old/dataset/logmel_songs/18/25218.npy
track_0218554,/content/drive/MyDrive/MTG_Instrument_old/dataset/logmel_songs/54/218554.npy
track_0686757,/content/drive/MyDrive/MTG_Instrument_old/dataset/logmel_songs/57/686757.npy
track_1223077,/content/drive/MyDrive/MTG_Instrument_old/dataset/logmel_songs/77/1223077.npy
track_1052158,/content/drive/MyDrive/MTG_Instrument_old/dataset/logmel_songs/58/1052158.npy
track_0243737,/content/drive/MyDrive/MTG_Instrument_old/dataset/logmel_songs/37/243737.npy
track_1167887,/content/drive/MyDrive/MTG_Instrument_old/dataset/logmel_songs/87/1167887.npy
track_1127777,/content/drive/MyDrive/MTG_Instrument_old/dataset/logmel_songs/77/1127777.npy
track_1018541,/content/drive/MyDrive/MTG_Instrument_old/dataset/logmel_songs/41/1018541.npy
track_1228696,/content/drive/MyDrive/MTG_Instrument_old/dataset/logmel_songs/96/1228696.npy
track_1416526,/content/drive/MyDrive/MTG_Instrument_old/dataset/logmel_songs/26/1416526.npy
track_1012601,/content/drive/MyDrive/MTG_Instrument_old/dataset/logmel_songs/01/1012601.npy
track_1397813,/content/drive/MyDrive/MTG_Instrument_old/dataset/logmel_songs/13/1397813.npy
track_1316298,/content/drive/MyDrive/MTG_Instrument_old/dataset/logmel_songs/98/1316298.npy
track_1321118,/content/drive/MyDrive/MTG_Instrument_old/dataset/logmel_songs/18/1321118.npy
track_1063515,/content/drive/MyDrive/MTG_Instrument_old/dataset/logmel_songs/15/1063515.npy
track_0302718,/content/drive/MyDrive/MTG_Instrument_old/dataset/logmel_songs/18/302718.npy
track_0347530,/content/drive/MyDrive/MTG_Instrument_old/dataset/logmel_songs/30/347530.npy
track_1137248,/content/drive/MyDrive/MTG_Instrument_old/dataset/logmel_songs/48/1137248.npy
track_0635968,/content/drive/MyDrive/MTG_Instrument_old/dataset/logmel_songs/68/635968.npy
track_1053396,/content/drive/MyDrive/MTG_Instrument_old/dataset/logmel_songs/96/1053396.npy
track_1159639,/content/drive/MyDrive/MTG_Instrument_old/dataset/logmel_songs/39/1159639.npy
track_1205771,/content/drive/MyDrive/MTG_Instrument_old/dataset/logmel_songs/71/1205771.npy
track_1138891,/content/drive/MyDrive/MTG_Instrument_old/dataset/logmel_songs/91/1138891.npy
track_1331235,/content/drive/MyDrive/MTG_Instrument_old/dataset/logmel_songs/35/1331235.npy
track_1202180,/content/drive/MyDrive/MTG_Instrument_old/dataset/logmel_songs/80/1202180.npy
track_1148988,/content/drive/MyDrive/MTG_Instrument_old/dataset/logmel_songs/88/1148988.npy
track_1109993,/content/drive/MyDrive/MTG_Instrument_old/dataset/logmel_songs/93/1109993.npy
track_0090044,/content/drive/MyDrive/MTG_Instrument_old/dataset/logmel_songs/44/90044.npy
track_1177397,/content/drive/MyDrive/MTG_Instrument_old/dataset/logmel_songs/97/1177397.npy
track_1248614,/content/drive/MyDrive/MTG_Instrument_old/dataset/logmel_songs/14/1248614.npy
track_1084678,/content/drive/MyDrive/MTG_Instrument_old/dataset/logmel_songs/78/1084678.npy
track_0075171,/content/drive/MyDrive/MTG_Instrument_old/dataset/logmel_songs/71/75171.npy
track_0802274,/content/drive/MyDrive/MTG_Instrument_old/dataset/logmel_songs/74/802274.npy
track_0636028,/content/drive/MyDrive/MTG_Instrument_old/dataset/logmel_songs/28/636028.npy
track_1380007,/content/drive/MyDrive/MTG_Instrument_old/dataset/logmel_songs/07/1380007.npy
track_1379396,/content/drive/MyDrive/MTG_Instrument_old/dataset/logmel_songs/96/1379396.npy
track_1167103,/content/drive/MyDrive/MTG_Instrument_old/dataset/logmel_songs/03/1167103.npy
track_1086428,/content/drive/MyDrive/MTG_Instrument_old/dataset/logmel_songs/28/1086428.npy
track_0556349,/content/drive/MyDrive/MTG_Instrument_old/dataset/logmel_songs/49/556349.npy
track_0973381,/content/drive/MyDrive/MTG_Instrument_old/dataset/logmel_songs/81/973381.npy
track_1125687,/content/drive/MyDrive/MTG_Instrument_old/dataset/logmel_songs/87/1125687.npy
track_0293159,/content/drive/MyDrive/MTG_Instrument_old/dataset/logmel_songs/59/293159.npy
track_1104755,/content/drive/MyDrive/MTG_Instrument_old/dataset/logmel_songs/55/1104755.npy
track_1119405,/content/drive/MyDrive/MTG_Instrument_old/dataset/logmel_songs/05/1119405.npy
track_0284925,/content/drive/MyDrive/MTG_Instrument_old/dataset/logmel_songs/25/284925.npy
track_0306657,/content/drive/MyDrive/MTG_Instrument_old/dataset/logmel_songs/57/306657.npy
track_1400596,/content/drive/MyDrive/MTG_Instrument_old/dataset/logmel_songs/96/1400596.npy
track_1139989,/content/drive/MyDrive/MTG_Instrument_old/dataset/logmel_songs/89/1139989.npy
track_1114535,/content/drive/MyDrive/MTG_Instrument_old/dataset/logmel_songs/35/1114535.npy
track_1267145,/content/drive/MyDrive/MTG_Instrument_old/dataset/logmel_songs/45/1267145.npy
track_0088553,/content/drive/MyDrive/MTG_Instrument_old/dataset/logmel_songs/53/88553.npy
track_0048720,/content/drive/MyDrive/MTG_Instrument_old/dataset/logmel_songs/20/48720.npy
track_1031569,/content/drive/MyDrive/MTG_Instrument_old/dataset/logmel_songs/69/1031569.npy
track_0361074,/content/drive/MyDrive/MTG_Instrument_old/dataset/logmel_songs/74/361074.npy
track_1413465,/content/drive/MyDrive/MTG_Instrument_old/dataset/logmel_songs/65/1413465.npy
track_1150097,/content/drive/MyDrive/MTG_Instrument_old/dataset/logmel_songs/97/1150097.npy
track_1129026,/content/drive/MyDrive/MTG_Instrument_old/dataset/logmel_songs/26/1129026.npy
track_1380650,/content/drive/MyDrive/MTG_Instrument_old/dataset/logmel_songs/50/1380650.npy
track_1248601,/content/drive/MyDrive/MTG_Instrument_old/dataset/logmel_songs/01/1248601.npy
track_1153109,/content/drive/MyDrive/MTG_Instrument_old/dataset/logmel_songs/09/1153109.npy
track_0019197,/content/drive/MyDrive/MTG_Instrument_old/dataset/logmel_songs/97/19197.npy
track_1379861,/content/drive/MyDrive/MTG_Instrument_old/dataset/logmel_songs/61/1379861.npy
track_0998076,/content/drive/MyDrive/MTG_Instrument_old/dataset/logmel_songs/76/998076.npy
track_0938051,/content/drive/MyDrive/MTG_Instrument_old/dataset/logmel_songs/51/938051.npy
track_0318672,/content/drive/MyDrive/MTG_Instrument_old/dataset/logmel_songs/72/318672.npy
track_0500417,/content/drive/MyDrive/MTG_Instrument_old/dataset/logmel_songs/17/500417.npy
track_1268991,/content/drive/MyDrive/MTG_Instrument_old/dataset/logmel_songs/91/1268991.npy
track_1159694,/content/drive/MyDrive/MTG_Instrument_old/dataset/logmel_songs/94/1159694.npy
track_1071413,/content/drive/MyDrive/MTG_Instrument_old/dataset/logmel_songs/13/1071413.npy
track_1109971,/content/drive/MyDrive/MTG_Instrument_old/dataset/logmel_songs/71/1109971.npy
track_1170598,/content/drive/MyDrive/MTG_Instrument_old/dataset/logmel_songs/98/1170598.npy
track_1218916,/content/drive/MyDrive/MTG_Instrument_old/dataset/logmel_songs/16/1218916.npy
track_1127771,/content/drive/MyDrive/MTG_Instrument_old/dataset/logmel_songs/71/1127771.npy
track_0944926,/content/drive/MyDrive/MTG_Instrument_old/dataset/logmel_songs/26/944926.npy
track_1417007,/content/drive/MyDrive/MTG_Instrument_old/dataset/logmel_songs/07/1417007.npy
track_0921757,/content/drive/MyDrive/MTG_Instrument_old/dataset/logmel_songs/57/921757.npy
track_0150952,/content/drive/MyDrive/MTG_Instrument_old/dataset/logmel_songs/52/150952.npy
track_1284459,/content/drive/MyDrive/MTG_Instrument_old/dataset/logmel_songs/59/1284459.npy
track_0275236,/content/drive/MyDrive/MTG_Instrument_old/dataset/logmel_songs/36/275236.npy
track_1381596,/content/drive/MyDrive/MTG_Instrument_old/dataset/logmel_songs/96/1381596.npy
track_1121311,/content/drive/MyDrive/MTG_Instrument_old/dataset/logmel_songs/11/1121311.npy
track_1150757,/content/drive/MyDrive/MTG_Instrument_old/dataset/logmel_songs/57/1150757.npy
track_0150951,/content/drive/MyDrive/MTG_Instrument_old/dataset/logmel_songs/51/150951.npy
track_0207461,/content/drive/MyDrive/MTG_Instrument_old/dataset/logmel_songs/61/207461.npy
track_0936355,/content/drive/MyDrive/MTG_Instrument_old/dataset/logmel_songs/55/936355.npy
track_1134578,/content/drive/MyDrive/MTG_Instrument_old/dataset/logmel_songs/78/1134578.npy
track_1170732,/content/drive/MyDrive/MTG_Instrument_old/dataset/logmel_songs/32/1170732.npy
track_1076539,/content/drive/MyDrive/MTG_Instrument_old/dataset/logmel_songs/39/1076539.npy
track_1189907,/content/drive/MyDrive/MTG_Instrument_old/dataset/logmel_songs/07/1189907.npy
track_0553092,/content/drive/MyDrive/MTG_Instrument_old/dataset/logmel_songs/92/553092.npy
track_0801485,/content/drive/MyDrive/MTG_Instrument_old/dataset/logmel_songs/85/801485.npy
track_0847338,/content/drive/MyDrive/MTG_Instrument_old/dataset/logmel_songs/38/847338.npy
track_0618825,/content/drive/MyDrive/MTG_Instrument_old/dataset/logmel_songs/25/618825.npy
track_0368182,/content/drive/MyDrive/MTG_Instrument_old/dataset/logmel_songs/82/368182.npy
track_1023324,/content/drive/MyDrive/MTG_Instrument_old/dataset/logmel_songs/24/1023324.npy
track_1354689,/content/drive/MyDrive/MTG_Instrument_old/dataset/logmel_songs/89/1354689.npy
track_0934875,/content/drive/MyDrive/MTG_Instrument_old/dataset/logmel_songs/75/934875.npy
track_0891606,/content/drive/MyDrive/MTG_Instrument_old/dataset/logmel_songs/06/891606.npy
track_0206645,/content/drive/MyDrive/MTG_Instrument_old/dataset/logmel_songs/45/206645.npy
track_1171701,/content/drive/MyDrive/MTG_Instrument_old/dataset/logmel_songs/01/1171701.npy
track_0733185,/content/drive/MyDrive/MTG_Instrument_old/dataset/logmel_songs/85/733185.npy
track_1149230,/content/drive/MyDrive/MTG_Instrument_old/dataset/logmel_songs/30/1149230.npy
track_1077722,/content/drive/MyDrive/MTG_Instrument_old/dataset/logmel_songs/22/1077722.npy
track_1269082,/content/drive/MyDrive/MTG_Instrument_old/dataset/logmel_songs/82/1269082.npy
track_0133512,/content/drive/MyDrive/MTG_Instrument_old/dataset/logmel_songs/12/133512.npy
track_1075205,/content/drive/MyDrive/MTG_Instrument_old/dataset/logmel_songs/05/1075205.npy
track_1083509,/content/drive/MyDrive/MTG_Instrument_old/dataset/logmel_songs/09/1083509.npy
track_1215910,/content/drive/MyDrive/MTG_Instrument_old/dataset/logmel_songs/10/1215910.npy
track_0661757,/content/drive/MyDrive/MTG_Instrument_old/dataset/logmel_songs/57/661757.npy
track_1018539,/content/drive/MyDrive/MTG_Instrument_old/dataset/logmel_songs/39/1018539.npy
track_1319993,/content/drive/MyDrive/MTG_Instrument_old/dataset/logmel_songs/93/1319993.npy
track_0647522,/content/drive/MyDrive/MTG_Instrument_old/dataset/logmel_songs/22/647522.npy
track_1319230,/content/drive/MyDrive/MTG_Instrument_old/dataset/logmel_songs/30/1319230.npy
track_1007064,/content/drive/MyDrive/MTG_Instrument_old/dataset/logmel_songs/64/1007064.npy
track_0466286,/content/drive/MyDrive/MTG_Instrument_old/dataset/logmel_songs/86/466286.npy
track_1216208,/content/drive/MyDrive/MTG_Instrument_old/dataset/logmel_songs/08/1216208.npy
track_0081189,/content/drive/MyDrive/MTG_Instrument_old/dataset/logmel_songs/89/81189.npy
track_0902704,/content/drive/MyDrive/MTG_Instrument_old/dataset/logmel_songs/04/902704.npy
track_1216038,/content/drive/MyDrive/MTG_Instrument_old/dataset/logmel_songs/38/1216038.npy
track_1085598,/content/drive/MyDrive/MTG_Instrument_old/dataset/logmel_songs/98/1085598.npy
track_1098378,/content/drive/MyDrive/MTG_Instrument_old/dataset/logmel_songs/78/1098378.npy
track_1107314,/content/drive/MyDrive/MTG_Instrument_old/dataset/logmel_songs/14/1107314.npy
track_0571483,/content/drive/MyDrive/MTG_Instrument_old/dataset/logmel_songs/83/571483.npy
track_0150961,/content/drive/MyDrive/MTG_Instrument_old/dataset/logmel_songs/61/150961.npy
track_0114794,/content/drive/MyDrive/MTG_Instrument_old/dataset/logmel_songs/94/114794.npy
track_1244877,/content/drive/MyDrive/MTG_Instrument_old/dataset/logmel_songs/77/1244877.npy
track_0036702,/content/drive/MyDrive/MTG_Instrument_old/dataset/logmel_songs/02/36702.npy
track_1159369,/content/drive/MyDrive/MTG_Instrument_old/dataset/logmel_songs/69/1159369.npy
track_1347952,/content/drive/MyDrive/MTG_Instrument_old/dataset/logmel_songs/52/1347952.npy
track_1081859,/content/drive/MyDrive/MTG_Instrument_old/dataset/logmel_songs/59/1081859.npy
track_1248611,/content/drive/MyDrive/MTG_Instrument_old/dataset/logmel_songs/11/1248611.npy
track_0661755,/content/drive/MyDrive/MTG_Instrument_old/dataset/logmel_songs/55/661755.npy
track_0089267,/content/drive/MyDrive/MTG_Instrument_old/dataset/logmel_songs/67/89267.npy
track_1078780,/content/drive/MyDrive/MTG_Instrument_old/dataset/logmel_songs/80/1078780.npy
track_0875087,/content/drive/MyDrive/MTG_Instrument_old/dataset/logmel_songs/87/875087.npy
track_1111990,/content/drive/MyDrive/MTG_Instrument_old/dataset/logmel_songs/90/1111990.npy
track_1370478,/content/drive/MyDrive/MTG_Instrument_old/dataset/logmel_songs/78/1370478.npy
track_1096870,/content/drive/MyDrive/MTG_Instrument_old/dataset/logmel_songs/70/1096870.npy
track_1369854,/content/drive/MyDrive/MTG_Instrument_old/dataset/logmel_songs/54/1369854.npy
track_1018533,/content/drive/MyDrive/MTG_Instrument_old/dataset/logmel_songs/33/1018533.npy
track_0731613,/content/drive/MyDrive/MTG_Instrument_old/dataset/logmel_songs/13/731613.npy
track_1032795,/content/drive/MyDrive/MTG_Instrument_old/dataset/logmel_songs/95/1032795.npy
track_1400601,/content/drive/MyDrive/MTG_Instrument_old/dataset/logmel_songs/01/1400601.npy
track_0802290,/content/drive/MyDrive/MTG_Instrument_old/dataset/logmel_songs/90/802290.npy
track_1372838,/content/drive/MyDrive/MTG_Instrument_old/dataset/logmel_songs/38/1372838.npy
track_0647529,/content/drive/MyDrive/MTG_Instrument_old/dataset/logmel_songs/29/647529.npy
track_1312608,/content/drive/MyDrive/MTG_Instrument_old/dataset/logmel_songs/08/1312608.npy
track_0769796,/content/drive/MyDrive/MTG_Instrument_old/dataset/logmel_songs/96/769796.npy
track_1387749,/content/drive/MyDrive/MTG_Instrument_old/dataset/logmel_songs/49/1387749.npy
track_0976778,/content/drive/MyDrive/MTG_Instrument_old/dataset/logmel_songs/78/976778.npy
track_0271880,/content/drive/MyDrive/MTG_Instrument_old/dataset/logmel_songs/80/271880.npy
track_0802180,/content/drive/MyDrive/MTG_Instrument_old/dataset/logmel_songs/80/802180.npy
track_1314148,/content/drive/MyDrive/MTG_Instrument_old/dataset/logmel_songs/48/1314148.npy
track_1159746,/content/drive/MyDrive/MTG_Instrument_old/dataset/logmel_songs/46/1159746.npy
track_0810905,/content/drive/MyDrive/MTG_Instrument_old/dataset/logmel_songs/05/810905.npy
track_0381193,/content/drive/MyDrive/MTG_Instrument_old/dataset/logmel_songs/93/381193.npy
track_1266577,/content/drive/MyDrive/MTG_Instrument_old/dataset/logmel_songs/77/1266577.npy
track_1012003,/content/drive/MyDrive/MTG_Instrument_old/dataset/logmel_songs/03/1012003.npy
track_0553245,/content/drive/MyDrive/MTG_Instrument_old/dataset/logmel_songs/45/553245.npy
track_1387143,/content/drive/MyDrive/MTG_Instrument_old/dataset/logmel_songs/43/1387143.npy
track_0854720,/content/drive/MyDrive/MTG_Instrument_old/dataset/logmel_songs/20/854720.npy
track_1082095,/content/drive/MyDrive/MTG_Instrument_old/dataset/logmel_songs/95/1082095.npy
track_1158989,/content/drive/MyDrive/MTG_Instrument_old/dataset/logmel_songs/89/1158989.npy
track_1109829,/content/drive/MyDrive/MTG_Instrument_old/dataset/logmel_songs/29/1109829.npy
track_1169734,/content/drive/MyDrive/MTG_Instrument_old/dataset/logmel_songs/34/1169734.npy
track_1287570,/content/drive/MyDrive/MTG_Instrument_old/dataset/logmel_songs/70/1287570.npy
track_0020945,/content/drive/MyDrive/MTG_Instrument_old/dataset/logmel_songs/45/20945.npy
track_1248605,/content/drive/MyDrive/MTG_Instrument_old/dataset/logmel_songs/05/1248605.npy
track_1317904,/content/drive/MyDrive/MTG_Instrument_old/dataset/logmel_songs/04/1317904.npy
track_1366118,/content/drive/MyDrive/MTG_Instrument_old/dataset/logmel_songs/18/1366118.npy
track_0306265,/content/drive/MyDrive/MTG_Instrument_old/dataset/logmel_songs/65/306265.npy
track_0271874,/content/drive/MyDrive/MTG_Instrument_old/dataset/logmel_songs/74/271874.npy
track_1088852,/content/drive/MyDrive/MTG_Instrument_old/dataset/logmel_songs/52/1088852.npy
track_1110784,/content/drive/MyDrive/MTG_Instrument_old/dataset/logmel_songs/84/1110784.npy
track_1338388,/content/drive/MyDrive/MTG_Instrument_old/dataset/logmel_songs/88/1338388.npy
track_0802280,/content/drive/MyDrive/MTG_Instrument_old/dataset/logmel_songs/80/802280.npy
track_1326860,/content/drive/MyDrive/MTG_Instrument_old/dataset/logmel_songs/60/1326860.npy
track_0768427,/content/drive/MyDrive/MTG_Instrument_old/dataset/logmel_songs/27/768427.npy
track_0371281,/content/drive/MyDrive/MTG_Instrument_old/dataset/logmel_songs/81/371281.npy
track_1275611,/content/drive/MyDrive/MTG_Instrument_old/dataset/logmel_songs/11/1275611.npy
track_1372077,/content/drive/MyDrive/MTG_Instrument_old/dataset/logmel_songs/77/1372077.npy
track_0594268,/content/drive/MyDrive/MTG_Instrument_old/dataset/logmel_songs/68/594268.npy
track_0154633,/content/drive/MyDrive/MTG_Instrument_old/dataset/logmel_songs/33/154633.npy
track_1396093,/content/drive/MyDrive/MTG_Instrument_old/dataset/logmel_songs/93/1396093.npy
track_0381089,/content/drive/MyDrive/MTG_Instrument_old/dataset/logmel_songs/89/381089.npy
track_0110023,/content/drive/MyDrive/MTG_Instrument_old/dataset/logmel_songs/23/110023.npy
track_0865773,/content/drive/MyDrive/MTG_Instrument_old/dataset/logmel_songs/73/865773.npy
track_1194831,/content/drive/MyDrive/MTG_Instrument_old/dataset/logmel_songs/31/1194831.npy
track_1076566,/content/drive/MyDrive/MTG_Instrument_old/dataset/logmel_songs/66/1076566.npy
track_1097206,/content/drive/MyDrive/MTG_Instrument_old/dataset/logmel_songs/06/1097206.npy
track_1328085,/content/drive/MyDrive/MTG_Instrument_old/dataset/logmel_songs/85/1328085.npy
track_0017963,/content/drive/MyDrive/MTG_Instrument_old/dataset/logmel_songs/63/17963.npy
track_1316650,/content/drive/MyDrive/MTG_Instrument_old/dataset/logmel_songs/50/1316650.npy
track_1112049,/content/drive/MyDrive/MTG_Instrument_old/dataset/logmel_songs/49/1112049.npy
track_0242781,/content/drive/MyDrive/MTG_Instrument_old/dataset/logmel_songs/81/242781.npy
track_1119406,/content/drive/MyDrive/MTG_Instrument_old/dataset/logmel_songs/06/1119406.npy
track_0711278,/content/drive/MyDrive/MTG_Instrument_old/dataset/logmel_songs/78/711278.npy
track_1113729,/content/drive/MyDrive/MTG_Instrument_old/dataset/logmel_songs/29/1113729.npy
track_0997001,/content/drive/MyDrive/MTG_Instrument_old/dataset/logmel_songs/01/997001.npy
track_0785622,/content/drive/MyDrive/MTG_Instrument_old/dataset/logmel_songs/22/785622.npy
track_0896606,/content/drive/MyDrive/MTG_Instrument_old/dataset/logmel_songs/06/896606.npy
track_0381194,/content/drive/MyDrive/MTG_Instrument_old/dataset/logmel_songs/94/381194.npy
track_1088384,/content/drive/MyDrive/MTG_Instrument_old/dataset/logmel_songs/84/1088384.npy
track_0635297,/content/drive/MyDrive/MTG_Instrument_old/dataset/logmel_songs/97/635297.npy
track_0119406,/content/drive/MyDrive/MTG_Instrument_old/dataset/logmel_songs/06/119406.npy
track_1227740,/content/drive/MyDrive/MTG_Instrument_old/dataset/logmel_songs/40/1227740.npy
track_0897986,/content/drive/MyDrive/MTG_Instrument_old/dataset/logmel_songs/86/897986.npy
track_0094700,/content/drive/MyDrive/MTG_Instrument_old/dataset/logmel_songs/00/94700.npy
track_1379392,/content/drive/MyDrive/MTG_Instrument_old/dataset/logmel_songs/92/1379392.npy
track_0786775,/content/drive/MyDrive/MTG_Instrument_old/dataset/logmel_songs/75/786775.npy
track_1251852,/content/drive/MyDrive/MTG_Instrument_old/dataset/logmel_songs/52/1251852.npy
track_1133358,/content/drive/MyDrive/MTG_Instrument_old/dataset/logmel_songs/58/1133358.npy
track_0168880,/content/drive/MyDrive/MTG_Instrument_old/dataset/logmel_songs/80/168880.npy
track_0162035,/content/drive/MyDrive/MTG_Instrument_old/dataset/logmel_songs/35/162035.npy
track_1320014,/content/drive/MyDrive/MTG_Instrument_old/dataset/logmel_songs/14/1320014.npy
track_1340350,/content/drive/MyDrive/MTG_Instrument_old/dataset/logmel_songs/50/1340350.npy
track_0081024,/content/drive/MyDrive/MTG_Instrument_old/dataset/logmel_songs/24/81024.npy
track_0659895,/content/drive/MyDrive/MTG_Instrument_old/dataset/logmel_songs/95/659895.npy
track_0873552,/content/drive/MyDrive/MTG_Instrument_old/dataset/logmel_songs/52/873552.npy
track_1149722,/content/drive/MyDrive/MTG_Instrument_old/dataset/logmel_songs/22/1149722.npy
track_1160353,/content/drive/MyDrive/MTG_Instrument_old/dataset/logmel_songs/53/1160353.npy
track_1041495,/content/drive/MyDrive/MTG_Instrument_old/dataset/logmel_songs/95/1041495.npy
track_1127784,/content/drive/MyDrive/MTG_Instrument_old/dataset/logmel_songs/84/1127784.npy
track_1146583,/content/drive/MyDrive/MTG_Instrument_old/dataset/logmel_songs/83/1146583.npy
track_0802325,/content/drive/MyDrive/MTG_Instrument_old/dataset/logmel_songs/25/802325.npy
track_1244942,/content/drive/MyDrive/MTG_Instrument_old/dataset/logmel_songs/42/1244942.npy
track_1121402,/content/drive/MyDrive/MTG_Instrument_old/dataset/logmel_songs/02/1121402.npy
track_0048727,/content/drive/MyDrive/MTG_Instrument_old/dataset/logmel_songs/27/48727.npy
track_1369860,/content/drive/MyDrive/MTG_Instrument_old/dataset/logmel_songs/60/1369860.npy
track_1253436,/content/drive/MyDrive/MTG_Instrument_old/dataset/logmel_songs/36/1253436.npy
track_1095020,/content/drive/MyDrive/MTG_Instrument_old/dataset/logmel_songs/20/1095020.npy
track_0381099,/content/drive/MyDrive/MTG_Instrument_old/dataset/logmel_songs/99/381099.npy
track_1253378,/content/drive/MyDrive/MTG_Instrument_old/dataset/logmel_songs/78/1253378.npy
track_1194943,/content/drive/MyDrive/MTG_Instrument_old/dataset/logmel_songs/43/1194943.npy
track_1185651,/content/drive/MyDrive/MTG_Instrument_old/dataset/logmel_songs/51/1185651.npy
track_1012596,/content/drive/MyDrive/MTG_Instrument_old/dataset/logmel_songs/96/1012596.npy
track_0553251,/content/drive/MyDrive/MTG_Instrument_old/dataset/logmel_songs/51/553251.npy
track_1127766,/content/drive/MyDrive/MTG_Instrument_old/dataset/logmel_songs/66/1127766.npy
track_1032241,/content/drive/MyDrive/MTG_Instrument_old/dataset/logmel_songs/41/1032241.npy
track_1034276,/content/drive/MyDrive/MTG_Instrument_old/dataset/logmel_songs/76/1034276.npy
track_1126084,/content/drive/MyDrive/MTG_Instrument_old/dataset/logmel_songs/84/1126084.npy
track_0342260,/content/drive/MyDrive/MTG_Instrument_old/dataset/logmel_songs/60/342260.npy
track_1203426,/content/drive/MyDrive/MTG_Instrument_old/dataset/logmel_songs/26/1203426.npy
track_1056814,/content/drive/MyDrive/MTG_Instrument_old/dataset/logmel_songs/14/1056814.npy
track_1123037,/content/drive/MyDrive/MTG_Instrument_old/dataset/logmel_songs/37/1123037.npy
track_0034518,/content/drive/MyDrive/MTG_Instrument_old/dataset/logmel_songs/18/34518.npy
track_0470772,/content/drive/MyDrive/MTG_Instrument_old/dataset/logmel_songs/72/470772.npy
track_1125826,/content/drive/MyDrive/MTG_Instrument_old/dataset/logmel_songs/26/1125826.npy
track_0973390,/content/drive/MyDrive/MTG_Instrument_old/dataset/logmel_songs/90/973390.npy
track_1102193,/content/drive/MyDrive/MTG_Instrument_old/dataset/logmel_songs/93/1102193.npy
track_0080776,/content/drive/MyDrive/MTG_Instrument_old/dataset/logmel_songs/76/80776.npy
track_0865675,/content/drive/MyDrive/MTG_Instrument_old/dataset/logmel_songs/75/865675.npy
track_0840600,/content/drive/MyDrive/MTG_Instrument_old/dataset/logmel_songs/00/840600.npy
track_1028895,/content/drive/MyDrive/MTG_Instrument_old/dataset/logmel_songs/95/1028895.npy
track_0810671,/content/drive/MyDrive/MTG_Instrument_old/dataset/logmel_songs/71/810671.npy
track_1369053,/content/drive/MyDrive/MTG_Instrument_old/dataset/logmel_songs/53/1369053.npy
track_0399204,/content/drive/MyDrive/MTG_Instrument_old/dataset/logmel_songs/04/399204.npy
track_0625211,/content/drive/MyDrive/MTG_Instrument_old/dataset/logmel_songs/11/625211.npy
track_0162042,/content/drive/MyDrive/MTG_Instrument_old/dataset/logmel_songs/42/162042.npy
track_1040986,/content/drive/MyDrive/MTG_Instrument_old/dataset/logmel_songs/86/1040986.npy
track_1210925,/content/drive/MyDrive/MTG_Instrument_old/dataset/logmel_songs/25/1210925.npy
track_0271876,/content/drive/MyDrive/MTG_Instrument_old/dataset/logmel_songs/76/271876.npy
track_0230889,/content/drive/MyDrive/MTG_Instrument_old/dataset/logmel_songs/89/230889.npy
track_1374685,/content/drive/MyDrive/MTG_Instrument_old/dataset/logmel_songs/85/1374685.npy
track_1202372,/content/drive/MyDrive/MTG_Instrument_old/dataset/logmel_songs/72/1202372.npy
track_1013134,/content/drive/MyDrive/MTG_Instrument_old/dataset/logmel_songs/34/1013134.npy
track_1109855,/content/drive/MyDrive/MTG_Instrument_old/dataset/logmel_songs/55/1109855.npy
track_1416528,/content/drive/MyDrive/MTG_Instrument_old/dataset/logmel_songs/28/1416528.npy
track_0989718,/content/drive/MyDrive/MTG_Instrument_old/dataset/logmel_songs/18/989718.npy
track_1150103,/content/drive/MyDrive/MTG_Instrument_old/dataset/logmel_songs/03/1150103.npy
track_0659904,/content/drive/MyDrive/MTG_Instrument_old/dataset/logmel_songs/04/659904.npy
track_1046572,/content/drive/MyDrive/MTG_Instrument_old/dataset/logmel_songs/72/1046572.npy
track_1316336,/content/drive/MyDrive/MTG_Instrument_old/dataset/logmel_songs/36/1316336.npy
track_0922588,/content/drive/MyDrive/MTG_Instrument_old/dataset/logmel_songs/88/922588.npy
track_1283764,/content/drive/MyDrive/MTG_Instrument_old/dataset/logmel_songs/64/1283764.npy
track_0150789,/content/drive/MyDrive/MTG_Instrument_old/dataset/logmel_songs/89/150789.npy
track_0811230,/content/drive/MyDrive/MTG_Instrument_old/dataset/logmel_songs/30/811230.npy
track_0594785,/content/drive/MyDrive/MTG_Instrument_old/dataset/logmel_songs/85/594785.npy
track_1163206,/content/drive/MyDrive/MTG_Instrument_old/dataset/logmel_songs/06/1163206.npy
track_1109864,/content/drive/MyDrive/MTG_Instrument_old/dataset/logmel_songs/64/1109864.npy
track_0485055,/content/drive/MyDrive/MTG_Instrument_old/dataset/logmel_songs/55/485055.npy
track_0976776,/content/drive/MyDrive/MTG_Instrument_old/dataset/logmel_songs/76/976776.npy
track_0989881,/content/drive/MyDrive/MTG_Instrument_old/dataset/logmel_songs/81/989881.npy
track_0897982,/content/drive/MyDrive/MTG_Instrument_old/dataset/logmel_songs/82/897982.npy
track_1322017,/content/drive/MyDrive/MTG_Instrument_old/dataset/logmel_songs/17/1322017.npy
track_1087889,/content/drive/MyDrive/MTG_Instrument_old/dataset/logmel_songs/89/1087889.npy
track_0594264,/content/drive/MyDrive/MTG_Instrument_old/dataset/logmel_songs/64/594264.npy
track_0381100,/content/drive/MyDrive/MTG_Instrument_old/dataset/logmel_songs/00/381100.npy
track_1134761,/content/drive/MyDrive/MTG_Instrument_old/dataset/logmel_songs/61/1134761.npy
track_1098130,/content/drive/MyDrive/MTG_Instrument_old/dataset/logmel_songs/30/1098130.npy
track_0911360,/content/drive/MyDrive/MTG_Instrument_old/dataset/logmel_songs/60/911360.npy
track_0961892,/content/drive/MyDrive/MTG_Instrument_old/dataset/logmel_songs/92/961892.npy
track_0700218,/content/drive/MyDrive/MTG_Instrument_old/dataset/logmel_songs/18/700218.npy
track_1085622,/content/drive/MyDrive/MTG_Instrument_old/dataset/logmel_songs/22/1085622.npy
track_1208806,/content/drive/MyDrive/MTG_Instrument_old/dataset/logmel_songs/06/1208806.npy
track_1042079,/content/drive/MyDrive/MTG_Instrument_old/dataset/logmel_songs/79/1042079.npy
track_1137264,/content/drive/MyDrive/MTG_Instrument_old/dataset/logmel_songs/64/1137264.npy
track_0799821,/content/drive/MyDrive/MTG_Instrument_old/dataset/logmel_songs/21/799821.npy
track_1130046,/content/drive/MyDrive/MTG_Instrument_old/dataset/logmel_songs/46/1130046.npy
track_1123666,/content/drive/MyDrive/MTG_Instrument_old/dataset/logmel_songs/66/1123666.npy
track_1369350,/content/drive/MyDrive/MTG_Instrument_old/dataset/logmel_songs/50/1369350.npy
track_1296859,/content/drive/MyDrive/MTG_Instrument_old/dataset/logmel_songs/59/1296859.npy
track_1415546,/content/drive/MyDrive/MTG_Instrument_old/dataset/logmel_songs/46/1415546.npy
track_1205917,/content/drive/MyDrive/MTG_Instrument_old/dataset/logmel_songs/17/1205917.npy
track_1306069,/content/drive/MyDrive/MTG_Instrument_old/dataset/logmel_songs/69/1306069.npy
track_0259889,/content/drive/MyDrive/MTG_Instrument_old/dataset/logmel_songs/89/259889.npy
track_0259693,/content/drive/MyDrive/MTG_Instrument_old/dataset/logmel_songs/93/259693.npy
track_1372873,/content/drive/MyDrive/MTG_Instrument_old/dataset/logmel_songs/73/1372873.npy
track_1156122,/content/drive/MyDrive/MTG_Instrument_old/dataset/logmel_songs/22/1156122.npy
track_1189651,/content/drive/MyDrive/MTG_Instrument_old/dataset/logmel_songs/51/1189651.npy
track_0873804,/content/drive/MyDrive/MTG_Instrument_old/dataset/logmel_songs/04/873804.npy
track_1047229,/content/drive/MyDrive/MTG_Instrument_old/dataset/logmel_songs/29/1047229.npy
track_1407674,/content/drive/MyDrive/MTG_Instrument_old/dataset/logmel_songs/74/1407674.npy
track_1165509,/content/drive/MyDrive/MTG_Instrument_old/dataset/logmel_songs/09/1165509.npy
track_0957462,/content/drive/MyDrive/MTG_Instrument_old/dataset/logmel_songs/62/957462.npy
track_0078305,/content/drive/MyDrive/MTG_Instrument_old/dataset/logmel_songs/05/78305.npy
track_1089191,/content/drive/MyDrive/MTG_Instrument_old/dataset/logmel_songs/91/1089191.npy
track_1165777,/content/drive/MyDrive/MTG_Instrument_old/dataset/logmel_songs/77/1165777.npy
track_1369051,/content/drive/MyDrive/MTG_Instrument_old/dataset/logmel_songs/51/1369051.npy
track_0708466,/content/drive/MyDrive/MTG_Instrument_old/dataset/logmel_songs/66/708466.npy
track_1356240,/content/drive/MyDrive/MTG_Instrument_old/dataset/logmel_songs/40/1356240.npy
track_1110486,/content/drive/MyDrive/MTG_Instrument_old/dataset/logmel_songs/86/1110486.npy
track_1327155,/content/drive/MyDrive/MTG_Instrument_old/dataset/logmel_songs/55/1327155.npy
track_0147667,/content/drive/MyDrive/MTG_Instrument_old/dataset/logmel_songs/67/147667.npy
track_0181825,/content/drive/MyDrive/MTG_Instrument_old/dataset/logmel_songs/25/181825.npy
track_1289135,/content/drive/MyDrive/MTG_Instrument_old/dataset/logmel_songs/35/1289135.npy
track_0275243,/content/drive/MyDrive/MTG_Instrument_old/dataset/logmel_songs/43/275243.npy
track_0802299,/content/drive/MyDrive/MTG_Instrument_old/dataset/logmel_songs/99/802299.npy
track_0996967,/content/drive/MyDrive/MTG_Instrument_old/dataset/logmel_songs/67/996967.npy
track_1364092,/content/drive/MyDrive/MTG_Instrument_old/dataset/logmel_songs/92/1364092.npy
track_1094520,/content/drive/MyDrive/MTG_Instrument_old/dataset/logmel_songs/20/1094520.npy
track_1138774,/content/drive/MyDrive/MTG_Instrument_old/dataset/logmel_songs/74/1138774.npy
track_0373053,/content/drive/MyDrive/MTG_Instrument_old/dataset/logmel_songs/53/373053.npy
track_1118532,/content/drive/MyDrive/MTG_Instrument_old/dataset/logmel_songs/32/1118532.npy
track_0260183,/content/drive/MyDrive/MTG_Instrument_old/dataset/logmel_songs/83/260183.npy
track_0768443,/content/drive/MyDrive/MTG_Instrument_old/dataset/logmel_songs/43/768443.npy
track_1153108,/content/drive/MyDrive/MTG_Instrument_old/dataset/logmel_songs/08/1153108.npy
track_0090063,/content/drive/MyDrive/MTG_Instrument_old/dataset/logmel_songs/63/90063.npy
track_1374955,/content/drive/MyDrive/MTG_Instrument_old/dataset/logmel_songs/55/1374955.npy
track_0973999,/content/drive/MyDrive/MTG_Instrument_old/dataset/logmel_songs/99/973999.npy
track_0790453,/content/drive/MyDrive/MTG_Instrument_old/dataset/logmel_songs/53/790453.npy
track_1115532,/content/drive/MyDrive/MTG_Instrument_old/dataset/logmel_songs/32/1115532.npy
track_1315062,/content/drive/MyDrive/MTG_Instrument_old/dataset/logmel_songs/62/1315062.npy
track_0607865,/content/drive/MyDrive/MTG_Instrument_old/dataset/logmel_songs/65/607865.npy
track_0976789,/content/drive/MyDrive/MTG_Instrument_old/dataset/logmel_songs/89/976789.npy
track_1133349,/content/drive/MyDrive/MTG_Instrument_old/dataset/logmel_songs/49/1133349.npy
track_1076576,/content/drive/MyDrive/MTG_Instrument_old/dataset/logmel_songs/76/1076576.npy
track_1219360,/content/drive/MyDrive/MTG_Instrument_old/dataset/logmel_songs/60/1219360.npy
track_1243881,/content/drive/MyDrive/MTG_Instrument_old/dataset/logmel_songs/81/1243881.npy
track_1329456,/content/drive/MyDrive/MTG_Instrument_old/dataset/logmel_songs/56/1329456.npy
track_0868277,/content/drive/MyDrive/MTG_Instrument_old/dataset/logmel_songs/77/868277.npy
track_1336890,/content/drive/MyDrive/MTG_Instrument_old/dataset/logmel_songs/90/1336890.npy
track_1315879,/content/drive/MyDrive/MTG_Instrument_old/dataset/logmel_songs/79/1315879.npy
track_1137232,/content/drive/MyDrive/MTG_Instrument_old/dataset/logmel_songs/32/1137232.npy
track_0768442,/content/drive/MyDrive/MTG_Instrument_old/dataset/logmel_songs/42/768442.npy
track_1360554,/content/drive/MyDrive/MTG_Instrument_old/dataset/logmel_songs/54/1360554.npy
track_0162026,/content/drive/MyDrive/MTG_Instrument_old/dataset/logmel_songs/26/162026.npy
track_1388888,/content/drive/MyDrive/MTG_Instrument_old/dataset/logmel_songs/88/1388888.npy
track_0988517,/content/drive/MyDrive/MTG_Instrument_old/dataset/logmel_songs/17/988517.npy
track_1138827,/content/drive/MyDrive/MTG_Instrument_old/dataset/logmel_songs/27/1138827.npy
track_1012595,/content/drive/MyDrive/MTG_Instrument_old/dataset/logmel_songs/95/1012595.npy
track_0073119,/content/drive/MyDrive/MTG_Instrument_old/dataset/logmel_songs/19/73119.npy
track_1376053,/content/drive/MyDrive/MTG_Instrument_old/dataset/logmel_songs/53/1376053.npy
track_1161436,/content/drive/MyDrive/MTG_Instrument_old/dataset/logmel_songs/36/1161436.npy
track_1127785,/content/drive/MyDrive/MTG_Instrument_old/dataset/logmel_songs/85/1127785.npy
track_0188690,/content/drive/MyDrive/MTG_Instrument_old/dataset/logmel_songs/90/188690.npy
track_1064327,/content/drive/MyDrive/MTG_Instrument_old/dataset/logmel_songs/27/1064327.npy
track_0780392,/content/drive/MyDrive/MTG_Instrument_old/dataset/logmel_songs/92/780392.npy
track_1080223,/content/drive/MyDrive/MTG_Instrument_old/dataset/logmel_songs/23/1080223.npy
track_1039614,/content/drive/MyDrive/MTG_Instrument_old/dataset/logmel_songs/14/1039614.npy
track_1075183,/content/drive/MyDrive/MTG_Instrument_old/dataset/logmel_songs/83/1075183.npy
track_0844330,/content/drive/MyDrive/MTG_Instrument_old/dataset/logmel_songs/30/844330.npy
track_1167072,/content/drive/MyDrive/MTG_Instrument_old/dataset/logmel_songs/72/1167072.npy
track_1072438,/content/drive/MyDrive/MTG_Instrument_old/dataset/logmel_songs/38/1072438.npy
track_1104716,/content/drive/MyDrive/MTG_Instrument_old/dataset/logmel_songs/16/1104716.npy
track_0134739,/content/drive/MyDrive/MTG_Instrument_old/dataset/logmel_songs/39/134739.npy
track_1064764,/content/drive/MyDrive/MTG_Instrument_old/dataset/logmel_songs/64/1064764.npy
track_1345287,/content/drive/MyDrive/MTG_Instrument_old/dataset/logmel_songs/87/1345287.npy
track_1029324,/content/drive/MyDrive/MTG_Instrument_old/dataset/logmel_songs/24/1029324.npy
track_0983612,/content/drive/MyDrive/MTG_Instrument_old/dataset/logmel_songs/12/983612.npy
track_1357549,/content/drive/MyDrive/MTG_Instrument_old/dataset/logmel_songs/49/1357549.npy
track_1159155,/content/drive/MyDrive/MTG_Instrument_old/dataset/logmel_songs/55/1159155.npy
track_0922583,/content/drive/MyDrive/MTG_Instrument_old/dataset/logmel_songs/83/922583.npy
track_0011771,/content/drive/MyDrive/MTG_Instrument_old/dataset/logmel_songs/71/11771.npy
track_0034851,/content/drive/MyDrive/MTG_Instrument_old/dataset/logmel_songs/51/34851.npy
track_0094755,/content/drive/MyDrive/MTG_Instrument_old/dataset/logmel_songs/55/94755.npy
track_1115077,/content/drive/MyDrive/MTG_Instrument_old/dataset/logmel_songs/77/1115077.npy
track_1207618,/content/drive/MyDrive/MTG_Instrument_old/dataset/logmel_songs/18/1207618.npy
track_0453977,/content/drive/MyDrive/MTG_Instrument_old/dataset/logmel_songs/77/453977.npy
track_0913290,/content/drive/MyDrive/MTG_Instrument_old/dataset/logmel_songs/90/913290.npy
track_1406914,/content/drive/MyDrive/MTG_Instrument_old/dataset/logmel_songs/14/1406914.npy
track_1165525,/content/drive/MyDrive/MTG_Instrument_old/dataset/logmel_songs/25/1165525.npy
track_1076453,/content/drive/MyDrive/MTG_Instrument_old/dataset/logmel_songs/53/1076453.npy
track_0166409,/content/drive/MyDrive/MTG_Instrument_old/dataset/logmel_songs/09/166409.npy
track_1377609,/content/drive/MyDrive/MTG_Instrument_old/dataset/logmel_songs/09/1377609.npy
track_1147623,/content/drive/MyDrive/MTG_Instrument_old/dataset/logmel_songs/23/1147623.npy
track_1306011,/content/drive/MyDrive/MTG_Instrument_old/dataset/logmel_songs/11/1306011.npy
track_0647539,/content/drive/MyDrive/MTG_Instrument_old/dataset/logmel_songs/39/647539.npy
track_1084121,/content/drive/MyDrive/MTG_Instrument_old/dataset/logmel_songs/21/1084121.npy
track_1132263,/content/drive/MyDrive/MTG_Instrument_old/dataset/logmel_songs/63/1132263.npy
track_1248612,/content/drive/MyDrive/MTG_Instrument_old/dataset/logmel_songs/12/1248612.npy
track_1094574,/content/drive/MyDrive/MTG_Instrument_old/dataset/logmel_songs/74/1094574.npy
track_1317594,/content/drive/MyDrive/MTG_Instrument_old/dataset/logmel_songs/94/1317594.npy
track_1066755,/content/drive/MyDrive/MTG_Instrument_old/dataset/logmel_songs/55/1066755.npy
track_1196184,/content/drive/MyDrive/MTG_Instrument_old/dataset/logmel_songs/84/1196184.npy
track_1163962,/content/drive/MyDrive/MTG_Instrument_old/dataset/logmel_songs/62/1163962.npy
track_1158489,/content/drive/MyDrive/MTG_Instrument_old/dataset/logmel_songs/89/1158489.npy
track_0680974,/content/drive/MyDrive/MTG_Instrument_old/dataset/logmel_songs/74/680974.npy
track_1251845,/content/drive/MyDrive/MTG_Instrument_old/dataset/logmel_songs/45/1251845.npy
track_0297688,/content/drive/MyDrive/MTG_Instrument_old/dataset/logmel_songs/88/297688.npy
track_0636316,/content/drive/MyDrive/MTG_Instrument_old/dataset/logmel_songs/16/636316.npy
track_1361245,/content/drive/MyDrive/MTG_Instrument_old/dataset/logmel_songs/45/1361245.npy
track_1340348,/content/drive/MyDrive/MTG_Instrument_old/dataset/logmel_songs/48/1340348.npy
track_1320027,/content/drive/MyDrive/MTG_Instrument_old/dataset/logmel_songs/27/1320027.npy
track_1057027,/content/drive/MyDrive/MTG_Instrument_old/dataset/logmel_songs/27/1057027.npy
track_0188480,/content/drive/MyDrive/MTG_Instrument_old/dataset/logmel_songs/80/188480.npy
track_1129030,/content/drive/MyDrive/MTG_Instrument_old/dataset/logmel_songs/30/1129030.npy
track_1011996,/content/drive/MyDrive/MTG_Instrument_old/dataset/logmel_songs/96/1011996.npy
track_1032804,/content/drive/MyDrive/MTG_Instrument_old/dataset/logmel_songs/04/1032804.npy
track_0771286,/content/drive/MyDrive/MTG_Instrument_old/dataset/logmel_songs/86/771286.npy
track_1396204,/content/drive/MyDrive/MTG_Instrument_old/dataset/logmel_songs/04/1396204.npy
track_1130987,/content/drive/MyDrive/MTG_Instrument_old/dataset/logmel_songs/87/1130987.npy
track_0385449,/content/drive/MyDrive/MTG_Instrument_old/dataset/logmel_songs/49/385449.npy
track_0875085,/content/drive/MyDrive/MTG_Instrument_old/dataset/logmel_songs/85/875085.npy
track_1414160,/content/drive/MyDrive/MTG_Instrument_old/dataset/logmel_songs/60/1414160.npy
track_1340791,/content/drive/MyDrive/MTG_Instrument_old/dataset/logmel_songs/91/1340791.npy
track_1391159,/content/drive/MyDrive/MTG_Instrument_old/dataset/logmel_songs/59/1391159.npy
track_0230823,/content/drive/MyDrive/MTG_Instrument_old/dataset/logmel_songs/23/230823.npy
track_1168167,/content/drive/MyDrive/MTG_Instrument_old/dataset/logmel_songs/67/1168167.npy
track_1194829,/content/drive/MyDrive/MTG_Instrument_old/dataset/logmel_songs/29/1194829.npy
track_0667863,/content/drive/MyDrive/MTG_Instrument_old/dataset/logmel_songs/63/667863.npy
track_1415744,/content/drive/MyDrive/MTG_Instrument_old/dataset/logmel_songs/44/1415744.npy
track_1388866,/content/drive/MyDrive/MTG_Instrument_old/dataset/logmel_songs/66/1388866.npy
track_0259832,/content/drive/MyDrive/MTG_Instrument_old/dataset/logmel_songs/32/259832.npy
track_1044931,/content/drive/MyDrive/MTG_Instrument_old/dataset/logmel_songs/31/1044931.npy
track_1248271,/content/drive/MyDrive/MTG_Instrument_old/dataset/logmel_songs/71/1248271.npy
track_0802176,/content/drive/MyDrive/MTG_Instrument_old/dataset/logmel_songs/76/802176.npy
track_0891610,/content/drive/MyDrive/MTG_Instrument_old/dataset/logmel_songs/10/891610.npy
track_0007395,/content/drive/MyDrive/MTG_Instrument_old/dataset/logmel_songs/95/7395.npy
track_1159666,/content/drive/MyDrive/MTG_Instrument_old/dataset/logmel_songs/66/1159666.npy
track_0799921,/content/drive/MyDrive/MTG_Instrument_old/dataset/logmel_songs/21/799921.npy
track_1272453,/content/drive/MyDrive/MTG_Instrument_old/dataset/logmel_songs/53/1272453.npy
track_0903600,/content/drive/MyDrive/MTG_Instrument_old/dataset/logmel_songs/00/903600.npy
track_0094704,/content/drive/MyDrive/MTG_Instrument_old/dataset/logmel_songs/04/94704.npy
track_0719759,/content/drive/MyDrive/MTG_Instrument_old/dataset/logmel_songs/59/719759.npy
track_0507395,/content/drive/MyDrive/MTG_Instrument_old/dataset/logmel_songs/95/507395.npy
track_0618450,/content/drive/MyDrive/MTG_Instrument_old/dataset/logmel_songs/50/618450.npy
track_1051948,/content/drive/MyDrive/MTG_Instrument_old/dataset/logmel_songs/48/1051948.npy
track_0219519,/content/drive/MyDrive/MTG_Instrument_old/dataset/logmel_songs/19/219519.npy
track_1327738,/content/drive/MyDrive/MTG_Instrument_old/dataset/logmel_songs/38/1327738.npy
track_1171068,/content/drive/MyDrive/MTG_Instrument_old/dataset/logmel_songs/68/1171068.npy
track_1179214,/content/drive/MyDrive/MTG_Instrument_old/dataset/logmel_songs/14/1179214.npy
track_1366153,/content/drive/MyDrive/MTG_Instrument_old/dataset/logmel_songs/53/1366153.npy
track_1170733,/content/drive/MyDrive/MTG_Instrument_old/dataset/logmel_songs/33/1170733.npy
track_0500830,/content/drive/MyDrive/MTG_Instrument_old/dataset/logmel_songs/30/500830.npy
track_1197327,/content/drive/MyDrive/MTG_Instrument_old/dataset/logmel_songs/27/1197327.npy
track_1170412,/content/drive/MyDrive/MTG_Instrument_old/dataset/logmel_songs/12/1170412.npy
track_0602737,/content/drive/MyDrive/MTG_Instrument_old/dataset/logmel_songs/37/602737.npy
track_1217507,/content/drive/MyDrive/MTG_Instrument_old/dataset/logmel_songs/07/1217507.npy
track_1079757,/content/drive/MyDrive/MTG_Instrument_old/dataset/logmel_songs/57/1079757.npy
track_1061502,/content/drive/MyDrive/MTG_Instrument_old/dataset/logmel_songs/02/1061502.npy
track_1372065,/content/drive/MyDrive/MTG_Instrument_old/dataset/logmel_songs/65/1372065.npy
track_0066955,/content/drive/MyDrive/MTG_Instrument_old/dataset/logmel_songs/55/66955.npy
track_1415613,/content/drive/MyDrive/MTG_Instrument_old/dataset/logmel_songs/13/1415613.npy
track_1324909,/content/drive/MyDrive/MTG_Instrument_old/dataset/logmel_songs/09/1324909.npy
track_0780395,/content/drive/MyDrive/MTG_Instrument_old/dataset/logmel_songs/95/780395.npy
track_1093792,/content/drive/MyDrive/MTG_Instrument_old/dataset/logmel_songs/92/1093792.npy
track_1189933,/content/drive/MyDrive/MTG_Instrument_old/dataset/logmel_songs/33/1189933.npy
track_1128219,/content/drive/MyDrive/MTG_Instrument_old/dataset/logmel_songs/19/1128219.npy
track_1370609,/content/drive/MyDrive/MTG_Instrument_old/dataset/logmel_songs/09/1370609.npy
track_1416044,/content/drive/MyDrive/MTG_Instrument_old/dataset/logmel_songs/44/1416044.npy
track_1155991,/content/drive/MyDrive/MTG_Instrument_old/dataset/logmel_songs/91/1155991.npy
track_1247372,/content/drive/MyDrive/MTG_Instrument_old/dataset/logmel_songs/72/1247372.npy
track_0890573,/content/drive/MyDrive/MTG_Instrument_old/dataset/logmel_songs/73/890573.npy
track_0721938,/content/drive/MyDrive/MTG_Instrument_old/dataset/logmel_songs/38/721938.npy
track_1103451,/content/drive/MyDrive/MTG_Instrument_old/dataset/logmel_songs/51/1103451.npy
track_1027910,/content/drive/MyDrive/MTG_Instrument_old/dataset/logmel_songs/10/1027910.npy
track_1066137,/content/drive/MyDrive/MTG_Instrument_old/dataset/logmel_songs/37/1066137.npy
track_1123877,/content/drive/MyDrive/MTG_Instrument_old/dataset/logmel_songs/77/1123877.npy
track_1397773,/content/drive/MyDrive/MTG_Instrument_old/dataset/logmel_songs/73/1397773.npy
track_0162039,/content/drive/MyDrive/MTG_Instrument_old/dataset/logmel_songs/39/162039.npy
track_1157307,/content/drive/MyDrive/MTG_Instrument_old/dataset/logmel_songs/07/1157307.npy
track_1127285,/content/drive/MyDrive/MTG_Instrument_old/dataset/logmel_songs/85/1127285.npy
track_1125690,/content/drive/MyDrive/MTG_Instrument_old/dataset/logmel_songs/90/1125690.npy
track_0095713,/content/drive/MyDrive/MTG_Instrument_old/dataset/logmel_songs/13/95713.npy
track_1274296,/content/drive/MyDrive/MTG_Instrument_old/dataset/logmel_songs/96/1274296.npy
track_0381091,/content/drive/MyDrive/MTG_Instrument_old/dataset/logmel_songs/91/381091.npy
track_1230637,/content/drive/MyDrive/MTG_Instrument_old/dataset/logmel_songs/37/1230637.npy
track_0076972,/content/drive/MyDrive/MTG_Instrument_old/dataset/logmel_songs/72/76972.npy
track_1324697,/content/drive/MyDrive/MTG_Instrument_old/dataset/logmel_songs/97/1324697.npy
track_1269806,/content/drive/MyDrive/MTG_Instrument_old/dataset/logmel_songs/06/1269806.npy
track_0957452,/content/drive/MyDrive/MTG_Instrument_old/dataset/logmel_songs/52/957452.npy
track_1027952,/content/drive/MyDrive/MTG_Instrument_old/dataset/logmel_songs/52/1027952.npy
track_1083959,/content/drive/MyDrive/MTG_Instrument_old/dataset/logmel_songs/59/1083959.npy
track_0553250,/content/drive/MyDrive/MTG_Instrument_old/dataset/logmel_songs/50/553250.npy
track_1058927,/content/drive/MyDrive/MTG_Instrument_old/dataset/logmel_songs/27/1058927.npy
track_1133350,/content/drive/MyDrive/MTG_Instrument_old/dataset/logmel_songs/50/1133350.npy
track_1116402,/content/drive/MyDrive/MTG_Instrument_old/dataset/logmel_songs/02/1116402.npy
track_0370261,/content/drive/MyDrive/MTG_Instrument_old/dataset/logmel_songs/61/370261.npy
track_0166335,/content/drive/MyDrive/MTG_Instrument_old/dataset/logmel_songs/35/166335.npy
track_1248248,/content/drive/MyDrive/MTG_Instrument_old/dataset/logmel_songs/48/1248248.npy
track_1080211,/content/drive/MyDrive/MTG_Instrument_old/dataset/logmel_songs/11/1080211.npy
track_1066206,/content/drive/MyDrive/MTG_Instrument_old/dataset/logmel_songs/06/1066206.npy
track_1299911,/content/drive/MyDrive/MTG_Instrument_old/dataset/logmel_songs/11/1299911.npy
track_1076565,/content/drive/MyDrive/MTG_Instrument_old/dataset/logmel_songs/65/1076565.npy
track_1300041,/content/drive/MyDrive/MTG_Instrument_old/dataset/logmel_songs/41/1300041.npy
track_0986593,/content/drive/MyDrive/MTG_Instrument_old/dataset/logmel_songs/93/986593.npy
track_1107267,/content/drive/MyDrive/MTG_Instrument_old/dataset/logmel_songs/67/1107267.npy
track_1123888,/content/drive/MyDrive/MTG_Instrument_old/dataset/logmel_songs/88/1123888.npy
track_1061297,/content/drive/MyDrive/MTG_Instrument_old/dataset/logmel_songs/97/1061297.npy
track_0962064,/content/drive/MyDrive/MTG_Instrument_old/dataset/logmel_songs/64/962064.npy
track_1141668,/content/drive/MyDrive/MTG_Instrument_old/dataset/logmel_songs/68/1141668.npy
track_1160619,/content/drive/MyDrive/MTG_Instrument_old/dataset/logmel_songs/19/1160619.npy
track_1236045,/content/drive/MyDrive/MTG_Instrument_old/dataset/logmel_songs/45/1236045.npy
track_0647533,/content/drive/MyDrive/MTG_Instrument_old/dataset/logmel_songs/33/647533.npy
track_0342256,/content/drive/MyDrive/MTG_Instrument_old/dataset/logmel_songs/56/342256.npy
track_1393646,/content/drive/MyDrive/MTG_Instrument_old/dataset/logmel_songs/46/1393646.npy
track_1173144,/content/drive/MyDrive/MTG_Instrument_old/dataset/logmel_songs/44/1173144.npy
track_0658531,/content/drive/MyDrive/MTG_Instrument_old/dataset/logmel_songs/31/658531.npy
track_1331579,/content/drive/MyDrive/MTG_Instrument_old/dataset/logmel_songs/79/1331579.npy
track_0986867,/content/drive/MyDrive/MTG_Instrument_old/dataset/logmel_songs/67/986867.npy
track_1296783,/content/drive/MyDrive/MTG_Instrument_old/dataset/logmel_songs/83/1296783.npy
track_0154630,/content/drive/MyDrive/MTG_Instrument_old/dataset/logmel_songs/30/154630.npy
track_0272369,/content/drive/MyDrive/MTG_Instrument_old/dataset/logmel_songs/69/272369.npy
track_0206015,/content/drive/MyDrive/MTG_Instrument_old/dataset/logmel_songs/15/206015.npy
track_0947793,/content/drive/MyDrive/MTG_Instrument_old/dataset/logmel_songs/93/947793.npy
track_1136897,/content/drive/MyDrive/MTG_Instrument_old/dataset/logmel_songs/97/1136897.npy
track_1089136,/content/drive/MyDrive/MTG_Instrument_old/dataset/logmel_songs/36/1089136.npy
track_1346883,/content/drive/MyDrive/MTG_Instrument_old/dataset/logmel_songs/83/1346883.npy
track_1283748,/content/drive/MyDrive/MTG_Instrument_old/dataset/logmel_songs/48/1283748.npy
track_0077445,/content/drive/MyDrive/MTG_Instrument_old/dataset/logmel_songs/45/77445.npy
track_0919638,/content/drive/MyDrive/MTG_Instrument_old/dataset/logmel_songs/38/919638.npy
track_0399425,/content/drive/MyDrive/MTG_Instrument_old/dataset/logmel_songs/25/399425.npy
track_0950094,/content/drive/MyDrive/MTG_Instrument_old/dataset/logmel_songs/94/950094.npy
track_0339224,/content/drive/MyDrive/MTG_Instrument_old/dataset/logmel_songs/24/339224.npy
track_1189927,/content/drive/MyDrive/MTG_Instrument_old/dataset/logmel_songs/27/1189927.npy
track_1086691,/content/drive/MyDrive/MTG_Instrument_old/dataset/logmel_songs/91/1086691.npy
track_1096859,/content/drive/MyDrive/MTG_Instrument_old/dataset/logmel_songs/59/1096859.npy
track_1109972,/content/drive/MyDrive/MTG_Instrument_old/dataset/logmel_songs/72/1109972.npy
track_0080811,/content/drive/MyDrive/MTG_Instrument_old/dataset/logmel_songs/11/80811.npy
track_1023319,/content/drive/MyDrive/MTG_Instrument_old/dataset/logmel_songs/19/1023319.npy
track_1349471,/content/drive/MyDrive/MTG_Instrument_old/dataset/logmel_songs/71/1349471.npy
track_1037058,/content/drive/MyDrive/MTG_Instrument_old/dataset/logmel_songs/58/1037058.npy
track_1351143,/content/drive/MyDrive/MTG_Instrument_old/dataset/logmel_songs/43/1351143.npy
track_0011747,/content/drive/MyDrive/MTG_Instrument_old/dataset/logmel_songs/47/11747.npy
track_1194951,/content/drive/MyDrive/MTG_Instrument_old/dataset/logmel_songs/51/1194951.npy
track_0025992,/content/drive/MyDrive/MTG_Instrument_old/dataset/logmel_songs/92/25992.npy
track_1235675,/content/drive/MyDrive/MTG_Instrument_old/dataset/logmel_songs/75/1235675.npy
track_1104876,/content/drive/MyDrive/MTG_Instrument_old/dataset/logmel_songs/76/1104876.npy
track_1417885,/content/drive/MyDrive/MTG_Instrument_old/dataset/logmel_songs/85/1417885.npy
track_1111974,/content/drive/MyDrive/MTG_Instrument_old/dataset/logmel_songs/74/1111974.npy
track_1078477,/content/drive/MyDrive/MTG_Instrument_old/dataset/logmel_songs/77/1078477.npy
track_0888638,/content/drive/MyDrive/MTG_Instrument_old/dataset/logmel_songs/38/888638.npy
track_1150485,/content/drive/MyDrive/MTG_Instrument_old/dataset/logmel_songs/85/1150485.npy
track_1353975,/content/drive/MyDrive/MTG_Instrument_old/dataset/logmel_songs/75/1353975.npy
track_1153117,/content/drive/MyDrive/MTG_Instrument_old/dataset/logmel_songs/17/1153117.npy
track_0072836,/content/drive/MyDrive/MTG_Instrument_old/dataset/logmel_songs/36/72836.npy
track_1137270,/content/drive/MyDrive/MTG_Instrument_old/dataset/logmel_songs/70/1137270.npy
track_1336656,/content/drive/MyDrive/MTG_Instrument_old/dataset/logmel_songs/56/1336656.npy
track_0789654,/content/drive/MyDrive/MTG_Instrument_old/dataset/logmel_songs/54/789654.npy
track_1352266,/content/drive/MyDrive/MTG_Instrument_old/dataset/logmel_songs/66/1352266.npy
track_0365389,/content/drive/MyDrive/MTG_Instrument_old/dataset/logmel_songs/89/365389.npy
track_1154727,/content/drive/MyDrive/MTG_Instrument_old/dataset/logmel_songs/27/1154727.npy
track_1186080,/content/drive/MyDrive/MTG_Instrument_old/dataset/logmel_songs/80/1186080.npy
track_1324426,/content/drive/MyDrive/MTG_Instrument_old/dataset/logmel_songs/26/1324426.npy
track_0891990,/content/drive/MyDrive/MTG_Instrument_old/dataset/logmel_songs/90/891990.npy
track_1036706,/content/drive/MyDrive/MTG_Instrument_old/dataset/logmel_songs/06/1036706.npy
track_0873809,/content/drive/MyDrive/MTG_Instrument_old/dataset/logmel_songs/09/873809.npy
track_1102231,/content/drive/MyDrive/MTG_Instrument_old/dataset/logmel_songs/31/1102231.npy
track_1197341,/content/drive/MyDrive/MTG_Instrument_old/dataset/logmel_songs/41/1197341.npy
track_1320013,/content/drive/MyDrive/MTG_Instrument_old/dataset/logmel_songs/13/1320013.npy
track_1196182,/content/drive/MyDrive/MTG_Instrument_old/dataset/logmel_songs/82/1196182.npy
track_1296928,/content/drive/MyDrive/MTG_Instrument_old/dataset/logmel_songs/28/1296928.npy
track_1415804,/content/drive/MyDrive/MTG_Instrument_old/dataset/logmel_songs/04/1415804.npy
track_1041776,/content/drive/MyDrive/MTG_Instrument_old/dataset/logmel_songs/76/1041776.npy
track_1056821,/content/drive/MyDrive/MTG_Instrument_old/dataset/logmel_songs/21/1056821.npy
track_1079190,/content/drive/MyDrive/MTG_Instrument_old/dataset/logmel_songs/90/1079190.npy
track_1339213,/content/drive/MyDrive/MTG_Instrument_old/dataset/logmel_songs/13/1339213.npy
track_1037055,/content/drive/MyDrive/MTG_Instrument_old/dataset/logmel_songs/55/1037055.npy
track_1328148,/content/drive/MyDrive/MTG_Instrument_old/dataset/logmel_songs/48/1328148.npy
track_1208804,/content/drive/MyDrive/MTG_Instrument_old/dataset/logmel_songs/04/1208804.npy
track_1278316,/content/drive/MyDrive/MTG_Instrument_old/dataset/logmel_songs/16/1278316.npy
track_1164724,/content/drive/MyDrive/MTG_Instrument_old/dataset/logmel_songs/24/1164724.npy
track_1286534,/content/drive/MyDrive/MTG_Instrument_old/dataset/logmel_songs/34/1286534.npy
track_0802283,/content/drive/MyDrive/MTG_Instrument_old/dataset/logmel_songs/83/802283.npy
track_0802291,/content/drive/MyDrive/MTG_Instrument_old/dataset/logmel_songs/91/802291.npy
track_1374261,/content/drive/MyDrive/MTG_Instrument_old/dataset/logmel_songs/61/1374261.npy
track_1162034,/content/drive/MyDrive/MTG_Instrument_old/dataset/logmel_songs/34/1162034.npy
track_0740990,/content/drive/MyDrive/MTG_Instrument_old/dataset/logmel_songs/90/740990.npy
track_1134250,/content/drive/MyDrive/MTG_Instrument_old/dataset/logmel_songs/50/1134250.npy
track_0982407,/content/drive/MyDrive/MTG_Instrument_old/dataset/logmel_songs/07/982407.npy
track_1353701,/content/drive/MyDrive/MTG_Instrument_old/dataset/logmel_songs/01/1353701.npy
track_1294977,/content/drive/MyDrive/MTG_Instrument_old/dataset/logmel_songs/77/1294977.npy
track_1359331,/content/drive/MyDrive/MTG_Instrument_old/dataset/logmel_songs/31/1359331.npy
track_1012593,/content/drive/MyDrive/MTG_Instrument_old/dataset/logmel_songs/93/1012593.npy
track_1194315,/content/drive/MyDrive/MTG_Instrument_old/dataset/logmel_songs/15/1194315.npy
track_1112016,/content/drive/MyDrive/MTG_Instrument_old/dataset/logmel_songs/16/1112016.npy
track_0259844,/content/drive/MyDrive/MTG_Instrument_old/dataset/logmel_songs/44/259844.npy
track_0702765,/content/drive/MyDrive/MTG_Instrument_old/dataset/logmel_songs/65/702765.npy
track_0785631,/content/drive/MyDrive/MTG_Instrument_old/dataset/logmel_songs/31/785631.npy
track_1033220,/content/drive/MyDrive/MTG_Instrument_old/dataset/logmel_songs/20/1033220.npy
track_0280160,/content/drive/MyDrive/MTG_Instrument_old/dataset/logmel_songs/60/280160.npy
track_1167306,/content/drive/MyDrive/MTG_Instrument_old/dataset/logmel_songs/06/1167306.npy
track_0594266,/content/drive/MyDrive/MTG_Instrument_old/dataset/logmel_songs/66/594266.npy
track_1231903,/content/drive/MyDrive/MTG_Instrument_old/dataset/logmel_songs/03/1231903.npy
track_1388874,/content/drive/MyDrive/MTG_Instrument_old/dataset/logmel_songs/74/1388874.npy
track_0594258,/content/drive/MyDrive/MTG_Instrument_old/dataset/logmel_songs/58/594258.npy
track_0874890,/content/drive/MyDrive/MTG_Instrument_old/dataset/logmel_songs/90/874890.npy
track_1134851,/content/drive/MyDrive/MTG_Instrument_old/dataset/logmel_songs/51/1134851.npy
track_0321962,/content/drive/MyDrive/MTG_Instrument_old/dataset/logmel_songs/62/321962.npy
track_1320012,/content/drive/MyDrive/MTG_Instrument_old/dataset/logmel_songs/12/1320012.npy
track_0939258,/content/drive/MyDrive/MTG_Instrument_old/dataset/logmel_songs/58/939258.npy
track_0292851,/content/drive/MyDrive/MTG_Instrument_old/dataset/logmel_songs/51/292851.npy
track_0414047,/content/drive/MyDrive/MTG_Instrument_old/dataset/logmel_songs/47/414047.npy
track_1032911,/content/drive/MyDrive/MTG_Instrument_old/dataset/logmel_songs/11/1032911.npy
track_0989880,/content/drive/MyDrive/MTG_Instrument_old/dataset/logmel_songs/80/989880.npy
track_0736795,/content/drive/MyDrive/MTG_Instrument_old/dataset/logmel_songs/95/736795.npy
track_1083514,/content/drive/MyDrive/MTG_Instrument_old/dataset/logmel_songs/14/1083514.npy
track_1054375,/content/drive/MyDrive/MTG_Instrument_old/dataset/logmel_songs/75/1054375.npy
track_1380591,/content/drive/MyDrive/MTG_Instrument_old/dataset/logmel_songs/91/1380591.npy
track_1370320,/content/drive/MyDrive/MTG_Instrument_old/dataset/logmel_songs/20/1370320.npy
track_0038114,/content/drive/MyDrive/MTG_Instrument_old/dataset/logmel_songs/14/38114.npy
track_1345843,/content/drive/MyDrive/MTG_Instrument_old/dataset/logmel_songs/43/1345843.npy
track_1028810,/content/drive/MyDrive/MTG_Instrument_old/dataset/logmel_songs/10/1028810.npy
track_0460299,/content/drive/MyDrive/MTG_Instrument_old/dataset/logmel_songs/99/460299.npy
track_1051206,/content/drive/MyDrive/MTG_Instrument_old/dataset/logmel_songs/06/1051206.npy
track_1171143,/content/drive/MyDrive/MTG_Instrument_old/dataset/logmel_songs/43/1171143.npy
track_1056584,/content/drive/MyDrive/MTG_Instrument_old/dataset/logmel_songs/84/1056584.npy
track_1149699,/content/drive/MyDrive/MTG_Instrument_old/dataset/logmel_songs/99/1149699.npy
track_0729309,/content/drive/MyDrive/MTG_Instrument_old/dataset/logmel_songs/09/729309.npy
track_0371272,/content/drive/MyDrive/MTG_Instrument_old/dataset/logmel_songs/72/371272.npy
track_1088397,/content/drive/MyDrive/MTG_Instrument_old/dataset/logmel_songs/97/1088397.npy
track_1090981,/content/drive/MyDrive/MTG_Instrument_old/dataset/logmel_songs/81/1090981.npy
track_1389166,/content/drive/MyDrive/MTG_Instrument_old/dataset/logmel_songs/66/1389166.npy
track_1416707,/content/drive/MyDrive/MTG_Instrument_old/dataset/logmel_songs/07/1416707.npy
track_1357385,/content/drive/MyDrive/MTG_Instrument_old/dataset/logmel_songs/85/1357385.npy
track_1243731,/content/drive/MyDrive/MTG_Instrument_old/dataset/logmel_songs/31/1243731.npy
track_0461017,/content/drive/MyDrive/MTG_Instrument_old/dataset/logmel_songs/17/461017.npy
track_1156007,/content/drive/MyDrive/MTG_Instrument_old/dataset/logmel_songs/07/1156007.npy
track_1345288,/content/drive/MyDrive/MTG_Instrument_old/dataset/logmel_songs/88/1345288.npy
track_0207506,/content/drive/MyDrive/MTG_Instrument_old/dataset/logmel_songs/06/207506.npy
track_1365284,/content/drive/MyDrive/MTG_Instrument_old/dataset/logmel_songs/84/1365284.npy
track_1164204,/content/drive/MyDrive/MTG_Instrument_old/dataset/logmel_songs/04/1164204.npy
track_1234333,/content/drive/MyDrive/MTG_Instrument_old/dataset/logmel_songs/33/1234333.npy
track_1380665,/content/drive/MyDrive/MTG_Instrument_old/dataset/logmel_songs/65/1380665.npy
track_1248607,/content/drive/MyDrive/MTG_Instrument_old/dataset/logmel_songs/07/1248607.npy
track_1292791,/content/drive/MyDrive/MTG_Instrument_old/dataset/logmel_songs/91/1292791.npy
track_0661498,/content/drive/MyDrive/MTG_Instrument_old/dataset/logmel_songs/98/661498.npy
track_0875083,/content/drive/MyDrive/MTG_Instrument_old/dataset/logmel_songs/83/875083.npy
track_1075454,/content/drive/MyDrive/MTG_Instrument_old/dataset/logmel_songs/54/1075454.npy
track_0518471,/content/drive/MyDrive/MTG_Instrument_old/dataset/logmel_songs/71/518471.npy
track_1355021,/content/drive/MyDrive/MTG_Instrument_old/dataset/logmel_songs/21/1355021.npy
track_0986804,/content/drive/MyDrive/MTG_Instrument_old/dataset/logmel_songs/04/986804.npy
track_1144454,/content/drive/MyDrive/MTG_Instrument_old/dataset/logmel_songs/54/1144454.npy
track_0129967,/content/drive/MyDrive/MTG_Instrument_old/dataset/logmel_songs/67/129967.npy
track_0293157,/content/drive/MyDrive/MTG_Instrument_old/dataset/logmel_songs/57/293157.npy
track_1137418,/content/drive/MyDrive/MTG_Instrument_old/dataset/logmel_songs/18/1137418.npy
track_1178110,/content/drive/MyDrive/MTG_Instrument_old/dataset/logmel_songs/10/1178110.npy
track_1203895,/content/drive/MyDrive/MTG_Instrument_old/dataset/logmel_songs/95/1203895.npy
track_0799822,/content/drive/MyDrive/MTG_Instrument_old/dataset/logmel_songs/22/799822.npy
track_0945019,/content/drive/MyDrive/MTG_Instrument_old/dataset/logmel_songs/19/945019.npy
track_0086256,/content/drive/MyDrive/MTG_Instrument_old/dataset/logmel_songs/56/86256.npy
track_1348469,/content/drive/MyDrive/MTG_Instrument_old/dataset/logmel_songs/69/1348469.npy
track_1376074,/content/drive/MyDrive/MTG_Instrument_old/dataset/logmel_songs/74/1376074.npy
track_1348656,/content/drive/MyDrive/MTG_Instrument_old/dataset/logmel_songs/56/1348656.npy
track_1027882,/content/drive/MyDrive/MTG_Instrument_old/dataset/logmel_songs/82/1027882.npy
track_1400007,/content/drive/MyDrive/MTG_Instrument_old/dataset/logmel_songs/07/1400007.npy
track_0619882,/content/drive/MyDrive/MTG_Instrument_old/dataset/logmel_songs/82/619882.npy
track_0957456,/content/drive/MyDrive/MTG_Instrument_old/dataset/logmel_songs/56/957456.npy
track_1195900,/content/drive/MyDrive/MTG_Instrument_old/dataset/logmel_songs/00/1195900.npy
track_1349483,/content/drive/MyDrive/MTG_Instrument_old/dataset/logmel_songs/83/1349483.npy
track_1234413,/content/drive/MyDrive/MTG_Instrument_old/dataset/logmel_songs/13/1234413.npy
track_0711275,/content/drive/MyDrive/MTG_Instrument_old/dataset/logmel_songs/75/711275.npy
track_1076567,/content/drive/MyDrive/MTG_Instrument_old/dataset/logmel_songs/67/1076567.npy
track_1150348,/content/drive/MyDrive/MTG_Instrument_old/dataset/logmel_songs/48/1150348.npy
track_1264207,/content/drive/MyDrive/MTG_Instrument_old/dataset/logmel_songs/07/1264207.npy
track_1097122,/content/drive/MyDrive/MTG_Instrument_old/dataset/logmel_songs/22/1097122.npy
track_0858545,/content/drive/MyDrive/MTG_Instrument_old/dataset/logmel_songs/45/858545.npy
track_1064324,/content/drive/MyDrive/MTG_Instrument_old/dataset/logmel_songs/24/1064324.npy
track_1186549,/content/drive/MyDrive/MTG_Instrument_old/dataset/logmel_songs/49/1186549.npy
track_0015656,/content/drive/MyDrive/MTG_Instrument_old/dataset/logmel_songs/56/15656.npy
track_1225155,/content/drive/MyDrive/MTG_Instrument_old/dataset/logmel_songs/55/1225155.npy
track_0277846,/content/drive/MyDrive/MTG_Instrument_old/dataset/logmel_songs/46/277846.npy
track_0008564,/content/drive/MyDrive/MTG_Instrument_old/dataset/logmel_songs/64/8564.npy
track_1113639,/content/drive/MyDrive/MTG_Instrument_old/dataset/logmel_songs/39/1113639.npy
track_1289381,/content/drive/MyDrive/MTG_Instrument_old/dataset/logmel_songs/81/1289381.npy
track_0026220,/content/drive/MyDrive/MTG_Instrument_old/dataset/logmel_songs/20/26220.npy
track_1087143,/content/drive/MyDrive/MTG_Instrument_old/dataset/logmel_songs/43/1087143.npy
track_1163315,/content/drive/MyDrive/MTG_Instrument_old/dataset/logmel_songs/15/1163315.npy
track_1158483,/content/drive/MyDrive/MTG_Instrument_old/dataset/logmel_songs/83/1158483.npy
track_0036703,/content/drive/MyDrive/MTG_Instrument_old/dataset/logmel_songs/03/36703.npy
track_0934049,/content/drive/MyDrive/MTG_Instrument_old/dataset/logmel_songs/49/934049.npy
track_1340341,/content/drive/MyDrive/MTG_Instrument_old/dataset/logmel_songs/41/1340341.npy
track_0330212,/content/drive/MyDrive/MTG_Instrument_old/dataset/logmel_songs/12/330212.npy
track_1127560,/content/drive/MyDrive/MTG_Instrument_old/dataset/logmel_songs/60/1127560.npy
track_1088103,/content/drive/MyDrive/MTG_Instrument_old/dataset/logmel_songs/03/1088103.npy
track_1112439,/content/drive/MyDrive/MTG_Instrument_old/dataset/logmel_songs/39/1112439.npy
track_1399583,/content/drive/MyDrive/MTG_Instrument_old/dataset/logmel_songs/83/1399583.npy
track_0353272,/content/drive/MyDrive/MTG_Instrument_old/dataset/logmel_songs/72/353272.npy
track_1248608,/content/drive/MyDrive/MTG_Instrument_old/dataset/logmel_songs/08/1248608.npy
track_1418302,/content/drive/MyDrive/MTG_Instrument_old/dataset/logmel_songs/02/1418302.npy
track_0265519,/content/drive/MyDrive/MTG_Instrument_old/dataset/logmel_songs/19/265519.npy
track_0342262,/content/drive/MyDrive/MTG_Instrument_old/dataset/logmel_songs/62/342262.npy
track_1132269,/content/drive/MyDrive/MTG_Instrument_old/dataset/logmel_songs/69/1132269.npy
track_1287569,/content/drive/MyDrive/MTG_Instrument_old/dataset/logmel_songs/69/1287569.npy
track_1189144,/content/drive/MyDrive/MTG_Instrument_old/dataset/logmel_songs/44/1189144.npy
track_1369722,/content/drive/MyDrive/MTG_Instrument_old/dataset/logmel_songs/22/1369722.npy
track_1393522,/content/drive/MyDrive/MTG_Instrument_old/dataset/logmel_songs/22/1393522.npy
track_1319236,/content/drive/MyDrive/MTG_Instrument_old/dataset/logmel_songs/36/1319236.npy
track_1171568,/content/drive/MyDrive/MTG_Instrument_old/dataset/logmel_songs/68/1171568.npy
track_1270570,/content/drive/MyDrive/MTG_Instrument_old/dataset/logmel_songs/70/1270570.npy
track_1141662,/content/drive/MyDrive/MTG_Instrument_old/dataset/logmel_songs/62/1141662.npy
track_0321963,/content/drive/MyDrive/MTG_Instrument_old/dataset/logmel_songs/63/321963.npy
track_1162021,/content/drive/MyDrive/MTG_Instrument_old/dataset/logmel_songs/21/1162021.npy
track_1159625,/content/drive/MyDrive/MTG_Instrument_old/dataset/logmel_songs/25/1159625.npy
track_1337809,/content/drive/MyDrive/MTG_Instrument_old/dataset/logmel_songs/09/1337809.npy
track_1146588,/content/drive/MyDrive/MTG_Instrument_old/dataset/logmel_songs/88/1146588.npy
track_0965443,/content/drive/MyDrive/MTG_Instrument_old/dataset/logmel_songs/43/965443.npy
track_1101585,/content/drive/MyDrive/MTG_Instrument_old/dataset/logmel_songs/85/1101585.npy
track_1389032,/content/drive/MyDrive/MTG_Instrument_old/dataset/logmel_songs/32/1389032.npy
track_0150790,/content/drive/MyDrive/MTG_Instrument_old/dataset/logmel_songs/90/150790.npy
track_1159702,/content/drive/MyDrive/MTG_Instrument_old/dataset/logmel_songs/02/1159702.npy
track_1328162,/content/drive/MyDrive/MTG_Instrument_old/dataset/logmel_songs/62/1328162.npy
track_1155893,/content/drive/MyDrive/MTG_Instrument_old/dataset/logmel_songs/93/1155893.npy
track_0328898,/content/drive/MyDrive/MTG_Instrument_old/dataset/logmel_songs/98/328898.npy
track_1170409,/content/drive/MyDrive/MTG_Instrument_old/dataset/logmel_songs/09/1170409.npy
track_1085332,/content/drive/MyDrive/MTG_Instrument_old/dataset/logmel_songs/32/1085332.npy
track_1137241,/content/drive/MyDrive/MTG_Instrument_old/dataset/logmel_songs/41/1137241.npy
track_0806978,/content/drive/MyDrive/MTG_Instrument_old/dataset/logmel_songs/78/806978.npy
track_1074318,/content/drive/MyDrive/MTG_Instrument_old/dataset/logmel_songs/18/1074318.npy
track_0565810,/content/drive/MyDrive/MTG_Instrument_old/dataset/logmel_songs/10/565810.npy
track_1067259,/content/drive/MyDrive/MTG_Instrument_old/dataset/logmel_songs/59/1067259.npy
track_1190441,/content/drive/MyDrive/MTG_Instrument_old/dataset/logmel_songs/41/1190441.npy
track_0667859,/content/drive/MyDrive/MTG_Instrument_old/dataset/logmel_songs/59/667859.npy
track_0114772,/content/drive/MyDrive/MTG_Instrument_old/dataset/logmel_songs/72/114772.npy
track_1303037,/content/drive/MyDrive/MTG_Instrument_old/dataset/logmel_songs/37/1303037.npy
track_0847332,/content/drive/MyDrive/MTG_Instrument_old/dataset/logmel_songs/32/847332.npy
track_1075202,/content/drive/MyDrive/MTG_Instrument_old/dataset/logmel_songs/02/1075202.npy
track_1096815,/content/drive/MyDrive/MTG_Instrument_old/dataset/logmel_songs/15/1096815.npy
track_0992068,/content/drive/MyDrive/MTG_Instrument_old/dataset/logmel_songs/68/992068.npy
track_1168558,/content/drive/MyDrive/MTG_Instrument_old/dataset/logmel_songs/58/1168558.npy
track_0151094,/content/drive/MyDrive/MTG_Instrument_old/dataset/logmel_songs/94/151094.npy
track_0476786,/content/drive/MyDrive/MTG_Instrument_old/dataset/logmel_songs/86/476786.npy
track_1384684,/content/drive/MyDrive/MTG_Instrument_old/dataset/logmel_songs/84/1384684.npy
track_1080565,/content/drive/MyDrive/MTG_Instrument_old/dataset/logmel_songs/65/1080565.npy
track_0373353,/content/drive/MyDrive/MTG_Instrument_old/dataset/logmel_songs/53/373353.npy
track_0152604,/content/drive/MyDrive/MTG_Instrument_old/dataset/logmel_songs/04/152604.npy
track_1371493,/content/drive/MyDrive/MTG_Instrument_old/dataset/logmel_songs/93/1371493.npy
track_1007745,/content/drive/MyDrive/MTG_Instrument_old/dataset/logmel_songs/45/1007745.npy
track_0037814,/content/drive/MyDrive/MTG_Instrument_old/dataset/logmel_songs/14/37814.npy
track_1155221,/content/drive/MyDrive/MTG_Instrument_old/dataset/logmel_songs/21/1155221.npy
track_1387493,/content/drive/MyDrive/MTG_Instrument_old/dataset/logmel_songs/93/1387493.npy
track_1157021,/content/drive/MyDrive/MTG_Instrument_old/dataset/logmel_songs/21/1157021.npy
track_0243794,/content/drive/MyDrive/MTG_Instrument_old/dataset/logmel_songs/94/243794.npy
track_0081810,/content/drive/MyDrive/MTG_Instrument_old/dataset/logmel_songs/10/81810.npy
track_1160272,/content/drive/MyDrive/MTG_Instrument_old/dataset/logmel_songs/72/1160272.npy
track_1122128,/content/drive/MyDrive/MTG_Instrument_old/dataset/logmel_songs/28/1122128.npy
track_0785624,/content/drive/MyDrive/MTG_Instrument_old/dataset/logmel_songs/24/785624.npy
track_0585155,/content/drive/MyDrive/MTG_Instrument_old/dataset/logmel_songs/55/585155.npy
track_1075924,/content/drive/MyDrive/MTG_Instrument_old/dataset/logmel_songs/24/1075924.npy
track_0603758,/content/drive/MyDrive/MTG_Instrument_old/dataset/logmel_songs/58/603758.npy
track_1090143,/content/drive/MyDrive/MTG_Instrument_old/dataset/logmel_songs/43/1090143.npy
track_1102225,/content/drive/MyDrive/MTG_Instrument_old/dataset/logmel_songs/25/1102225.npy
track_0740993,/content/drive/MyDrive/MTG_Instrument_old/dataset/logmel_songs/93/740993.npy
track_0048725,/content/drive/MyDrive/MTG_Instrument_old/dataset/logmel_songs/25/48725.npy
track_1389364,/content/drive/MyDrive/MTG_Instrument_old/dataset/logmel_songs/64/1389364.npy
track_1093793,/content/drive/MyDrive/MTG_Instrument_old/dataset/logmel_songs/93/1093793.npy
track_0247281,/content/drive/MyDrive/MTG_Instrument_old/dataset/logmel_songs/81/247281.npy
track_0293173,/content/drive/MyDrive/MTG_Instrument_old/dataset/logmel_songs/73/293173.npy
track_1320021,/content/drive/MyDrive/MTG_Instrument_old/dataset/logmel_songs/21/1320021.npy
track_1045881,/content/drive/MyDrive/MTG_Instrument_old/dataset/logmel_songs/81/1045881.npy
track_1039520,/content/drive/MyDrive/MTG_Instrument_old/dataset/logmel_songs/20/1039520.npy
track_1340340,/content/drive/MyDrive/MTG_Instrument_old/dataset/logmel_songs/40/1340340.npy
track_1375198,/content/drive/MyDrive/MTG_Instrument_old/dataset/logmel_songs/98/1375198.npy
track_0965438,/content/drive/MyDrive/MTG_Instrument_old/dataset/logmel_songs/38/965438.npy
track_1138693,/content/drive/MyDrive/MTG_Instrument_old/dataset/logmel_songs/93/1138693.npy
track_1369956,/content/drive/MyDrive/MTG_Instrument_old/dataset/logmel_songs/56/1369956.npy
track_1086640,/content/drive/MyDrive/MTG_Instrument_old/dataset/logmel_songs/40/1086640.npy
track_0292852,/content/drive/MyDrive/MTG_Instrument_old/dataset/logmel_songs/52/292852.npy
track_1384191,/content/drive/MyDrive/MTG_Instrument_old/dataset/logmel_songs/91/1384191.npy
track_1051174,/content/drive/MyDrive/MTG_Instrument_old/dataset/logmel_songs/74/1051174.npy
track_1194313,/content/drive/MyDrive/MTG_Instrument_old/dataset/logmel_songs/13/1194313.npy
track_0711265,/content/drive/MyDrive/MTG_Instrument_old/dataset/logmel_songs/65/711265.npy
track_0151044,/content/drive/MyDrive/MTG_Instrument_old/dataset/logmel_songs/44/151044.npy
track_1365934,/content/drive/MyDrive/MTG_Instrument_old/dataset/logmel_songs/34/1365934.npy
track_1129650,/content/drive/MyDrive/MTG_Instrument_old/dataset/logmel_songs/50/1129650.npy
track_0230830,/content/drive/MyDrive/MTG_Instrument_old/dataset/logmel_songs/30/230830.npy
track_1132262,/content/drive/MyDrive/MTG_Instrument_old/dataset/logmel_songs/62/1132262.npy
track_1137252,/content/drive/MyDrive/MTG_Instrument_old/dataset/logmel_songs/52/1137252.npy
track_1113640,/content/drive/MyDrive/MTG_Instrument_old/dataset/logmel_songs/40/1113640.npy
track_1374949,/content/drive/MyDrive/MTG_Instrument_old/dataset/logmel_songs/49/1374949.npy
track_1292795,/content/drive/MyDrive/MTG_Instrument_old/dataset/logmel_songs/95/1292795.npy
track_0802323,/content/drive/MyDrive/MTG_Instrument_old/dataset/logmel_songs/23/802323.npy
track_1123292,/content/drive/MyDrive/MTG_Instrument_old/dataset/logmel_songs/92/1123292.npy
track_0459357,/content/drive/MyDrive/MTG_Instrument_old/dataset/logmel_songs/57/459357.npy
track_1222624,/content/drive/MyDrive/MTG_Instrument_old/dataset/logmel_songs/24/1222624.npy
track_1162978,/content/drive/MyDrive/MTG_Instrument_old/dataset/logmel_songs/78/1162978.npy
track_0694644,/content/drive/MyDrive/MTG_Instrument_old/dataset/logmel_songs/44/694644.npy
track_1396603,/content/drive/MyDrive/MTG_Instrument_old/dataset/logmel_songs/03/1396603.npy
track_1104889,/content/drive/MyDrive/MTG_Instrument_old/dataset/logmel_songs/89/1104889.npy
track_1070643,/content/drive/MyDrive/MTG_Instrument_old/dataset/logmel_songs/43/1070643.npy
track_0919476,/content/drive/MyDrive/MTG_Instrument_old/dataset/logmel_songs/76/919476.npy
track_1137243,/content/drive/MyDrive/MTG_Instrument_old/dataset/logmel_songs/43/1137243.npy
track_0941155,/content/drive/MyDrive/MTG_Instrument_old/dataset/logmel_songs/55/941155.npy
track_1320587,/content/drive/MyDrive/MTG_Instrument_old/dataset/logmel_songs/87/1320587.npy
track_1270631,/content/drive/MyDrive/MTG_Instrument_old/dataset/logmel_songs/31/1270631.npy
track_0073073,/content/drive/MyDrive/MTG_Instrument_old/dataset/logmel_songs/73/73073.npy
track_1164337,/content/drive/MyDrive/MTG_Instrument_old/dataset/logmel_songs/37/1164337.npy
track_1098423,/content/drive/MyDrive/MTG_Instrument_old/dataset/logmel_songs/23/1098423.npy
track_0088561,/content/drive/MyDrive/MTG_Instrument_old/dataset/logmel_songs/61/88561.npy
track_1181577,/content/drive/MyDrive/MTG_Instrument_old/dataset/logmel_songs/77/1181577.npy
track_1347935,/content/drive/MyDrive/MTG_Instrument_old/dataset/logmel_songs/35/1347935.npy
track_1396101,/content/drive/MyDrive/MTG_Instrument_old/dataset/logmel_songs/01/1396101.npy
track_1195897,/content/drive/MyDrive/MTG_Instrument_old/dataset/logmel_songs/97/1195897.npy
track_1346106,/content/drive/MyDrive/MTG_Instrument_old/dataset/logmel_songs/06/1346106.npy
track_1158119,/content/drive/MyDrive/MTG_Instrument_old/dataset/logmel_songs/19/1158119.npy
track_1125823,/content/drive/MyDrive/MTG_Instrument_old/dataset/logmel_songs/23/1125823.npy
track_1067695,/content/drive/MyDrive/MTG_Instrument_old/dataset/logmel_songs/95/1067695.npy
track_0780394,/content/drive/MyDrive/MTG_Instrument_old/dataset/logmel_songs/94/780394.npy
track_0941157,/content/drive/MyDrive/MTG_Instrument_old/dataset/logmel_songs/57/941157.npy
track_1172565,/content/drive/MyDrive/MTG_Instrument_old/dataset/logmel_songs/65/1172565.npy
track_1155894,/content/drive/MyDrive/MTG_Instrument_old/dataset/logmel_songs/94/1155894.npy
track_0123481,/content/drive/MyDrive/MTG_Instrument_old/dataset/logmel_songs/81/123481.npy
track_1369046,/content/drive/MyDrive/MTG_Instrument_old/dataset/logmel_songs/46/1369046.npy
track_0976816,/content/drive/MyDrive/MTG_Instrument_old/dataset/logmel_songs/16/976816.npy
track_1273904,/content/drive/MyDrive/MTG_Instrument_old/dataset/logmel_songs/04/1273904.npy
track_0082423,/content/drive/MyDrive/MTG_Instrument_old/dataset/logmel_songs/23/82423.npy
track_0811239,/content/drive/MyDrive/MTG_Instrument_old/dataset/logmel_songs/39/811239.npy
track_0571473,/content/drive/MyDrive/MTG_Instrument_old/dataset/logmel_songs/73/571473.npy
track_1295411,/content/drive/MyDrive/MTG_Instrument_old/dataset/logmel_songs/11/1295411.npy
track_1159621,/content/drive/MyDrive/MTG_Instrument_old/dataset/logmel_songs/21/1159621.npy
track_1330447,/content/drive/MyDrive/MTG_Instrument_old/dataset/logmel_songs/47/1330447.npy
track_1380677,/content/drive/MyDrive/MTG_Instrument_old/dataset/logmel_songs/77/1380677.npy
track_1374303,/content/drive/MyDrive/MTG_Instrument_old/dataset/logmel_songs/03/1374303.npy
track_0888633,/content/drive/MyDrive/MTG_Instrument_old/dataset/logmel_songs/33/888633.npy
track_1129332,/content/drive/MyDrive/MTG_Instrument_old/dataset/logmel_songs/32/1129332.npy
track_1203392,/content/drive/MyDrive/MTG_Instrument_old/dataset/logmel_songs/92/1203392.npy
track_1077822,/content/drive/MyDrive/MTG_Instrument_old/dataset/logmel_songs/22/1077822.npy
track_1372872,/content/drive/MyDrive/MTG_Instrument_old/dataset/logmel_songs/72/1372872.npy
track_0151154,/content/drive/MyDrive/MTG_Instrument_old/dataset/logmel_songs/54/151154.npy
track_1277912,/content/drive/MyDrive/MTG_Instrument_old/dataset/logmel_songs/12/1277912.npy
track_1243723,/content/drive/MyDrive/MTG_Instrument_old/dataset/logmel_songs/23/1243723.npy
track_1027883,/content/drive/MyDrive/MTG_Instrument_old/dataset/logmel_songs/83/1027883.npy
track_0242906,/content/drive/MyDrive/MTG_Instrument_old/dataset/logmel_songs/06/242906.npy
track_1320026,/content/drive/MyDrive/MTG_Instrument_old/dataset/logmel_songs/26/1320026.npy
track_1357457,/content/drive/MyDrive/MTG_Instrument_old/dataset/logmel_songs/57/1357457.npy
track_1322187,/content/drive/MyDrive/MTG_Instrument_old/dataset/logmel_songs/87/1322187.npy
track_0043176,/content/drive/MyDrive/MTG_Instrument_old/dataset/logmel_songs/76/43176.npy
track_1225309,/content/drive/MyDrive/MTG_Instrument_old/dataset/logmel_songs/09/1225309.npy
track_0721199,/content/drive/MyDrive/MTG_Instrument_old/dataset/logmel_songs/99/721199.npy
track_1075928,/content/drive/MyDrive/MTG_Instrument_old/dataset/logmel_songs/28/1075928.npy
track_1394753,/content/drive/MyDrive/MTG_Instrument_old/dataset/logmel_songs/53/1394753.npy
track_0913699,/content/drive/MyDrive/MTG_Instrument_old/dataset/logmel_songs/99/913699.npy
track_1171144,/content/drive/MyDrive/MTG_Instrument_old/dataset/logmel_songs/44/1171144.npy
track_0902755,/content/drive/MyDrive/MTG_Instrument_old/dataset/logmel_songs/55/902755.npy
track_1208808,/content/drive/MyDrive/MTG_Instrument_old/dataset/logmel_songs/08/1208808.npy
track_1151198,/content/drive/MyDrive/MTG_Instrument_old/dataset/logmel_songs/98/1151198.npy
track_1314542,/content/drive/MyDrive/MTG_Instrument_old/dataset/logmel_songs/42/1314542.npy
track_1235167,/content/drive/MyDrive/MTG_Instrument_old/dataset/logmel_songs/67/1235167.npy
track_0114781,/content/drive/MyDrive/MTG_Instrument_old/dataset/logmel_songs/81/114781.npy
track_1252983,/content/drive/MyDrive/MTG_Instrument_old/dataset/logmel_songs/83/1252983.npy
track_1110370,/content/drive/MyDrive/MTG_Instrument_old/dataset/logmel_songs/70/1110370.npy
track_0956243,/content/drive/MyDrive/MTG_Instrument_old/dataset/logmel_songs/43/956243.npy
track_1187350,/content/drive/MyDrive/MTG_Instrument_old/dataset/logmel_songs/50/1187350.npy
track_0032317,/content/drive/MyDrive/MTG_Instrument_old/dataset/logmel_songs/17/32317.npy
track_0715788,/content/drive/MyDrive/MTG_Instrument_old/dataset/logmel_songs/88/715788.npy
track_1323012,/content/drive/MyDrive/MTG_Instrument_old/dataset/logmel_songs/12/1323012.npy
track_1159618,/content/drive/MyDrive/MTG_Instrument_old/dataset/logmel_songs/18/1159618.npy
track_0902713,/content/drive/MyDrive/MTG_Instrument_old/dataset/logmel_songs/13/902713.npy
track_1075184,/content/drive/MyDrive/MTG_Instrument_old/dataset/logmel_songs/84/1075184.npy
track_1202192,/content/drive/MyDrive/MTG_Instrument_old/dataset/logmel_songs/92/1202192.npy
track_1417904,/content/drive/MyDrive/MTG_Instrument_old/dataset/logmel_songs/04/1417904.npy
track_0236348,/content/drive/MyDrive/MTG_Instrument_old/dataset/logmel_songs/48/236348.npy
track_1396257,/content/drive/MyDrive/MTG_Instrument_old/dataset/logmel_songs/57/1396257.npy
track_0305531,/content/drive/MyDrive/MTG_Instrument_old/dataset/logmel_songs/31/305531.npy
track_1418411,/content/drive/MyDrive/MTG_Instrument_old/dataset/logmel_songs/11/1418411.npy
track_1327811,/content/drive/MyDrive/MTG_Instrument_old/dataset/logmel_songs/11/1327811.npy
track_1227222,/content/drive/MyDrive/MTG_Instrument_old/dataset/logmel_songs/22/1227222.npy
track_1055321,/content/drive/MyDrive/MTG_Instrument_old/dataset/logmel_songs/21/1055321.npy
track_1271483,/content/drive/MyDrive/MTG_Instrument_old/dataset/logmel_songs/83/1271483.npy
track_1057809,/content/drive/MyDrive/MTG_Instrument_old/dataset/logmel_songs/09/1057809.npy
track_0466285,/content/drive/MyDrive/MTG_Instrument_old/dataset/logmel_songs/85/466285.npy
track_0644847,/content/drive/MyDrive/MTG_Instrument_old/dataset/logmel_songs/47/644847.npy
track_1126036,/content/drive/MyDrive/MTG_Instrument_old/dataset/logmel_songs/36/1126036.npy
track_0890975,/content/drive/MyDrive/MTG_Instrument_old/dataset/logmel_songs/75/890975.npy
track_0962585,/content/drive/MyDrive/MTG_Instrument_old/dataset/logmel_songs/85/962585.npy
track_1177396,/content/drive/MyDrive/MTG_Instrument_old/dataset/logmel_songs/96/1177396.npy
track_0034519,/content/drive/MyDrive/MTG_Instrument_old/dataset/logmel_songs/19/34519.npy
track_0482193,/content/drive/MyDrive/MTG_Instrument_old/dataset/logmel_songs/93/482193.npy
track_1080204,/content/drive/MyDrive/MTG_Instrument_old/dataset/logmel_songs/04/1080204.npy
track_1250205,/content/drive/MyDrive/MTG_Instrument_old/dataset/logmel_songs/05/1250205.npy
track_1337807,/content/drive/MyDrive/MTG_Instrument_old/dataset/logmel_songs/07/1337807.npy
track_0172814,/content/drive/MyDrive/MTG_Instrument_old/dataset/logmel_songs/14/172814.npy
track_0209232,/content/drive/MyDrive/MTG_Instrument_old/dataset/logmel_songs/32/209232.npy
track_1027606,/content/drive/MyDrive/MTG_Instrument_old/dataset/logmel_songs/06/1027606.npy
track_0108580,/content/drive/MyDrive/MTG_Instrument_old/dataset/logmel_songs/80/108580.npy
track_0939257,/content/drive/MyDrive/MTG_Instrument_old/dataset/logmel_songs/57/939257.npy
track_1110490,/content/drive/MyDrive/MTG_Instrument_old/dataset/logmel_songs/90/1110490.npy
track_1193569,/content/drive/MyDrive/MTG_Instrument_old/dataset/logmel_songs/69/1193569.npy
track_1353974,/content/drive/MyDrive/MTG_Instrument_old/dataset/logmel_songs/74/1353974.npy
track_1381591,/content/drive/MyDrive/MTG_Instrument_old/dataset/logmel_songs/91/1381591.npy
track_1137236,/content/drive/MyDrive/MTG_Instrument_old/dataset/logmel_songs/36/1137236.npy
track_1084375,/content/drive/MyDrive/MTG_Instrument_old/dataset/logmel_songs/75/1084375.npy
track_1340795,/content/drive/MyDrive/MTG_Instrument_old/dataset/logmel_songs/95/1340795.npy
track_1063331,/content/drive/MyDrive/MTG_Instrument_old/dataset/logmel_songs/31/1063331.npy
track_1122005,/content/drive/MyDrive/MTG_Instrument_old/dataset/logmel_songs/05/1122005.npy
track_1027878,/content/drive/MyDrive/MTG_Instrument_old/dataset/logmel_songs/78/1027878.npy
track_0758070,/content/drive/MyDrive/MTG_Instrument_old/dataset/logmel_songs/70/758070.npy
track_1114039,/content/drive/MyDrive/MTG_Instrument_old/dataset/logmel_songs/39/1114039.npy
track_1208250,/content/drive/MyDrive/MTG_Instrument_old/dataset/logmel_songs/50/1208250.npy
track_1039576,/content/drive/MyDrive/MTG_Instrument_old/dataset/logmel_songs/76/1039576.npy
track_1274243,/content/drive/MyDrive/MTG_Instrument_old/dataset/logmel_songs/43/1274243.npy
track_1393409,/content/drive/MyDrive/MTG_Instrument_old/dataset/logmel_songs/09/1393409.npy
track_1339446,/content/drive/MyDrive/MTG_Instrument_old/dataset/logmel_songs/46/1339446.npy
track_1247375,/content/drive/MyDrive/MTG_Instrument_old/dataset/logmel_songs/75/1247375.npy
track_1282103,/content/drive/MyDrive/MTG_Instrument_old/dataset/logmel_songs/03/1282103.npy
track_1360760,/content/drive/MyDrive/MTG_Instrument_old/dataset/logmel_songs/60/1360760.npy
track_0728042,/content/drive/MyDrive/MTG_Instrument_old/dataset/logmel_songs/42/728042.npy
track_1078363,/content/drive/MyDrive/MTG_Instrument_old/dataset/logmel_songs/63/1078363.npy
track_1339385,/content/drive/MyDrive/MTG_Instrument_old/dataset/logmel_songs/85/1339385.npy
track_1061372,/content/drive/MyDrive/MTG_Instrument_old/dataset/logmel_songs/72/1061372.npy
track_0802284,/content/drive/MyDrive/MTG_Instrument_old/dataset/logmel_songs/84/802284.npy
track_1077728,/content/drive/MyDrive/MTG_Instrument_old/dataset/logmel_songs/28/1077728.npy
track_1245170,/content/drive/MyDrive/MTG_Instrument_old/dataset/logmel_songs/70/1245170.npy
track_1015045,/content/drive/MyDrive/MTG_Instrument_old/dataset/logmel_songs/45/1015045.npy
track_1234506,/content/drive/MyDrive/MTG_Instrument_old/dataset/logmel_songs/06/1234506.npy
track_0944154,/content/drive/MyDrive/MTG_Instrument_old/dataset/logmel_songs/54/944154.npy
track_1107043,/content/drive/MyDrive/MTG_Instrument_old/dataset/logmel_songs/43/1107043.npy
track_0802181,/content/drive/MyDrive/MTG_Instrument_old/dataset/logmel_songs/81/802181.npy
track_1341041,/content/drive/MyDrive/MTG_Instrument_old/dataset/logmel_songs/41/1341041.npy
track_1128221,/content/drive/MyDrive/MTG_Instrument_old/dataset/logmel_songs/21/1128221.npy
track_1165476,/content/drive/MyDrive/MTG_Instrument_old/dataset/logmel_songs/76/1165476.npy
track_1329523,/content/drive/MyDrive/MTG_Instrument_old/dataset/logmel_songs/23/1329523.npy
track_1066658,/content/drive/MyDrive/MTG_Instrument_old/dataset/logmel_songs/58/1066658.npy
track_1092333,/content/drive/MyDrive/MTG_Instrument_old/dataset/logmel_songs/33/1092333.npy
track_0859220,/content/drive/MyDrive/MTG_Instrument_old/dataset/logmel_songs/20/859220.npy
track_1172557,/content/drive/MyDrive/MTG_Instrument_old/dataset/logmel_songs/57/1172557.npy
track_0135825,/content/drive/MyDrive/MTG_Instrument_old/dataset/logmel_songs/25/135825.npy
track_1250762,/content/drive/MyDrive/MTG_Instrument_old/dataset/logmel_songs/62/1250762.npy
track_1163588,/content/drive/MyDrive/MTG_Instrument_old/dataset/logmel_songs/88/1163588.npy
track_1109865,/content/drive/MyDrive/MTG_Instrument_old/dataset/logmel_songs/65/1109865.npy
track_0081188,/content/drive/MyDrive/MTG_Instrument_old/dataset/logmel_songs/88/81188.npy
track_1092337,/content/drive/MyDrive/MTG_Instrument_old/dataset/logmel_songs/37/1092337.npy
track_0873550,/content/drive/MyDrive/MTG_Instrument_old/dataset/logmel_songs/50/873550.npy
track_1374699,/content/drive/MyDrive/MTG_Instrument_old/dataset/logmel_songs/99/1374699.npy
track_1066204,/content/drive/MyDrive/MTG_Instrument_old/dataset/logmel_songs/04/1066204.npy
track_0461018,/content/drive/MyDrive/MTG_Instrument_old/dataset/logmel_songs/18/461018.npy
track_1342722,/content/drive/MyDrive/MTG_Instrument_old/dataset/logmel_songs/22/1342722.npy
track_0939249,/content/drive/MyDrive/MTG_Instrument_old/dataset/logmel_songs/49/939249.npy
track_0096815,/content/drive/MyDrive/MTG_Instrument_old/dataset/logmel_songs/15/96815.npy
track_1156089,/content/drive/MyDrive/MTG_Instrument_old/dataset/logmel_songs/89/1156089.npy
track_1110300,/content/drive/MyDrive/MTG_Instrument_old/dataset/logmel_songs/00/1110300.npy
track_1375202,/content/drive/MyDrive/MTG_Instrument_old/dataset/logmel_songs/02/1375202.npy
track_1053494,/content/drive/MyDrive/MTG_Instrument_old/dataset/logmel_songs/94/1053494.npy
track_1149222,/content/drive/MyDrive/MTG_Instrument_old/dataset/logmel_songs/22/1149222.npy
track_1147272,/content/drive/MyDrive/MTG_Instrument_old/dataset/logmel_songs/72/1147272.npy
track_1189915,/content/drive/MyDrive/MTG_Instrument_old/dataset/logmel_songs/15/1189915.npy
track_0938364,/content/drive/MyDrive/MTG_Instrument_old/dataset/logmel_songs/64/938364.npy
track_0008561,/content/drive/MyDrive/MTG_Instrument_old/dataset/logmel_songs/61/8561.npy
track_1283377,/content/drive/MyDrive/MTG_Instrument_old/dataset/logmel_songs/77/1283377.npy
track_1133342,/content/drive/MyDrive/MTG_Instrument_old/dataset/logmel_songs/42/1133342.npy
track_0323684,/content/drive/MyDrive/MTG_Instrument_old/dataset/logmel_songs/84/323684.npy
track_1129661,/content/drive/MyDrive/MTG_Instrument_old/dataset/logmel_songs/61/1129661.npy
track_1159693,/content/drive/MyDrive/MTG_Instrument_old/dataset/logmel_songs/93/1159693.npy
track_1159661,/content/drive/MyDrive/MTG_Instrument_old/dataset/logmel_songs/61/1159661.npy
track_0078732,/content/drive/MyDrive/MTG_Instrument_old/dataset/logmel_songs/32/78732.npy
track_1070609,/content/drive/MyDrive/MTG_Instrument_old/dataset/logmel_songs/09/1070609.npy
track_1364940,/content/drive/MyDrive/MTG_Instrument_old/dataset/logmel_songs/40/1364940.npy
track_1085331,/content/drive/MyDrive/MTG_Instrument_old/dataset/logmel_songs/31/1085331.npy
track_1078824,/content/drive/MyDrive/MTG_Instrument_old/dataset/logmel_songs/24/1078824.npy
track_1156320,/content/drive/MyDrive/MTG_Instrument_old/dataset/logmel_songs/20/1156320.npy
track_1095479,/content/drive/MyDrive/MTG_Instrument_old/dataset/logmel_songs/79/1095479.npy
track_0491053,/content/drive/MyDrive/MTG_Instrument_old/dataset/logmel_songs/53/491053.npy
track_1178802,/content/drive/MyDrive/MTG_Instrument_old/dataset/logmel_songs/02/1178802.npy
track_1212789,/content/drive/MyDrive/MTG_Instrument_old/dataset/logmel_songs/89/1212789.npy
track_1022638,/content/drive/MyDrive/MTG_Instrument_old/dataset/logmel_songs/38/1022638.npy
track_1122852,/content/drive/MyDrive/MTG_Instrument_old/dataset/logmel_songs/52/1122852.npy
track_1075201,/content/drive/MyDrive/MTG_Instrument_old/dataset/logmel_songs/01/1075201.npy
track_0640122,/content/drive/MyDrive/MTG_Instrument_old/dataset/logmel_songs/22/640122.npy
track_0075176,/content/drive/MyDrive/MTG_Instrument_old/dataset/logmel_songs/76/75176.npy
track_1217516,/content/drive/MyDrive/MTG_Instrument_old/dataset/logmel_songs/16/1217516.npy
track_1221583,/content/drive/MyDrive/MTG_Instrument_old/dataset/logmel_songs/83/1221583.npy
track_1204670,/content/drive/MyDrive/MTG_Instrument_old/dataset/logmel_songs/70/1204670.npy
track_1225500,/content/drive/MyDrive/MTG_Instrument_old/dataset/logmel_songs/00/1225500.npy
track_1168163,/content/drive/MyDrive/MTG_Instrument_old/dataset/logmel_songs/63/1168163.npy
track_1112019,/content/drive/MyDrive/MTG_Instrument_old/dataset/logmel_songs/19/1112019.npy
track_1053496,/content/drive/MyDrive/MTG_Instrument_old/dataset/logmel_songs/96/1053496.npy
track_1339219,/content/drive/MyDrive/MTG_Instrument_old/dataset/logmel_songs/19/1339219.npy
track_1149239,/content/drive/MyDrive/MTG_Instrument_old/dataset/logmel_songs/39/1149239.npy
track_0661752,/content/drive/MyDrive/MTG_Instrument_old/dataset/logmel_songs/52/661752.npy
track_1177895,/content/drive/MyDrive/MTG_Instrument_old/dataset/logmel_songs/95/1177895.npy
track_1037835,/content/drive/MyDrive/MTG_Instrument_old/dataset/logmel_songs/35/1037835.npy
track_0448681,/content/drive/MyDrive/MTG_Instrument_old/dataset/logmel_songs/81/448681.npy
track_1118385,/content/drive/MyDrive/MTG_Instrument_old/dataset/logmel_songs/85/1118385.npy
track_1307836,/content/drive/MyDrive/MTG_Instrument_old/dataset/logmel_songs/36/1307836.npy
track_0962729,/content/drive/MyDrive/MTG_Instrument_old/dataset/logmel_songs/29/962729.npy
track_1414396,/content/drive/MyDrive/MTG_Instrument_old/dataset/logmel_songs/96/1414396.npy
track_1149223,/content/drive/MyDrive/MTG_Instrument_old/dataset/logmel_songs/23/1149223.npy
track_0603750,/content/drive/MyDrive/MTG_Instrument_old/dataset/logmel_songs/50/603750.npy
track_1270605,/content/drive/MyDrive/MTG_Instrument_old/dataset/logmel_songs/05/1270605.npy
track_0667860,/content/drive/MyDrive/MTG_Instrument_old/dataset/logmel_songs/60/667860.npy
track_1320019,/content/drive/MyDrive/MTG_Instrument_old/dataset/logmel_songs/19/1320019.npy
track_0984752,/content/drive/MyDrive/MTG_Instrument_old/dataset/logmel_songs/52/984752.npy
track_0921507,/content/drive/MyDrive/MTG_Instrument_old/dataset/logmel_songs/07/921507.npy
track_1162095,/content/drive/MyDrive/MTG_Instrument_old/dataset/logmel_songs/95/1162095.npy
track_0710259,/content/drive/MyDrive/MTG_Instrument_old/dataset/logmel_songs/59/710259.npy
track_0989871,/content/drive/MyDrive/MTG_Instrument_old/dataset/logmel_songs/71/989871.npy
track_1075171,/content/drive/MyDrive/MTG_Instrument_old/dataset/logmel_songs/71/1075171.npy
track_0166587,/content/drive/MyDrive/MTG_Instrument_old/dataset/logmel_songs/87/166587.npy
track_1174877,/content/drive/MyDrive/MTG_Instrument_old/dataset/logmel_songs/77/1174877.npy
track_0965319,/content/drive/MyDrive/MTG_Instrument_old/dataset/logmel_songs/19/965319.npy
track_1158185,/content/drive/MyDrive/MTG_Instrument_old/dataset/logmel_songs/85/1158185.npy
track_1121415,/content/drive/MyDrive/MTG_Instrument_old/dataset/logmel_songs/15/1121415.npy
track_0836024,/content/drive/MyDrive/MTG_Instrument_old/dataset/logmel_songs/24/836024.npy
track_1272517,/content/drive/MyDrive/MTG_Instrument_old/dataset/logmel_songs/17/1272517.npy
track_1029333,/content/drive/MyDrive/MTG_Instrument_old/dataset/logmel_songs/33/1029333.npy
track_1300045,/content/drive/MyDrive/MTG_Instrument_old/dataset/logmel_songs/45/1300045.npy
track_0537758,/content/drive/MyDrive/MTG_Instrument_old/dataset/logmel_songs/58/537758.npy
track_1364624,/content/drive/MyDrive/MTG_Instrument_old/dataset/logmel_songs/24/1364624.npy
track_0766434,/content/drive/MyDrive/MTG_Instrument_old/dataset/logmel_songs/34/766434.npy
track_0734510,/content/drive/MyDrive/MTG_Instrument_old/dataset/logmel_songs/10/734510.npy
track_1046467,/content/drive/MyDrive/MTG_Instrument_old/dataset/logmel_songs/67/1046467.npy
track_1080220,/content/drive/MyDrive/MTG_Instrument_old/dataset/logmel_songs/20/1080220.npy
track_1157351,/content/drive/MyDrive/MTG_Instrument_old/dataset/logmel_songs/51/1157351.npy
track_1332192,/content/drive/MyDrive/MTG_Instrument_old/dataset/logmel_songs/92/1332192.npy
track_0686755,/content/drive/MyDrive/MTG_Instrument_old/dataset/logmel_songs/55/686755.npy
track_1280191,/content/drive/MyDrive/MTG_Instrument_old/dataset/logmel_songs/91/1280191.npy
track_1072572,/content/drive/MyDrive/MTG_Instrument_old/dataset/logmel_songs/72/1072572.npy
track_0453823,/content/drive/MyDrive/MTG_Instrument_old/dataset/logmel_songs/23/453823.npy
track_1374300,/content/drive/MyDrive/MTG_Instrument_old/dataset/logmel_songs/00/1374300.npy
track_1189652,/content/drive/MyDrive/MTG_Instrument_old/dataset/logmel_songs/52/1189652.npy
track_1380651,/content/drive/MyDrive/MTG_Instrument_old/dataset/logmel_songs/51/1380651.npy
track_0242902,/content/drive/MyDrive/MTG_Instrument_old/dataset/logmel_songs/02/242902.npy
track_1156129,/content/drive/MyDrive/MTG_Instrument_old/dataset/logmel_songs/29/1156129.npy
track_1189918,/content/drive/MyDrive/MTG_Instrument_old/dataset/logmel_songs/18/1189918.npy
track_1072571,/content/drive/MyDrive/MTG_Instrument_old/dataset/logmel_songs/71/1072571.npy
track_0921758,/content/drive/MyDrive/MTG_Instrument_old/dataset/logmel_songs/58/921758.npy
track_1313457,/content/drive/MyDrive/MTG_Instrument_old/dataset/logmel_songs/57/1313457.npy
track_0977854,/content/drive/MyDrive/MTG_Instrument_old/dataset/logmel_songs/54/977854.npy
track_0847200,/content/drive/MyDrive/MTG_Instrument_old/dataset/logmel_songs/00/847200.npy
track_1380115,/content/drive/MyDrive/MTG_Instrument_old/dataset/logmel_songs/15/1380115.npy
track_0873565,/content/drive/MyDrive/MTG_Instrument_old/dataset/logmel_songs/65/873565.npy
track_1418666,/content/drive/MyDrive/MTG_Instrument_old/dataset/logmel_songs/66/1418666.npy
track_0368162,/content/drive/MyDrive/MTG_Instrument_old/dataset/logmel_songs/62/368162.npy
track_1073157,/content/drive/MyDrive/MTG_Instrument_old/dataset/logmel_songs/57/1073157.npy
track_1035558,/content/drive/MyDrive/MTG_Instrument_old/dataset/logmel_songs/58/1035558.npy
track_0023863,/content/drive/MyDrive/MTG_Instrument_old/dataset/logmel_songs/63/23863.npy
track_1319505,/content/drive/MyDrive/MTG_Instrument_old/dataset/logmel_songs/05/1319505.npy
track_0594259,/content/drive/MyDrive/MTG_Instrument_old/dataset/logmel_songs/59/594259.npy
track_1065764,/content/drive/MyDrive/MTG_Instrument_old/dataset/logmel_songs/64/1065764.npy
track_0448684,/content/drive/MyDrive/MTG_Instrument_old/dataset/logmel_songs/84/448684.npy
track_1067251,/content/drive/MyDrive/MTG_Instrument_old/dataset/logmel_songs/51/1067251.npy
track_1116425,/content/drive/MyDrive/MTG_Instrument_old/dataset/logmel_songs/25/1116425.npy
track_1084385,/content/drive/MyDrive/MTG_Instrument_old/dataset/logmel_songs/85/1084385.npy
track_0768438,/content/drive/MyDrive/MTG_Instrument_old/dataset/logmel_songs/38/768438.npy
track_0296238,/content/drive/MyDrive/MTG_Instrument_old/dataset/logmel_songs/38/296238.npy
track_0919470,/content/drive/MyDrive/MTG_Instrument_old/dataset/logmel_songs/70/919470.npy
track_1377415,/content/drive/MyDrive/MTG_Instrument_old/dataset/logmel_songs/15/1377415.npy
track_0083416,/content/drive/MyDrive/MTG_Instrument_old/dataset/logmel_songs/16/83416.npy
track_1162015,/content/drive/MyDrive/MTG_Instrument_old/dataset/logmel_songs/15/1162015.npy
track_1107730,/content/drive/MyDrive/MTG_Instrument_old/dataset/logmel_songs/30/1107730.npy
track_1400269,/content/drive/MyDrive/MTG_Instrument_old/dataset/logmel_songs/69/1400269.npy
track_1030901,/content/drive/MyDrive/MTG_Instrument_old/dataset/logmel_songs/01/1030901.npy
track_1314921,/content/drive/MyDrive/MTG_Instrument_old/dataset/logmel_songs/21/1314921.npy
track_1075185,/content/drive/MyDrive/MTG_Instrument_old/dataset/logmel_songs/85/1075185.npy
track_0666757,/content/drive/MyDrive/MTG_Instrument_old/dataset/logmel_songs/57/666757.npy
track_1384681,/content/drive/MyDrive/MTG_Instrument_old/dataset/logmel_songs/81/1384681.npy
track_1265329,/content/drive/MyDrive/MTG_Instrument_old/dataset/logmel_songs/29/1265329.npy
track_1195920,/content/drive/MyDrive/MTG_Instrument_old/dataset/logmel_songs/20/1195920.npy
track_1075892,/content/drive/MyDrive/MTG_Instrument_old/dataset/logmel_songs/92/1075892.npy
track_1032157,/content/drive/MyDrive/MTG_Instrument_old/dataset/logmel_songs/57/1032157.npy
track_1405039,/content/drive/MyDrive/MTG_Instrument_old/dataset/logmel_songs/39/1405039.npy
track_1300336,/content/drive/MyDrive/MTG_Instrument_old/dataset/logmel_songs/36/1300336.npy
track_0134738,/content/drive/MyDrive/MTG_Instrument_old/dataset/logmel_songs/38/134738.npy
track_1092336,/content/drive/MyDrive/MTG_Instrument_old/dataset/logmel_songs/36/1092336.npy
track_0602712,/content/drive/MyDrive/MTG_Instrument_old/dataset/logmel_songs/12/602712.npy
track_0707019,/content/drive/MyDrive/MTG_Instrument_old/dataset/logmel_songs/19/707019.npy
track_0080795,/content/drive/MyDrive/MTG_Instrument_old/dataset/logmel_songs/95/80795.npy
track_1081055,/content/drive/MyDrive/MTG_Instrument_old/dataset/logmel_songs/55/1081055.npy
track_0025239,/content/drive/MyDrive/MTG_Instrument_old/dataset/logmel_songs/39/25239.npy
track_0209047,/content/drive/MyDrive/MTG_Instrument_old/dataset/logmel_songs/47/209047.npy
track_1097027,/content/drive/MyDrive/MTG_Instrument_old/dataset/logmel_songs/27/1097027.npy
track_1339383,/content/drive/MyDrive/MTG_Instrument_old/dataset/logmel_songs/83/1339383.npy
track_0511086,/content/drive/MyDrive/MTG_Instrument_old/dataset/logmel_songs/86/511086.npy
track_1170416,/content/drive/MyDrive/MTG_Instrument_old/dataset/logmel_songs/16/1170416.npy
track_1038730,/content/drive/MyDrive/MTG_Instrument_old/dataset/logmel_songs/30/1038730.npy
track_0594263,/content/drive/MyDrive/MTG_Instrument_old/dataset/logmel_songs/63/594263.npy
track_1104890,/content/drive/MyDrive/MTG_Instrument_old/dataset/logmel_songs/90/1104890.npy
track_1196187,/content/drive/MyDrive/MTG_Instrument_old/dataset/logmel_songs/87/1196187.npy
track_1390456,/content/drive/MyDrive/MTG_Instrument_old/dataset/logmel_songs/56/1390456.npy
track_1291949,/content/drive/MyDrive/MTG_Instrument_old/dataset/logmel_songs/49/1291949.npy
track_1102224,/content/drive/MyDrive/MTG_Instrument_old/dataset/logmel_songs/24/1102224.npy
track_0405789,/content/drive/MyDrive/MTG_Instrument_old/dataset/logmel_songs/89/405789.npy
track_1035128,/content/drive/MyDrive/MTG_Instrument_old/dataset/logmel_songs/28/1035128.npy
track_1264202,/content/drive/MyDrive/MTG_Instrument_old/dataset/logmel_songs/02/1264202.npy
track_1067691,/content/drive/MyDrive/MTG_Instrument_old/dataset/logmel_songs/91/1067691.npy
track_0769794,/content/drive/MyDrive/MTG_Instrument_old/dataset/logmel_songs/94/769794.npy
track_0711276,/content/drive/MyDrive/MTG_Instrument_old/dataset/logmel_songs/76/711276.npy
track_1287605,/content/drive/MyDrive/MTG_Instrument_old/dataset/logmel_songs/05/1287605.npy
track_1251473,/content/drive/MyDrive/MTG_Instrument_old/dataset/logmel_songs/73/1251473.npy
track_0956549,/content/drive/MyDrive/MTG_Instrument_old/dataset/logmel_songs/49/956549.npy
track_1157306,/content/drive/MyDrive/MTG_Instrument_old/dataset/logmel_songs/06/1157306.npy
track_1231681,/content/drive/MyDrive/MTG_Instrument_old/dataset/logmel_songs/81/1231681.npy
track_1056820,/content/drive/MyDrive/MTG_Instrument_old/dataset/logmel_songs/20/1056820.npy
track_1084671,/content/drive/MyDrive/MTG_Instrument_old/dataset/logmel_songs/71/1084671.npy
track_1289136,/content/drive/MyDrive/MTG_Instrument_old/dataset/logmel_songs/36/1289136.npy
track_1125400,/content/drive/MyDrive/MTG_Instrument_old/dataset/logmel_songs/00/1125400.npy
track_1118535,/content/drive/MyDrive/MTG_Instrument_old/dataset/logmel_songs/35/1118535.npy
track_1381534,/content/drive/MyDrive/MTG_Instrument_old/dataset/logmel_songs/34/1381534.npy
track_1070458,/content/drive/MyDrive/MTG_Instrument_old/dataset/logmel_songs/58/1070458.npy
track_1033164,/content/drive/MyDrive/MTG_Instrument_old/dataset/logmel_songs/64/1033164.npy
track_1231641,/content/drive/MyDrive/MTG_Instrument_old/dataset/logmel_songs/41/1231641.npy
track_1137265,/content/drive/MyDrive/MTG_Instrument_old/dataset/logmel_songs/65/1137265.npy
track_1149532,/content/drive/MyDrive/MTG_Instrument_old/dataset/logmel_songs/32/1149532.npy
track_0426733,/content/drive/MyDrive/MTG_Instrument_old/dataset/logmel_songs/33/426733.npy
track_0211415,/content/drive/MyDrive/MTG_Instrument_old/dataset/logmel_songs/15/211415.npy
track_1166071,/content/drive/MyDrive/MTG_Instrument_old/dataset/logmel_songs/71/1166071.npy
track_1379926,/content/drive/MyDrive/MTG_Instrument_old/dataset/logmel_songs/26/1379926.npy
track_1061405,/content/drive/MyDrive/MTG_Instrument_old/dataset/logmel_songs/05/1061405.npy
track_1372832,/content/drive/MyDrive/MTG_Instrument_old/dataset/logmel_songs/32/1372832.npy
track_0873555,/content/drive/MyDrive/MTG_Instrument_old/dataset/logmel_songs/55/873555.npy
track_0585158,/content/drive/MyDrive/MTG_Instrument_old/dataset/logmel_songs/58/585158.npy
track_0695030,/content/drive/MyDrive/MTG_Instrument_old/dataset/logmel_songs/30/695030.npy
track_1154252,/content/drive/MyDrive/MTG_Instrument_old/dataset/logmel_songs/52/1154252.npy
track_0556370,/content/drive/MyDrive/MTG_Instrument_old/dataset/logmel_songs/70/556370.npy
track_0131615,/content/drive/MyDrive/MTG_Instrument_old/dataset/logmel_songs/15/131615.npy
track_1076561,/content/drive/MyDrive/MTG_Instrument_old/dataset/logmel_songs/61/1076561.npy
track_1135221,/content/drive/MyDrive/MTG_Instrument_old/dataset/logmel_songs/21/1135221.npy
track_1187351,/content/drive/MyDrive/MTG_Instrument_old/dataset/logmel_songs/51/1187351.npy
track_1161407,/content/drive/MyDrive/MTG_Instrument_old/dataset/logmel_songs/07/1161407.npy
track_1186433,/content/drive/MyDrive/MTG_Instrument_old/dataset/logmel_songs/33/1186433.npy
track_0867666,/content/drive/MyDrive/MTG_Instrument_old/dataset/logmel_songs/66/867666.npy
track_0950828,/content/drive/MyDrive/MTG_Instrument_old/dataset/logmel_songs/28/950828.npy
track_0066954,/content/drive/MyDrive/MTG_Instrument_old/dataset/logmel_songs/54/66954.npy
track_1163304,/content/drive/MyDrive/MTG_Instrument_old/dataset/logmel_songs/04/1163304.npy
track_1034275,/content/drive/MyDrive/MTG_Instrument_old/dataset/logmel_songs/75/1034275.npy
track_1081038,/content/drive/MyDrive/MTG_Instrument_old/dataset/logmel_songs/38/1081038.npy
track_0286148,/content/drive/MyDrive/MTG_Instrument_old/dataset/logmel_songs/48/286148.npy
track_0460240,/content/drive/MyDrive/MTG_Instrument_old/dataset/logmel_songs/40/460240.npy
track_1208345,/content/drive/MyDrive/MTG_Instrument_old/dataset/logmel_songs/45/1208345.npy
track_1288349,/content/drive/MyDrive/MTG_Instrument_old/dataset/logmel_songs/49/1288349.npy
track_1086192,/content/drive/MyDrive/MTG_Instrument_old/dataset/logmel_songs/92/1086192.npy
track_1169700,/content/drive/MyDrive/MTG_Instrument_old/dataset/logmel_songs/00/1169700.npy
track_1108197,/content/drive/MyDrive/MTG_Instrument_old/dataset/logmel_songs/97/1108197.npy
track_1414158,/content/drive/MyDrive/MTG_Instrument_old/dataset/logmel_songs/58/1414158.npy
track_1136528,/content/drive/MyDrive/MTG_Instrument_old/dataset/logmel_songs/28/1136528.npy
track_1047976,/content/drive/MyDrive/MTG_Instrument_old/dataset/logmel_songs/76/1047976.npy
track_1155551,/content/drive/MyDrive/MTG_Instrument_old/dataset/logmel_songs/51/1155551.npy
track_1235673,/content/drive/MyDrive/MTG_Instrument_old/dataset/logmel_songs/73/1235673.npy
track_1103454,/content/drive/MyDrive/MTG_Instrument_old/dataset/logmel_songs/54/1103454.npy
track_0793922,/content/drive/MyDrive/MTG_Instrument_old/dataset/logmel_songs/22/793922.npy
track_1156087,/content/drive/MyDrive/MTG_Instrument_old/dataset/logmel_songs/87/1156087.npy
track_1227366,/content/drive/MyDrive/MTG_Instrument_old/dataset/logmel_songs/66/1227366.npy
track_1075206,/content/drive/MyDrive/MTG_Instrument_old/dataset/logmel_songs/06/1075206.npy
track_1314923,/content/drive/MyDrive/MTG_Instrument_old/dataset/logmel_songs/23/1314923.npy
track_0081289,/content/drive/MyDrive/MTG_Instrument_old/dataset/logmel_songs/89/81289.npy
track_0074751,/content/drive/MyDrive/MTG_Instrument_old/dataset/logmel_songs/51/74751.npy
track_0945015,/content/drive/MyDrive/MTG_Instrument_old/dataset/logmel_songs/15/945015.npy
track_0980882,/content/drive/MyDrive/MTG_Instrument_old/dataset/logmel_songs/82/980882.npy
track_1030383,/content/drive/MyDrive/MTG_Instrument_old/dataset/logmel_songs/83/1030383.npy
track_1264208,/content/drive/MyDrive/MTG_Instrument_old/dataset/logmel_songs/08/1264208.npy
track_0402063,/content/drive/MyDrive/MTG_Instrument_old/dataset/logmel_songs/63/402063.npy
track_0771287,/content/drive/MyDrive/MTG_Instrument_old/dataset/logmel_songs/87/771287.npy
track_0035743,/content/drive/MyDrive/MTG_Instrument_old/dataset/logmel_songs/43/35743.npy
track_0565806,/content/drive/MyDrive/MTG_Instrument_old/dataset/logmel_songs/06/565806.npy
track_1329975,/content/drive/MyDrive/MTG_Instrument_old/dataset/logmel_songs/75/1329975.npy
track_1012007,/content/drive/MyDrive/MTG_Instrument_old/dataset/logmel_songs/07/1012007.npy
track_0998081,/content/drive/MyDrive/MTG_Instrument_old/dataset/logmel_songs/81/998081.npy
track_1412817,/content/drive/MyDrive/MTG_Instrument_old/dataset/logmel_songs/17/1412817.npy
track_1243741,/content/drive/MyDrive/MTG_Instrument_old/dataset/logmel_songs/41/1243741.npy
track_1361472,/content/drive/MyDrive/MTG_Instrument_old/dataset/logmel_songs/72/1361472.npy
track_1137269,/content/drive/MyDrive/MTG_Instrument_old/dataset/logmel_songs/69/1137269.npy
track_1395043,/content/drive/MyDrive/MTG_Instrument_old/dataset/logmel_songs/43/1395043.npy
track_1091993,/content/drive/MyDrive/MTG_Instrument_old/dataset/logmel_songs/93/1091993.npy
track_1118592,/content/drive/MyDrive/MTG_Instrument_old/dataset/logmel_songs/92/1118592.npy
track_1069765,/content/drive/MyDrive/MTG_Instrument_old/dataset/logmel_songs/65/1069765.npy
track_0026439,/content/drive/MyDrive/MTG_Instrument_old/dataset/logmel_songs/39/26439.npy
track_1094514,/content/drive/MyDrive/MTG_Instrument_old/dataset/logmel_songs/14/1094514.npy
track_0081806,/content/drive/MyDrive/MTG_Instrument_old/dataset/logmel_songs/06/81806.npy
track_1122006,/content/drive/MyDrive/MTG_Instrument_old/dataset/logmel_songs/06/1122006.npy
track_1369645,/content/drive/MyDrive/MTG_Instrument_old/dataset/logmel_songs/45/1369645.npy
track_1418339,/content/drive/MyDrive/MTG_Instrument_old/dataset/logmel_songs/39/1418339.npy
track_0088555,/content/drive/MyDrive/MTG_Instrument_old/dataset/logmel_songs/55/88555.npy
track_0414048,/content/drive/MyDrive/MTG_Instrument_old/dataset/logmel_songs/48/414048.npy
track_1414157,/content/drive/MyDrive/MTG_Instrument_old/dataset/logmel_songs/57/1414157.npy
track_1111541,/content/drive/MyDrive/MTG_Instrument_old/dataset/logmel_songs/41/1111541.npy
track_1221745,/content/drive/MyDrive/MTG_Instrument_old/dataset/logmel_songs/45/1221745.npy
track_0915275,/content/drive/MyDrive/MTG_Instrument_old/dataset/logmel_songs/75/915275.npy
track_1004124,/content/drive/MyDrive/MTG_Instrument_old/dataset/logmel_songs/24/1004124.npy
track_1245139,/content/drive/MyDrive/MTG_Instrument_old/dataset/logmel_songs/39/1245139.npy
track_1372086,/content/drive/MyDrive/MTG_Instrument_old/dataset/logmel_songs/86/1372086.npy
track_1150483,/content/drive/MyDrive/MTG_Instrument_old/dataset/logmel_songs/83/1150483.npy
track_0082643,/content/drive/MyDrive/MTG_Instrument_old/dataset/logmel_songs/43/82643.npy
track_0606413,/content/drive/MyDrive/MTG_Instrument_old/dataset/logmel_songs/13/606413.npy
track_1335407,/content/drive/MyDrive/MTG_Instrument_old/dataset/logmel_songs/07/1335407.npy
track_1296934,/content/drive/MyDrive/MTG_Instrument_old/dataset/logmel_songs/34/1296934.npy
track_0457238,/content/drive/MyDrive/MTG_Instrument_old/dataset/logmel_songs/38/457238.npy
track_1144143,/content/drive/MyDrive/MTG_Instrument_old/dataset/logmel_songs/43/1144143.npy
track_1051711,/content/drive/MyDrive/MTG_Instrument_old/dataset/logmel_songs/11/1051711.npy
track_1132970,/content/drive/MyDrive/MTG_Instrument_old/dataset/logmel_songs/70/1132970.npy
track_0500413,/content/drive/MyDrive/MTG_Instrument_old/dataset/logmel_songs/13/500413.npy
track_1150488,/content/drive/MyDrive/MTG_Instrument_old/dataset/logmel_songs/88/1150488.npy
track_1165393,/content/drive/MyDrive/MTG_Instrument_old/dataset/logmel_songs/93/1165393.npy
track_0708471,/content/drive/MyDrive/MTG_Instrument_old/dataset/logmel_songs/71/708471.npy
track_1274155,/content/drive/MyDrive/MTG_Instrument_old/dataset/logmel_songs/55/1274155.npy
track_1368978,/content/drive/MyDrive/MTG_Instrument_old/dataset/logmel_songs/78/1368978.npy
track_1266585,/content/drive/MyDrive/MTG_Instrument_old/dataset/logmel_songs/85/1266585.npy
track_1077360,/content/drive/MyDrive/MTG_Instrument_old/dataset/logmel_songs/60/1077360.npy
track_0647527,/content/drive/MyDrive/MTG_Instrument_old/dataset/logmel_songs/27/647527.npy
track_0802289,/content/drive/MyDrive/MTG_Instrument_old/dataset/logmel_songs/89/802289.npy
track_1221847,/content/drive/MyDrive/MTG_Instrument_old/dataset/logmel_songs/47/1221847.npy
track_1301743,/content/drive/MyDrive/MTG_Instrument_old/dataset/logmel_songs/43/1301743.npy
track_0415996,/content/drive/MyDrive/MTG_Instrument_old/dataset/logmel_songs/96/415996.npy
track_1286240,/content/drive/MyDrive/MTG_Instrument_old/dataset/logmel_songs/40/1286240.npy
track_1054107,/content/drive/MyDrive/MTG_Instrument_old/dataset/logmel_songs/07/1054107.npy
track_1133345,/content/drive/MyDrive/MTG_Instrument_old/dataset/logmel_songs/45/1133345.npy
track_1245141,/content/drive/MyDrive/MTG_Instrument_old/dataset/logmel_songs/41/1245141.npy
track_1372075,/content/drive/MyDrive/MTG_Instrument_old/dataset/logmel_songs/75/1372075.npy
track_1136673,/content/drive/MyDrive/MTG_Instrument_old/dataset/logmel_songs/73/1136673.npy
track_1354123,/content/drive/MyDrive/MTG_Instrument_old/dataset/logmel_songs/23/1354123.npy
track_1039617,/content/drive/MyDrive/MTG_Instrument_old/dataset/logmel_songs/17/1039617.npy
track_0726468,/content/drive/MyDrive/MTG_Instrument_old/dataset/logmel_songs/68/726468.npy
track_0636311,/content/drive/MyDrive/MTG_Instrument_old/dataset/logmel_songs/11/636311.npy
track_1304568,/content/drive/MyDrive/MTG_Instrument_old/dataset/logmel_songs/68/1304568.npy
track_1306013,/content/drive/MyDrive/MTG_Instrument_old/dataset/logmel_songs/13/1306013.npy
track_1073152,/content/drive/MyDrive/MTG_Instrument_old/dataset/logmel_songs/52/1073152.npy
track_1234990,/content/drive/MyDrive/MTG_Instrument_old/dataset/logmel_songs/90/1234990.npy
track_1164992,/content/drive/MyDrive/MTG_Instrument_old/dataset/logmel_songs/92/1164992.npy
track_1186167,/content/drive/MyDrive/MTG_Instrument_old/dataset/logmel_songs/67/1186167.npy
track_1160226,/content/drive/MyDrive/MTG_Instrument_old/dataset/logmel_songs/26/1160226.npy
track_0260196,/content/drive/MyDrive/MTG_Instrument_old/dataset/logmel_songs/96/260196.npy
track_1350986,/content/drive/MyDrive/MTG_Instrument_old/dataset/logmel_songs/86/1350986.npy
track_1122057,/content/drive/MyDrive/MTG_Instrument_old/dataset/logmel_songs/57/1122057.npy
track_0967228,/content/drive/MyDrive/MTG_Instrument_old/dataset/logmel_songs/28/967228.npy
track_1397815,/content/drive/MyDrive/MTG_Instrument_old/dataset/logmel_songs/15/1397815.npy
track_0356930,/content/drive/MyDrive/MTG_Instrument_old/dataset/logmel_songs/30/356930.npy
track_1105060,/content/drive/MyDrive/MTG_Instrument_old/dataset/logmel_songs/60/1105060.npy
track_1416571,/content/drive/MyDrive/MTG_Instrument_old/dataset/logmel_songs/71/1416571.npy
track_0278335,/content/drive/MyDrive/MTG_Instrument_old/dataset/logmel_songs/35/278335.npy
track_0782923,/content/drive/MyDrive/MTG_Instrument_old/dataset/logmel_songs/23/782923.npy
track_1148779,/content/drive/MyDrive/MTG_Instrument_old/dataset/logmel_songs/79/1148779.npy
track_0941397,/content/drive/MyDrive/MTG_Instrument_old/dataset/logmel_songs/97/941397.npy
track_1170597,/content/drive/MyDrive/MTG_Instrument_old/dataset/logmel_songs/97/1170597.npy
track_0439632,/content/drive/MyDrive/MTG_Instrument_old/dataset/logmel_songs/32/439632.npy
track_1016733,/content/drive/MyDrive/MTG_Instrument_old/dataset/logmel_songs/33/1016733.npy
track_1366125,/content/drive/MyDrive/MTG_Instrument_old/dataset/logmel_songs/25/1366125.npy
track_1341106,/content/drive/MyDrive/MTG_Instrument_old/dataset/logmel_songs/06/1341106.npy
track_1096247,/content/drive/MyDrive/MTG_Instrument_old/dataset/logmel_songs/47/1096247.npy
track_0245501,/content/drive/MyDrive/MTG_Instrument_old/dataset/logmel_songs/01/245501.npy
track_1040985,/content/drive/MyDrive/MTG_Instrument_old/dataset/logmel_songs/85/1040985.npy
track_1295768,/content/drive/MyDrive/MTG_Instrument_old/dataset/logmel_songs/68/1295768.npy
track_0897319,/content/drive/MyDrive/MTG_Instrument_old/dataset/logmel_songs/19/897319.npy
track_0362499,/content/drive/MyDrive/MTG_Instrument_old/dataset/logmel_songs/99/362499.npy
track_0271119,/content/drive/MyDrive/MTG_Instrument_old/dataset/logmel_songs/19/271119.npy
track_0704160,/content/drive/MyDrive/MTG_Instrument_old/dataset/logmel_songs/60/704160.npy
track_0974624,/content/drive/MyDrive/MTG_Instrument_old/dataset/logmel_songs/24/974624.npy
track_1149540,/content/drive/MyDrive/MTG_Instrument_old/dataset/logmel_songs/40/1149540.npy
track_1052561,/content/drive/MyDrive/MTG_Instrument_old/dataset/logmel_songs/61/1052561.npy
track_1384193,/content/drive/MyDrive/MTG_Instrument_old/dataset/logmel_songs/93/1384193.npy
track_1054930,/content/drive/MyDrive/MTG_Instrument_old/dataset/logmel_songs/30/1054930.npy
track_1154906,/content/drive/MyDrive/MTG_Instrument_old/dataset/logmel_songs/06/1154906.npy
track_1312510,/content/drive/MyDrive/MTG_Instrument_old/dataset/logmel_songs/10/1312510.npy
track_0345161,/content/drive/MyDrive/MTG_Instrument_old/dataset/logmel_songs/61/345161.npy
track_1139435,/content/drive/MyDrive/MTG_Instrument_old/dataset/logmel_songs/35/1139435.npy
track_1419769,/content/drive/MyDrive/MTG_Instrument_old/dataset/logmel_songs/69/1419769.npy
track_0228880,/content/drive/MyDrive/MTG_Instrument_old/dataset/logmel_songs/80/228880.npy
track_1354786,/content/drive/MyDrive/MTG_Instrument_old/dataset/logmel_songs/86/1354786.npy
track_0081284,/content/drive/MyDrive/MTG_Instrument_old/dataset/logmel_songs/84/81284.npy
track_1189926,/content/drive/MyDrive/MTG_Instrument_old/dataset/logmel_songs/26/1189926.npy
track_1170740,/content/drive/MyDrive/MTG_Instrument_old/dataset/logmel_songs/40/1170740.npy
track_0950104,/content/drive/MyDrive/MTG_Instrument_old/dataset/logmel_songs/04/950104.npy
track_1418412,/content/drive/MyDrive/MTG_Instrument_old/dataset/logmel_songs/12/1418412.npy
track_1096932,/content/drive/MyDrive/MTG_Instrument_old/dataset/logmel_songs/32/1096932.npy
track_1174089,/content/drive/MyDrive/MTG_Instrument_old/dataset/logmel_songs/89/1174089.npy
track_1240602,/content/drive/MyDrive/MTG_Instrument_old/dataset/logmel_songs/02/1240602.npy
track_1201481,/content/drive/MyDrive/MTG_Instrument_old/dataset/logmel_songs/81/1201481.npy
track_0094750,/content/drive/MyDrive/MTG_Instrument_old/dataset/logmel_songs/50/94750.npy
track_0734446,/content/drive/MyDrive/MTG_Instrument_old/dataset/logmel_songs/46/734446.npy
track_1129029,/content/drive/MyDrive/MTG_Instrument_old/dataset/logmel_songs/29/1129029.npy
track_1067250,/content/drive/MyDrive/MTG_Instrument_old/dataset/logmel_songs/50/1067250.npy
track_0976786,/content/drive/MyDrive/MTG_Instrument_old/dataset/logmel_songs/86/976786.npy
track_0719847,/content/drive/MyDrive/MTG_Instrument_old/dataset/logmel_songs/47/719847.npy
track_1225290,/content/drive/MyDrive/MTG_Instrument_old/dataset/logmel_songs/90/1225290.npy
track_1351141,/content/drive/MyDrive/MTG_Instrument_old/dataset/logmel_songs/41/1351141.npy
track_0873551,/content/drive/MyDrive/MTG_Instrument_old/dataset/logmel_songs/51/873551.npy
track_1036947,/content/drive/MyDrive/MTG_Instrument_old/dataset/logmel_songs/47/1036947.npy
track_1413871,/content/drive/MyDrive/MTG_Instrument_old/dataset/logmel_songs/71/1413871.npy
track_1208805,/content/drive/MyDrive/MTG_Instrument_old/dataset/logmel_songs/05/1208805.npy
track_1164986,/content/drive/MyDrive/MTG_Instrument_old/dataset/logmel_songs/86/1164986.npy
track_0773683,/content/drive/MyDrive/MTG_Instrument_old/dataset/logmel_songs/83/773683.npy
track_1320011,/content/drive/MyDrive/MTG_Instrument_old/dataset/logmel_songs/11/1320011.npy
track_1264107,/content/drive/MyDrive/MTG_Instrument_old/dataset/logmel_songs/07/1264107.npy
track_0835814,/content/drive/MyDrive/MTG_Instrument_old/dataset/logmel_songs/14/835814.npy
track_0764960,/content/drive/MyDrive/MTG_Instrument_old/dataset/logmel_songs/60/764960.npy
track_1126701,/content/drive/MyDrive/MTG_Instrument_old/dataset/logmel_songs/01/1126701.npy
track_0396641,/content/drive/MyDrive/MTG_Instrument_old/dataset/logmel_songs/41/396641.npy
track_0259681,/content/drive/MyDrive/MTG_Instrument_old/dataset/logmel_songs/81/259681.npy
track_0130374,/content/drive/MyDrive/MTG_Instrument_old/dataset/logmel_songs/74/130374.npy
track_1075178,/content/drive/MyDrive/MTG_Instrument_old/dataset/logmel_songs/78/1075178.npy
track_1123677,/content/drive/MyDrive/MTG_Instrument_old/dataset/logmel_songs/77/1123677.npy
track_0128838,/content/drive/MyDrive/MTG_Instrument_old/dataset/logmel_songs/38/128838.npy
track_1357556,/content/drive/MyDrive/MTG_Instrument_old/dataset/logmel_songs/56/1357556.npy
track_1131998,/content/drive/MyDrive/MTG_Instrument_old/dataset/logmel_songs/98/1131998.npy
track_1308820,/content/drive/MyDrive/MTG_Instrument_old/dataset/logmel_songs/20/1308820.npy
track_0078736,/content/drive/MyDrive/MTG_Instrument_old/dataset/logmel_songs/36/78736.npy
track_0272365,/content/drive/MyDrive/MTG_Instrument_old/dataset/logmel_songs/65/272365.npy
track_1123840,/content/drive/MyDrive/MTG_Instrument_old/dataset/logmel_songs/40/1123840.npy
track_1393400,/content/drive/MyDrive/MTG_Instrument_old/dataset/logmel_songs/00/1393400.npy
track_1086430,/content/drive/MyDrive/MTG_Instrument_old/dataset/logmel_songs/30/1086430.npy
track_1189906,/content/drive/MyDrive/MTG_Instrument_old/dataset/logmel_songs/06/1189906.npy
track_0846576,/content/drive/MyDrive/MTG_Instrument_old/dataset/logmel_songs/76/846576.npy
track_1316318,/content/drive/MyDrive/MTG_Instrument_old/dataset/logmel_songs/18/1316318.npy
track_0963335,/content/drive/MyDrive/MTG_Instrument_old/dataset/logmel_songs/35/963335.npy
track_0855373,/content/drive/MyDrive/MTG_Instrument_old/dataset/logmel_songs/73/855373.npy
track_1131569,/content/drive/MyDrive/MTG_Instrument_old/dataset/logmel_songs/69/1131569.npy
track_1394524,/content/drive/MyDrive/MTG_Instrument_old/dataset/logmel_songs/24/1394524.npy
track_1065643,/content/drive/MyDrive/MTG_Instrument_old/dataset/logmel_songs/43/1065643.npy
track_1227365,/content/drive/MyDrive/MTG_Instrument_old/dataset/logmel_songs/65/1227365.npy
track_1126664,/content/drive/MyDrive/MTG_Instrument_old/dataset/logmel_songs/64/1126664.npy
track_0973383,/content/drive/MyDrive/MTG_Instrument_old/dataset/logmel_songs/83/973383.npy
track_1046359,/content/drive/MyDrive/MTG_Instrument_old/dataset/logmel_songs/59/1046359.npy
track_1032224,/content/drive/MyDrive/MTG_Instrument_old/dataset/logmel_songs/24/1032224.npy
track_1107282,/content/drive/MyDrive/MTG_Instrument_old/dataset/logmel_songs/82/1107282.npy
track_1189657,/content/drive/MyDrive/MTG_Instrument_old/dataset/logmel_songs/57/1189657.npy
track_0618820,/content/drive/MyDrive/MTG_Instrument_old/dataset/logmel_songs/20/618820.npy
track_1039778,/content/drive/MyDrive/MTG_Instrument_old/dataset/logmel_songs/78/1039778.npy
track_1369045,/content/drive/MyDrive/MTG_Instrument_old/dataset/logmel_songs/45/1369045.npy
track_1292130,/content/drive/MyDrive/MTG_Instrument_old/dataset/logmel_songs/30/1292130.npy
track_1165511,/content/drive/MyDrive/MTG_Instrument_old/dataset/logmel_songs/11/1165511.npy
track_0088563,/content/drive/MyDrive/MTG_Instrument_old/dataset/logmel_songs/63/88563.npy
track_0202153,/content/drive/MyDrive/MTG_Instrument_old/dataset/logmel_songs/53/202153.npy
track_1275613,/content/drive/MyDrive/MTG_Instrument_old/dataset/logmel_songs/13/1275613.npy
track_0585148,/content/drive/MyDrive/MTG_Instrument_old/dataset/logmel_songs/48/585148.npy
track_1104882,/content/drive/MyDrive/MTG_Instrument_old/dataset/logmel_songs/82/1104882.npy
track_1397148,/content/drive/MyDrive/MTG_Instrument_old/dataset/logmel_songs/48/1397148.npy
track_1124167,/content/drive/MyDrive/MTG_Instrument_old/dataset/logmel_songs/67/1124167.npy
track_1171551,/content/drive/MyDrive/MTG_Instrument_old/dataset/logmel_songs/51/1171551.npy
track_1348663,/content/drive/MyDrive/MTG_Instrument_old/dataset/logmel_songs/63/1348663.npy
track_1366152,/content/drive/MyDrive/MTG_Instrument_old/dataset/logmel_songs/52/1366152.npy
track_0383582,/content/drive/MyDrive/MTG_Instrument_old/dataset/logmel_songs/82/383582.npy
track_1098412,/content/drive/MyDrive/MTG_Instrument_old/dataset/logmel_songs/12/1098412.npy
track_1243736,/content/drive/MyDrive/MTG_Instrument_old/dataset/logmel_songs/36/1243736.npy
track_0790454,/content/drive/MyDrive/MTG_Instrument_old/dataset/logmel_songs/54/790454.npy
track_1113024,/content/drive/MyDrive/MTG_Instrument_old/dataset/logmel_songs/24/1113024.npy
track_0973997,/content/drive/MyDrive/MTG_Instrument_old/dataset/logmel_songs/97/973997.npy
track_0947792,/content/drive/MyDrive/MTG_Instrument_old/dataset/logmel_songs/92/947792.npy
track_0078727,/content/drive/MyDrive/MTG_Instrument_old/dataset/logmel_songs/27/78727.npy
track_0866758,/content/drive/MyDrive/MTG_Instrument_old/dataset/logmel_songs/58/866758.npy
track_1047961,/content/drive/MyDrive/MTG_Instrument_old/dataset/logmel_songs/61/1047961.npy
track_1234446,/content/drive/MyDrive/MTG_Instrument_old/dataset/logmel_songs/46/1234446.npy
track_1316343,/content/drive/MyDrive/MTG_Instrument_old/dataset/logmel_songs/43/1316343.npy
track_0913694,/content/drive/MyDrive/MTG_Instrument_old/dataset/logmel_songs/94/913694.npy
track_1044791,/content/drive/MyDrive/MTG_Instrument_old/dataset/logmel_songs/91/1044791.npy
track_0858721,/content/drive/MyDrive/MTG_Instrument_old/dataset/logmel_songs/21/858721.npy
track_0768434,/content/drive/MyDrive/MTG_Instrument_old/dataset/logmel_songs/34/768434.npy
track_0326511,/content/drive/MyDrive/MTG_Instrument_old/dataset/logmel_songs/11/326511.npy
track_1251475,/content/drive/MyDrive/MTG_Instrument_old/dataset/logmel_songs/75/1251475.npy
track_1026043,/content/drive/MyDrive/MTG_Instrument_old/dataset/logmel_songs/43/1026043.npy
track_1227739,/content/drive/MyDrive/MTG_Instrument_old/dataset/logmel_songs/39/1227739.npy
track_1251175,/content/drive/MyDrive/MTG_Instrument_old/dataset/logmel_songs/75/1251175.npy
track_1059054,/content/drive/MyDrive/MTG_Instrument_old/dataset/logmel_songs/54/1059054.npy
track_1113648,/content/drive/MyDrive/MTG_Instrument_old/dataset/logmel_songs/48/1113648.npy
track_0897988,/content/drive/MyDrive/MTG_Instrument_old/dataset/logmel_songs/88/897988.npy
track_1194311,/content/drive/MyDrive/MTG_Instrument_old/dataset/logmel_songs/11/1194311.npy
track_1137276,/content/drive/MyDrive/MTG_Instrument_old/dataset/logmel_songs/76/1137276.npy
track_0603759,/content/drive/MyDrive/MTG_Instrument_old/dataset/logmel_songs/59/603759.npy
track_0996971,/content/drive/MyDrive/MTG_Instrument_old/dataset/logmel_songs/71/996971.npy
track_1248618,/content/drive/MyDrive/MTG_Instrument_old/dataset/logmel_songs/18/1248618.npy
track_1370669,/content/drive/MyDrive/MTG_Instrument_old/dataset/logmel_songs/69/1370669.npy
track_1181578,/content/drive/MyDrive/MTG_Instrument_old/dataset/logmel_songs/78/1181578.npy
track_1249629,/content/drive/MyDrive/MTG_Instrument_old/dataset/logmel_songs/29/1249629.npy
track_0946950,/content/drive/MyDrive/MTG_Instrument_old/dataset/logmel_songs/50/946950.npy
track_1384033,/content/drive/MyDrive/MTG_Instrument_old/dataset/logmel_songs/33/1384033.npy
track_1166023,/content/drive/MyDrive/MTG_Instrument_old/dataset/logmel_songs/23/1166023.npy
track_1368980,/content/drive/MyDrive/MTG_Instrument_old/dataset/logmel_songs/80/1368980.npy
track_0606116,/content/drive/MyDrive/MTG_Instrument_old/dataset/logmel_songs/16/606116.npy
track_1133343,/content/drive/MyDrive/MTG_Instrument_old/dataset/logmel_songs/43/1133343.npy
track_1066898,/content/drive/MyDrive/MTG_Instrument_old/dataset/logmel_songs/98/1066898.npy
track_1345282,/content/drive/MyDrive/MTG_Instrument_old/dataset/logmel_songs/82/1345282.npy
track_1266576,/content/drive/MyDrive/MTG_Instrument_old/dataset/logmel_songs/76/1266576.npy
track_1098804,/content/drive/MyDrive/MTG_Instrument_old/dataset/logmel_songs/04/1098804.npy
track_0579913,/content/drive/MyDrive/MTG_Instrument_old/dataset/logmel_songs/13/579913.npy
track_1168170,/content/drive/MyDrive/MTG_Instrument_old/dataset/logmel_songs/70/1168170.npy
track_0151079,/content/drive/MyDrive/MTG_Instrument_old/dataset/logmel_songs/79/151079.npy
track_0962055,/content/drive/MyDrive/MTG_Instrument_old/dataset/logmel_songs/55/962055.npy
track_0710540,/content/drive/MyDrive/MTG_Instrument_old/dataset/logmel_songs/40/710540.npy
track_0139573,/content/drive/MyDrive/MTG_Instrument_old/dataset/logmel_songs/73/139573.npy
track_0094734,/content/drive/MyDrive/MTG_Instrument_old/dataset/logmel_songs/34/94734.npy
track_0017490,/content/drive/MyDrive/MTG_Instrument_old/dataset/logmel_songs/90/17490.npy
track_1148781,/content/drive/MyDrive/MTG_Instrument_old/dataset/logmel_songs/81/1148781.npy
track_1227373,/content/drive/MyDrive/MTG_Instrument_old/dataset/logmel_songs/73/1227373.npy
track_1152113,/content/drive/MyDrive/MTG_Instrument_old/dataset/logmel_songs/13/1152113.npy
track_1028805,/content/drive/MyDrive/MTG_Instrument_old/dataset/logmel_songs/05/1028805.npy
track_1098748,/content/drive/MyDrive/MTG_Instrument_old/dataset/logmel_songs/48/1098748.npy
track_0957450,/content/drive/MyDrive/MTG_Instrument_old/dataset/logmel_songs/50/957450.npy
track_0600030,/content/drive/MyDrive/MTG_Instrument_old/dataset/logmel_songs/30/600030.npy
track_1223053,/content/drive/MyDrive/MTG_Instrument_old/dataset/logmel_songs/53/1223053.npy
track_1158175,/content/drive/MyDrive/MTG_Instrument_old/dataset/logmel_songs/75/1158175.npy
track_0565808,/content/drive/MyDrive/MTG_Instrument_old/dataset/logmel_songs/08/565808.npy
track_1377610,/content/drive/MyDrive/MTG_Instrument_old/dataset/logmel_songs/10/1377610.npy
track_1129455,/content/drive/MyDrive/MTG_Instrument_old/dataset/logmel_songs/55/1129455.npy
track_1051173,/content/drive/MyDrive/MTG_Instrument_old/dataset/logmel_songs/73/1051173.npy
track_1349477,/content/drive/MyDrive/MTG_Instrument_old/dataset/logmel_songs/77/1349477.npy
track_1231997,/content/drive/MyDrive/MTG_Instrument_old/dataset/logmel_songs/97/1231997.npy
track_1217505,/content/drive/MyDrive/MTG_Instrument_old/dataset/logmel_songs/05/1217505.npy
track_1170413,/content/drive/MyDrive/MTG_Instrument_old/dataset/logmel_songs/13/1170413.npy
track_1231994,/content/drive/MyDrive/MTG_Instrument_old/dataset/logmel_songs/94/1231994.npy
track_0962582,/content/drive/MyDrive/MTG_Instrument_old/dataset/logmel_songs/82/962582.npy
track_1243717,/content/drive/MyDrive/MTG_Instrument_old/dataset/logmel_songs/17/1243717.npy
track_1148183,/content/drive/MyDrive/MTG_Instrument_old/dataset/logmel_songs/83/1148183.npy
track_0855359,/content/drive/MyDrive/MTG_Instrument_old/dataset/logmel_songs/59/855359.npy
track_1089972,/content/drive/MyDrive/MTG_Instrument_old/dataset/logmel_songs/72/1089972.npy
track_1150080,/content/drive/MyDrive/MTG_Instrument_old/dataset/logmel_songs/80/1150080.npy
track_1108514,/content/drive/MyDrive/MTG_Instrument_old/dataset/logmel_songs/14/1108514.npy
track_0034412,/content/drive/MyDrive/MTG_Instrument_old/dataset/logmel_songs/12/34412.npy
track_1399777,/content/drive/MyDrive/MTG_Instrument_old/dataset/logmel_songs/77/1399777.npy
track_0704686,/content/drive/MyDrive/MTG_Instrument_old/dataset/logmel_songs/86/704686.npy
track_1170410,/content/drive/MyDrive/MTG_Instrument_old/dataset/logmel_songs/10/1170410.npy
track_1047938,/content/drive/MyDrive/MTG_Instrument_old/dataset/logmel_songs/38/1047938.npy
track_1194314,/content/drive/MyDrive/MTG_Instrument_old/dataset/logmel_songs/14/1194314.npy
track_1132279,/content/drive/MyDrive/MTG_Instrument_old/dataset/logmel_songs/79/1132279.npy
track_0839515,/content/drive/MyDrive/MTG_Instrument_old/dataset/logmel_songs/15/839515.npy
track_1203377,/content/drive/MyDrive/MTG_Instrument_old/dataset/logmel_songs/77/1203377.npy
track_0398646,/content/drive/MyDrive/MTG_Instrument_old/dataset/logmel_songs/46/398646.npy
track_1077042,/content/drive/MyDrive/MTG_Instrument_old/dataset/logmel_songs/42/1077042.npy
track_0414114,/content/drive/MyDrive/MTG_Instrument_old/dataset/logmel_songs/14/414114.npy
track_1340336,/content/drive/MyDrive/MTG_Instrument_old/dataset/logmel_songs/36/1340336.npy
track_1193253,/content/drive/MyDrive/MTG_Instrument_old/dataset/logmel_songs/53/1193253.npy
track_1345298,/content/drive/MyDrive/MTG_Instrument_old/dataset/logmel_songs/98/1345298.npy
track_1079818,/content/drive/MyDrive/MTG_Instrument_old/dataset/logmel_songs/18/1079818.npy
track_1054346,/content/drive/MyDrive/MTG_Instrument_old/dataset/logmel_songs/46/1054346.npy
track_0565790,/content/drive/MyDrive/MTG_Instrument_old/dataset/logmel_songs/90/565790.npy
track_0425767,/content/drive/MyDrive/MTG_Instrument_old/dataset/logmel_songs/67/425767.npy
track_0381096,/content/drive/MyDrive/MTG_Instrument_old/dataset/logmel_songs/96/381096.npy
track_0655027,/content/drive/MyDrive/MTG_Instrument_old/dataset/logmel_songs/27/655027.npy
track_1315899,/content/drive/MyDrive/MTG_Instrument_old/dataset/logmel_songs/99/1315899.npy
track_1109896,/content/drive/MyDrive/MTG_Instrument_old/dataset/logmel_songs/96/1109896.npy
track_1163399,/content/drive/MyDrive/MTG_Instrument_old/dataset/logmel_songs/99/1163399.npy
track_1026847,/content/drive/MyDrive/MTG_Instrument_old/dataset/logmel_songs/47/1026847.npy
track_1339227,/content/drive/MyDrive/MTG_Instrument_old/dataset/logmel_songs/27/1339227.npy
track_1075141,/content/drive/MyDrive/MTG_Instrument_old/dataset/logmel_songs/41/1075141.npy
track_0076976,/content/drive/MyDrive/MTG_Instrument_old/dataset/logmel_songs/76/76976.npy
track_0283205,/content/drive/MyDrive/MTG_Instrument_old/dataset/logmel_songs/05/283205.npy
track_1194583,/content/drive/MyDrive/MTG_Instrument_old/dataset/logmel_songs/83/1194583.npy
track_1078693,/content/drive/MyDrive/MTG_Instrument_old/dataset/logmel_songs/93/1078693.npy
track_1119016,/content/drive/MyDrive/MTG_Instrument_old/dataset/logmel_songs/16/1119016.npy
track_0081811,/content/drive/MyDrive/MTG_Instrument_old/dataset/logmel_songs/11/81811.npy
track_0355479,/content/drive/MyDrive/MTG_Instrument_old/dataset/logmel_songs/79/355479.npy
track_1163210,/content/drive/MyDrive/MTG_Instrument_old/dataset/logmel_songs/10/1163210.npy
track_1069008,/content/drive/MyDrive/MTG_Instrument_old/dataset/logmel_songs/08/1069008.npy
track_0897316,/content/drive/MyDrive/MTG_Instrument_old/dataset/logmel_songs/16/897316.npy
track_0345909,/content/drive/MyDrive/MTG_Instrument_old/dataset/logmel_songs/09/345909.npy
track_0647530,/content/drive/MyDrive/MTG_Instrument_old/dataset/logmel_songs/30/647530.npy
track_1194557,/content/drive/MyDrive/MTG_Instrument_old/dataset/logmel_songs/57/1194557.npy
track_0165726,/content/drive/MyDrive/MTG_Instrument_old/dataset/logmel_songs/26/165726.npy
track_1319995,/content/drive/MyDrive/MTG_Instrument_old/dataset/logmel_songs/95/1319995.npy
track_1138824,/content/drive/MyDrive/MTG_Instrument_old/dataset/logmel_songs/24/1138824.npy
track_0074752,/content/drive/MyDrive/MTG_Instrument_old/dataset/logmel_songs/52/74752.npy
track_1113031,/content/drive/MyDrive/MTG_Instrument_old/dataset/logmel_songs/31/1113031.npy
track_0038760,/content/drive/MyDrive/MTG_Instrument_old/dataset/logmel_songs/60/38760.npy
track_1316647,/content/drive/MyDrive/MTG_Instrument_old/dataset/logmel_songs/47/1316647.npy
track_0151034,/content/drive/MyDrive/MTG_Instrument_old/dataset/logmel_songs/34/151034.npy
track_0897314,/content/drive/MyDrive/MTG_Instrument_old/dataset/logmel_songs/14/897314.npy
track_0571481,/content/drive/MyDrive/MTG_Instrument_old/dataset/logmel_songs/81/571481.npy
track_1083515,/content/drive/MyDrive/MTG_Instrument_old/dataset/logmel_songs/15/1083515.npy
track_0875380,/content/drive/MyDrive/MTG_Instrument_old/dataset/logmel_songs/80/875380.npy
track_0341566,/content/drive/MyDrive/MTG_Instrument_old/dataset/logmel_songs/66/341566.npy
track_1393421,/content/drive/MyDrive/MTG_Instrument_old/dataset/logmel_songs/21/1393421.npy
track_1150119,/content/drive/MyDrive/MTG_Instrument_old/dataset/logmel_songs/19/1150119.npy
track_0916193,/content/drive/MyDrive/MTG_Instrument_old/dataset/logmel_songs/93/916193.npy
track_1341457,/content/drive/MyDrive/MTG_Instrument_old/dataset/logmel_songs/57/1341457.npy
track_1082696,/content/drive/MyDrive/MTG_Instrument_old/dataset/logmel_songs/96/1082696.npy
track_1102228,/content/drive/MyDrive/MTG_Instrument_old/dataset/logmel_songs/28/1102228.npy
track_1265915,/content/drive/MyDrive/MTG_Instrument_old/dataset/logmel_songs/15/1265915.npy
track_1337808,/content/drive/MyDrive/MTG_Instrument_old/dataset/logmel_songs/08/1337808.npy
track_1093961,/content/drive/MyDrive/MTG_Instrument_old/dataset/logmel_songs/61/1093961.npy
track_0534299,/content/drive/MyDrive/MTG_Instrument_old/dataset/logmel_songs/99/534299.npy
track_1111967,/content/drive/MyDrive/MTG_Instrument_old/dataset/logmel_songs/67/1111967.npy
track_1310214,/content/drive/MyDrive/MTG_Instrument_old/dataset/logmel_songs/14/1310214.npy
track_1164227,/content/drive/MyDrive/MTG_Instrument_old/dataset/logmel_songs/27/1164227.npy
track_0106895,/content/drive/MyDrive/MTG_Instrument_old/dataset/logmel_songs/95/106895.npy
track_1273058,/content/drive/MyDrive/MTG_Instrument_old/dataset/logmel_songs/58/1273058.npy
track_1178804,/content/drive/MyDrive/MTG_Instrument_old/dataset/logmel_songs/04/1178804.npy
track_1218784,/content/drive/MyDrive/MTG_Instrument_old/dataset/logmel_songs/84/1218784.npy
track_1343814,/content/drive/MyDrive/MTG_Instrument_old/dataset/logmel_songs/14/1343814.npy
track_1143987,/content/drive/MyDrive/MTG_Instrument_old/dataset/logmel_songs/87/1143987.npy
track_1291834,/content/drive/MyDrive/MTG_Instrument_old/dataset/logmel_songs/34/1291834.npy
track_1186642,/content/drive/MyDrive/MTG_Instrument_old/dataset/logmel_songs/42/1186642.npy
track_1075927,/content/drive/MyDrive/MTG_Instrument_old/dataset/logmel_songs/27/1075927.npy
track_1248264,/content/drive/MyDrive/MTG_Instrument_old/dataset/logmel_songs/64/1248264.npy
track_1164047,/content/drive/MyDrive/MTG_Instrument_old/dataset/logmel_songs/47/1164047.npy
track_0425763,/content/drive/MyDrive/MTG_Instrument_old/dataset/logmel_songs/63/425763.npy
track_1330233,/content/drive/MyDrive/MTG_Instrument_old/dataset/logmel_songs/33/1330233.npy
track_0116616,/content/drive/MyDrive/MTG_Instrument_old/dataset/logmel_songs/16/116616.npy
track_1320022,/content/drive/MyDrive/MTG_Instrument_old/dataset/logmel_songs/22/1320022.npy
track_0004888,/content/drive/MyDrive/MTG_Instrument_old/dataset/logmel_songs/88/4888.npy
track_1359474,/content/drive/MyDrive/MTG_Instrument_old/dataset/logmel_songs/74/1359474.npy
track_1086297,/content/drive/MyDrive/MTG_Instrument_old/dataset/logmel_songs/97/1086297.npy
track_1346208,/content/drive/MyDrive/MTG_Instrument_old/dataset/logmel_songs/08/1346208.npy
track_0406256,/content/drive/MyDrive/MTG_Instrument_old/dataset/logmel_songs/56/406256.npy
track_0565797,/content/drive/MyDrive/MTG_Instrument_old/dataset/logmel_songs/97/565797.npy
track_1030095,/content/drive/MyDrive/MTG_Instrument_old/dataset/logmel_songs/95/1030095.npy
track_1098070,/content/drive/MyDrive/MTG_Instrument_old/dataset/logmel_songs/70/1098070.npy
track_1085249,/content/drive/MyDrive/MTG_Instrument_old/dataset/logmel_songs/49/1085249.npy
track_0810901,/content/drive/MyDrive/MTG_Instrument_old/dataset/logmel_songs/01/810901.npy
track_1116399,/content/drive/MyDrive/MTG_Instrument_old/dataset/logmel_songs/99/1116399.npy
track_1114502,/content/drive/MyDrive/MTG_Instrument_old/dataset/logmel_songs/02/1114502.npy
track_1075203,/content/drive/MyDrive/MTG_Instrument_old/dataset/logmel_songs/03/1075203.npy
track_1093937,/content/drive/MyDrive/MTG_Instrument_old/dataset/logmel_songs/37/1093937.npy
track_1372289,/content/drive/MyDrive/MTG_Instrument_old/dataset/logmel_songs/89/1372289.npy
track_1396094,/content/drive/MyDrive/MTG_Instrument_old/dataset/logmel_songs/94/1396094.npy
track_1361240,/content/drive/MyDrive/MTG_Instrument_old/dataset/logmel_songs/40/1361240.npy
track_0043880,/content/drive/MyDrive/MTG_Instrument_old/dataset/logmel_songs/80/43880.npy
track_1160422,/content/drive/MyDrive/MTG_Instrument_old/dataset/logmel_songs/22/1160422.npy
track_0296235,/content/drive/MyDrive/MTG_Instrument_old/dataset/logmel_songs/35/296235.npy
track_0008559,/content/drive/MyDrive/MTG_Instrument_old/dataset/logmel_songs/59/8559.npy
track_1204136,/content/drive/MyDrive/MTG_Instrument_old/dataset/logmel_songs/36/1204136.npy
track_1166920,/content/drive/MyDrive/MTG_Instrument_old/dataset/logmel_songs/20/1166920.npy
track_1076563,/content/drive/MyDrive/MTG_Instrument_old/dataset/logmel_songs/63/1076563.npy
track_1166919,/content/drive/MyDrive/MTG_Instrument_old/dataset/logmel_songs/19/1166919.npy
track_0862389,/content/drive/MyDrive/MTG_Instrument_old/dataset/logmel_songs/89/862389.npy
track_0565807,/content/drive/MyDrive/MTG_Instrument_old/dataset/logmel_songs/07/565807.npy
track_0780388,/content/drive/MyDrive/MTG_Instrument_old/dataset/logmel_songs/88/780388.npy
track_1418669,/content/drive/MyDrive/MTG_Instrument_old/dataset/logmel_songs/69/1418669.npy
track_1222766,/content/drive/MyDrive/MTG_Instrument_old/dataset/logmel_songs/66/1222766.npy
track_1164568,/content/drive/MyDrive/MTG_Instrument_old/dataset/logmel_songs/68/1164568.npy
track_1255094,/content/drive/MyDrive/MTG_Instrument_old/dataset/logmel_songs/94/1255094.npy
track_1157360,/content/drive/MyDrive/MTG_Instrument_old/dataset/logmel_songs/60/1157360.npy
track_0959178,/content/drive/MyDrive/MTG_Instrument_old/dataset/logmel_songs/78/959178.npy
track_1169102,/content/drive/MyDrive/MTG_Instrument_old/dataset/logmel_songs/02/1169102.npy
track_0024028,/content/drive/MyDrive/MTG_Instrument_old/dataset/logmel_songs/28/24028.npy
track_1075191,/content/drive/MyDrive/MTG_Instrument_old/dataset/logmel_songs/91/1075191.npy
track_1065247,/content/drive/MyDrive/MTG_Instrument_old/dataset/logmel_songs/47/1065247.npy
track_0635960,/content/drive/MyDrive/MTG_Instrument_old/dataset/logmel_songs/60/635960.npy
track_0802327,/content/drive/MyDrive/MTG_Instrument_old/dataset/logmel_songs/27/802327.npy
track_1135794,/content/drive/MyDrive/MTG_Instrument_old/dataset/logmel_songs/94/1135794.npy
track_1358547,/content/drive/MyDrive/MTG_Instrument_old/dataset/logmel_songs/47/1358547.npy
track_1319998,/content/drive/MyDrive/MTG_Instrument_old/dataset/logmel_songs/98/1319998.npy
track_0996964,/content/drive/MyDrive/MTG_Instrument_old/dataset/logmel_songs/64/996964.npy
track_1358775,/content/drive/MyDrive/MTG_Instrument_old/dataset/logmel_songs/75/1358775.npy
track_0553258,/content/drive/MyDrive/MTG_Instrument_old/dataset/logmel_songs/58/553258.npy
track_0888621,/content/drive/MyDrive/MTG_Instrument_old/dataset/logmel_songs/21/888621.npy
track_1203669,/content/drive/MyDrive/MTG_Instrument_old/dataset/logmel_songs/69/1203669.npy
track_1160047,/content/drive/MyDrive/MTG_Instrument_old/dataset/logmel_songs/47/1160047.npy
track_1328088,/content/drive/MyDrive/MTG_Instrument_old/dataset/logmel_songs/88/1328088.npy
track_1049878,/content/drive/MyDrive/MTG_Instrument_old/dataset/logmel_songs/78/1049878.npy
track_0007391,/content/drive/MyDrive/MTG_Instrument_old/dataset/logmel_songs/91/7391.npy
track_1138236,/content/drive/MyDrive/MTG_Instrument_old/dataset/logmel_songs/36/1138236.npy
track_1159749,/content/drive/MyDrive/MTG_Instrument_old/dataset/logmel_songs/49/1159749.npy
track_0618816,/content/drive/MyDrive/MTG_Instrument_old/dataset/logmel_songs/16/618816.npy
track_1310766,/content/drive/MyDrive/MTG_Instrument_old/dataset/logmel_songs/66/1310766.npy
track_0383994,/content/drive/MyDrive/MTG_Instrument_old/dataset/logmel_songs/94/383994.npy
track_1352822,/content/drive/MyDrive/MTG_Instrument_old/dataset/logmel_songs/22/1352822.npy
track_1144228,/content/drive/MyDrive/MTG_Instrument_old/dataset/logmel_songs/28/1144228.npy
track_1076459,/content/drive/MyDrive/MTG_Instrument_old/dataset/logmel_songs/59/1076459.npy
track_0242573,/content/drive/MyDrive/MTG_Instrument_old/dataset/logmel_songs/73/242573.npy
track_0980789,/content/drive/MyDrive/MTG_Instrument_old/dataset/logmel_songs/89/980789.npy
track_1346630,/content/drive/MyDrive/MTG_Instrument_old/dataset/logmel_songs/30/1346630.npy
track_1300334,/content/drive/MyDrive/MTG_Instrument_old/dataset/logmel_songs/34/1300334.npy
track_0679888,/content/drive/MyDrive/MTG_Instrument_old/dataset/logmel_songs/88/679888.npy
track_1098067,/content/drive/MyDrive/MTG_Instrument_old/dataset/logmel_songs/67/1098067.npy
track_1170729,/content/drive/MyDrive/MTG_Instrument_old/dataset/logmel_songs/29/1170729.npy
track_0084162,/content/drive/MyDrive/MTG_Instrument_old/dataset/logmel_songs/62/84162.npy
track_1085599,/content/drive/MyDrive/MTG_Instrument_old/dataset/logmel_songs/99/1085599.npy
track_0242572,/content/drive/MyDrive/MTG_Instrument_old/dataset/logmel_songs/72/242572.npy
track_1310350,/content/drive/MyDrive/MTG_Instrument_old/dataset/logmel_songs/50/1310350.npy
track_1166105,/content/drive/MyDrive/MTG_Instrument_old/dataset/logmel_songs/05/1166105.npy
track_1109854,/content/drive/MyDrive/MTG_Instrument_old/dataset/logmel_songs/54/1109854.npy
track_0810899,/content/drive/MyDrive/MTG_Instrument_old/dataset/logmel_songs/99/810899.npy
track_1190626,/content/drive/MyDrive/MTG_Instrument_old/dataset/logmel_songs/26/1190626.npy
track_0034860,/content/drive/MyDrive/MTG_Instrument_old/dataset/logmel_songs/60/34860.npy
track_1393519,/content/drive/MyDrive/MTG_Instrument_old/dataset/logmel_songs/19/1393519.npy
track_1162356,/content/drive/MyDrive/MTG_Instrument_old/dataset/logmel_songs/56/1162356.npy
track_1368384,/content/drive/MyDrive/MTG_Instrument_old/dataset/logmel_songs/84/1368384.npy
track_0679891,/content/drive/MyDrive/MTG_Instrument_old/dataset/logmel_songs/91/679891.npy
track_1193245,/content/drive/MyDrive/MTG_Instrument_old/dataset/logmel_songs/45/1193245.npy
track_1029332,/content/drive/MyDrive/MTG_Instrument_old/dataset/logmel_songs/32/1029332.npy
track_1353823,/content/drive/MyDrive/MTG_Instrument_old/dataset/logmel_songs/23/1353823.npy
track_1232050,/content/drive/MyDrive/MTG_Instrument_old/dataset/logmel_songs/50/1232050.npy
track_1379928,/content/drive/MyDrive/MTG_Instrument_old/dataset/logmel_songs/28/1379928.npy
track_0080874,/content/drive/MyDrive/MTG_Instrument_old/dataset/logmel_songs/74/80874.npy
track_0997096,/content/drive/MyDrive/MTG_Instrument_old/dataset/logmel_songs/96/997096.npy
track_0043882,/content/drive/MyDrive/MTG_Instrument_old/dataset/logmel_songs/82/43882.npy
track_0839518,/content/drive/MyDrive/MTG_Instrument_old/dataset/logmel_songs/18/839518.npy
track_1223086,/content/drive/MyDrive/MTG_Instrument_old/dataset/logmel_songs/86/1223086.npy
track_0867661,/content/drive/MyDrive/MTG_Instrument_old/dataset/logmel_songs/61/867661.npy
track_1069328,/content/drive/MyDrive/MTG_Instrument_old/dataset/logmel_songs/28/1069328.npy
track_1115606,/content/drive/MyDrive/MTG_Instrument_old/dataset/logmel_songs/06/1115606.npy
track_0017954,/content/drive/MyDrive/MTG_Instrument_old/dataset/logmel_songs/54/17954.npy
track_1056815,/content/drive/MyDrive/MTG_Instrument_old/dataset/logmel_songs/15/1056815.npy
track_1414089,/content/drive/MyDrive/MTG_Instrument_old/dataset/logmel_songs/89/1414089.npy
track_1317906,/content/drive/MyDrive/MTG_Instrument_old/dataset/logmel_songs/06/1317906.npy
track_1188768,/content/drive/MyDrive/MTG_Instrument_old/dataset/logmel_songs/68/1188768.npy
track_1322186,/content/drive/MyDrive/MTG_Instrument_old/dataset/logmel_songs/86/1322186.npy
track_1142630,/content/drive/MyDrive/MTG_Instrument_old/dataset/logmel_songs/30/1142630.npy
track_0209151,/content/drive/MyDrive/MTG_Instrument_old/dataset/logmel_songs/51/209151.npy
track_0659896,/content/drive/MyDrive/MTG_Instrument_old/dataset/logmel_songs/96/659896.npy
track_1116432,/content/drive/MyDrive/MTG_Instrument_old/dataset/logmel_songs/32/1116432.npy
track_1109774,/content/drive/MyDrive/MTG_Instrument_old/dataset/logmel_songs/74/1109774.npy
track_0035338,/content/drive/MyDrive/MTG_Instrument_old/dataset/logmel_songs/38/35338.npy
track_0400858,/content/drive/MyDrive/MTG_Instrument_old/dataset/logmel_songs/58/400858.npy
track_1227360,/content/drive/MyDrive/MTG_Instrument_old/dataset/logmel_songs/60/1227360.npy
track_0461021,/content/drive/MyDrive/MTG_Instrument_old/dataset/logmel_songs/21/461021.npy
track_1018536,/content/drive/MyDrive/MTG_Instrument_old/dataset/logmel_songs/36/1018536.npy
track_1098838,/content/drive/MyDrive/MTG_Instrument_old/dataset/logmel_songs/38/1098838.npy
track_1366002,/content/drive/MyDrive/MTG_Instrument_old/dataset/logmel_songs/02/1366002.npy
track_0956523,/content/drive/MyDrive/MTG_Instrument_old/dataset/logmel_songs/23/956523.npy
track_0938334,/content/drive/MyDrive/MTG_Instrument_old/dataset/logmel_songs/34/938334.npy
track_0006725,/content/drive/MyDrive/MTG_Instrument_old/dataset/logmel_songs/25/6725.npy
track_0647559,/content/drive/MyDrive/MTG_Instrument_old/dataset/logmel_songs/59/647559.npy
track_0035174,/content/drive/MyDrive/MTG_Instrument_old/dataset/logmel_songs/74/35174.npy
track_0783258,/content/drive/MyDrive/MTG_Instrument_old/dataset/logmel_songs/58/783258.npy
track_1094793,/content/drive/MyDrive/MTG_Instrument_old/dataset/logmel_songs/93/1094793.npy
track_1076455,/content/drive/MyDrive/MTG_Instrument_old/dataset/logmel_songs/55/1076455.npy
track_1186545,/content/drive/MyDrive/MTG_Instrument_old/dataset/logmel_songs/45/1186545.npy
track_1203127,/content/drive/MyDrive/MTG_Instrument_old/dataset/logmel_songs/27/1203127.npy
track_1166926,/content/drive/MyDrive/MTG_Instrument_old/dataset/logmel_songs/26/1166926.npy
track_1169139,/content/drive/MyDrive/MTG_Instrument_old/dataset/logmel_songs/39/1169139.npy
track_1221302,/content/drive/MyDrive/MTG_Instrument_old/dataset/logmel_songs/02/1221302.npy
track_1131880,/content/drive/MyDrive/MTG_Instrument_old/dataset/logmel_songs/80/1131880.npy
track_1326730,/content/drive/MyDrive/MTG_Instrument_old/dataset/logmel_songs/30/1326730.npy
track_1138103,/content/drive/MyDrive/MTG_Instrument_old/dataset/logmel_songs/03/1138103.npy
track_1293738,/content/drive/MyDrive/MTG_Instrument_old/dataset/logmel_songs/38/1293738.npy
track_1144450,/content/drive/MyDrive/MTG_Instrument_old/dataset/logmel_songs/50/1144450.npy
track_1129651,/content/drive/MyDrive/MTG_Instrument_old/dataset/logmel_songs/51/1129651.npy
track_0260177,/content/drive/MyDrive/MTG_Instrument_old/dataset/logmel_songs/77/260177.npy
track_1108281,/content/drive/MyDrive/MTG_Instrument_old/dataset/logmel_songs/81/1108281.npy
track_0263535,/content/drive/MyDrive/MTG_Instrument_old/dataset/logmel_songs/35/263535.npy
track_1208659,/content/drive/MyDrive/MTG_Instrument_old/dataset/logmel_songs/59/1208659.npy
track_1018537,/content/drive/MyDrive/MTG_Instrument_old/dataset/logmel_songs/37/1018537.npy
track_1021917,/content/drive/MyDrive/MTG_Instrument_old/dataset/logmel_songs/17/1021917.npy
track_1141663,/content/drive/MyDrive/MTG_Instrument_old/dataset/logmel_songs/63/1141663.npy
track_1330449,/content/drive/MyDrive/MTG_Instrument_old/dataset/logmel_songs/49/1330449.npy
track_1009601,/content/drive/MyDrive/MTG_Instrument_old/dataset/logmel_songs/01/1009601.npy
track_1067707,/content/drive/MyDrive/MTG_Instrument_old/dataset/logmel_songs/07/1067707.npy
track_1208443,/content/drive/MyDrive/MTG_Instrument_old/dataset/logmel_songs/43/1208443.npy
track_1277295,/content/drive/MyDrive/MTG_Instrument_old/dataset/logmel_songs/95/1277295.npy
track_0088558,/content/drive/MyDrive/MTG_Instrument_old/dataset/logmel_songs/58/88558.npy
track_0094736,/content/drive/MyDrive/MTG_Instrument_old/dataset/logmel_songs/36/94736.npy
track_1216213,/content/drive/MyDrive/MTG_Instrument_old/dataset/logmel_songs/13/1216213.npy
track_1372083,/content/drive/MyDrive/MTG_Instrument_old/dataset/logmel_songs/83/1372083.npy
track_0810903,/content/drive/MyDrive/MTG_Instrument_old/dataset/logmel_songs/03/810903.npy
track_1112447,/content/drive/MyDrive/MTG_Instrument_old/dataset/logmel_songs/47/1112447.npy
track_0046036,/content/drive/MyDrive/MTG_Instrument_old/dataset/logmel_songs/36/46036.npy
track_0867664,/content/drive/MyDrive/MTG_Instrument_old/dataset/logmel_songs/64/867664.npy
track_0903604,/content/drive/MyDrive/MTG_Instrument_old/dataset/logmel_songs/04/903604.npy
track_0802277,/content/drive/MyDrive/MTG_Instrument_old/dataset/logmel_songs/77/802277.npy
track_0188692,/content/drive/MyDrive/MTG_Instrument_old/dataset/logmel_songs/92/188692.npy
track_1326691,/content/drive/MyDrive/MTG_Instrument_old/dataset/logmel_songs/91/1326691.npy
track_0847261,/content/drive/MyDrive/MTG_Instrument_old/dataset/logmel_songs/61/847261.npy
track_1089141,/content/drive/MyDrive/MTG_Instrument_old/dataset/logmel_songs/41/1089141.npy
track_1156038,/content/drive/MyDrive/MTG_Instrument_old/dataset/logmel_songs/38/1156038.npy
track_0057861,/content/drive/MyDrive/MTG_Instrument_old/dataset/logmel_songs/61/57861.npy
track_1313370,/content/drive/MyDrive/MTG_Instrument_old/dataset/logmel_songs/70/1313370.npy
track_1072437,/content/drive/MyDrive/MTG_Instrument_old/dataset/logmel_songs/37/1072437.npy
track_1090978,/content/drive/MyDrive/MTG_Instrument_old/dataset/logmel_songs/78/1090978.npy
track_0962586,/content/drive/MyDrive/MTG_Instrument_old/dataset/logmel_songs/86/962586.npy
track_1029296,/content/drive/MyDrive/MTG_Instrument_old/dataset/logmel_songs/96/1029296.npy
track_0383585,/content/drive/MyDrive/MTG_Instrument_old/dataset/logmel_songs/85/383585.npy
track_1231491,/content/drive/MyDrive/MTG_Instrument_old/dataset/logmel_songs/91/1231491.npy
track_1131486,/content/drive/MyDrive/MTG_Instrument_old/dataset/logmel_songs/86/1131486.npy
track_1072574,/content/drive/MyDrive/MTG_Instrument_old/dataset/logmel_songs/74/1072574.npy
track_1115531,/content/drive/MyDrive/MTG_Instrument_old/dataset/logmel_songs/31/1115531.npy
track_1011999,/content/drive/MyDrive/MTG_Instrument_old/dataset/logmel_songs/99/1011999.npy
track_1231998,/content/drive/MyDrive/MTG_Instrument_old/dataset/logmel_songs/98/1231998.npy
track_0874649,/content/drive/MyDrive/MTG_Instrument_old/dataset/logmel_songs/49/874649.npy
track_0244797,/content/drive/MyDrive/MTG_Instrument_old/dataset/logmel_songs/97/244797.npy
track_1215962,/content/drive/MyDrive/MTG_Instrument_old/dataset/logmel_songs/62/1215962.npy
track_1051017,/content/drive/MyDrive/MTG_Instrument_old/dataset/logmel_songs/17/1051017.npy
track_0383720,/content/drive/MyDrive/MTG_Instrument_old/dataset/logmel_songs/20/383720.npy
track_1204139,/content/drive/MyDrive/MTG_Instrument_old/dataset/logmel_songs/39/1204139.npy
track_0342259,/content/drive/MyDrive/MTG_Instrument_old/dataset/logmel_songs/59/342259.npy
track_1366154,/content/drive/MyDrive/MTG_Instrument_old/dataset/logmel_songs/54/1366154.npy
track_1245137,/content/drive/MyDrive/MTG_Instrument_old/dataset/logmel_songs/37/1245137.npy
track_1207615,/content/drive/MyDrive/MTG_Instrument_old/dataset/logmel_songs/15/1207615.npy
track_1179411,/content/drive/MyDrive/MTG_Instrument_old/dataset/logmel_songs/11/1179411.npy
track_0356935,/content/drive/MyDrive/MTG_Instrument_old/dataset/logmel_songs/35/356935.npy
track_0417626,/content/drive/MyDrive/MTG_Instrument_old/dataset/logmel_songs/26/417626.npy
track_1036279,/content/drive/MyDrive/MTG_Instrument_old/dataset/logmel_songs/79/1036279.npy
track_0272800,/content/drive/MyDrive/MTG_Instrument_old/dataset/logmel_songs/00/272800.npy
track_1193602,/content/drive/MyDrive/MTG_Instrument_old/dataset/logmel_songs/02/1193602.npy
track_1159704,/content/drive/MyDrive/MTG_Instrument_old/dataset/logmel_songs/04/1159704.npy
track_1357400,/content/drive/MyDrive/MTG_Instrument_old/dataset/logmel_songs/00/1357400.npy
track_1030278,/content/drive/MyDrive/MTG_Instrument_old/dataset/logmel_songs/78/1030278.npy
track_1165468,/content/drive/MyDrive/MTG_Instrument_old/dataset/logmel_songs/68/1165468.npy
track_1263279,/content/drive/MyDrive/MTG_Instrument_old/dataset/logmel_songs/79/1263279.npy
track_0753761,/content/drive/MyDrive/MTG_Instrument_old/dataset/logmel_songs/61/753761.npy
track_1222345,/content/drive/MyDrive/MTG_Instrument_old/dataset/logmel_songs/45/1222345.npy
track_0470761,/content/drive/MyDrive/MTG_Instrument_old/dataset/logmel_songs/61/470761.npy
track_1365283,/content/drive/MyDrive/MTG_Instrument_old/dataset/logmel_songs/83/1365283.npy
track_1171560,/content/drive/MyDrive/MTG_Instrument_old/dataset/logmel_songs/60/1171560.npy
track_0944149,/content/drive/MyDrive/MTG_Instrument_old/dataset/logmel_songs/49/944149.npy
track_1119019,/content/drive/MyDrive/MTG_Instrument_old/dataset/logmel_songs/19/1119019.npy
track_1128216,/content/drive/MyDrive/MTG_Instrument_old/dataset/logmel_songs/16/1128216.npy
track_1126028,/content/drive/MyDrive/MTG_Instrument_old/dataset/logmel_songs/28/1126028.npy
track_1395044,/content/drive/MyDrive/MTG_Instrument_old/dataset/logmel_songs/44/1395044.npy
track_1029316,/content/drive/MyDrive/MTG_Instrument_old/dataset/logmel_songs/16/1029316.npy
track_0108579,/content/drive/MyDrive/MTG_Instrument_old/dataset/logmel_songs/79/108579.npy
track_1127781,/content/drive/MyDrive/MTG_Instrument_old/dataset/logmel_songs/81/1127781.npy
track_1201672,/content/drive/MyDrive/MTG_Instrument_old/dataset/logmel_songs/72/1201672.npy
track_1085610,/content/drive/MyDrive/MTG_Instrument_old/dataset/logmel_songs/10/1085610.npy
track_0287785,/content/drive/MyDrive/MTG_Instrument_old/dataset/logmel_songs/85/287785.npy
track_0443722,/content/drive/MyDrive/MTG_Instrument_old/dataset/logmel_songs/22/443722.npy
track_1159668,/content/drive/MyDrive/MTG_Instrument_old/dataset/logmel_songs/68/1159668.npy
track_1155994,/content/drive/MyDrive/MTG_Instrument_old/dataset/logmel_songs/94/1155994.npy
track_0381093,/content/drive/MyDrive/MTG_Instrument_old/dataset/logmel_songs/93/381093.npy
track_1379929,/content/drive/MyDrive/MTG_Instrument_old/dataset/logmel_songs/29/1379929.npy
track_0653755,/content/drive/MyDrive/MTG_Instrument_old/dataset/logmel_songs/55/653755.npy
track_0939253,/content/drive/MyDrive/MTG_Instrument_old/dataset/logmel_songs/53/939253.npy
track_0094710,/content/drive/MyDrive/MTG_Instrument_old/dataset/logmel_songs/10/94710.npy
track_1046227,/content/drive/MyDrive/MTG_Instrument_old/dataset/logmel_songs/27/1046227.npy
track_1110496,/content/drive/MyDrive/MTG_Instrument_old/dataset/logmel_songs/96/1110496.npy
track_1132968,/content/drive/MyDrive/MTG_Instrument_old/dataset/logmel_songs/68/1132968.npy
track_1264203,/content/drive/MyDrive/MTG_Instrument_old/dataset/logmel_songs/03/1264203.npy
track_0973384,/content/drive/MyDrive/MTG_Instrument_old/dataset/logmel_songs/84/973384.npy
track_1065654,/content/drive/MyDrive/MTG_Instrument_old/dataset/logmel_songs/54/1065654.npy
track_1232304,/content/drive/MyDrive/MTG_Instrument_old/dataset/logmel_songs/04/1232304.npy
track_0094753,/content/drive/MyDrive/MTG_Instrument_old/dataset/logmel_songs/53/94753.npy
track_1203415,/content/drive/MyDrive/MTG_Instrument_old/dataset/logmel_songs/15/1203415.npy
track_1278743,/content/drive/MyDrive/MTG_Instrument_old/dataset/logmel_songs/43/1278743.npy
track_1159948,/content/drive/MyDrive/MTG_Instrument_old/dataset/logmel_songs/48/1159948.npy
track_1340332,/content/drive/MyDrive/MTG_Instrument_old/dataset/logmel_songs/32/1340332.npy
track_1138561,/content/drive/MyDrive/MTG_Instrument_old/dataset/logmel_songs/61/1138561.npy
track_1053493,/content/drive/MyDrive/MTG_Instrument_old/dataset/logmel_songs/93/1053493.npy
track_1038253,/content/drive/MyDrive/MTG_Instrument_old/dataset/logmel_songs/53/1038253.npy
track_1166922,/content/drive/MyDrive/MTG_Instrument_old/dataset/logmel_songs/22/1166922.npy
track_1040562,/content/drive/MyDrive/MTG_Instrument_old/dataset/logmel_songs/62/1040562.npy
track_1268460,/content/drive/MyDrive/MTG_Instrument_old/dataset/logmel_songs/60/1268460.npy
track_1369694,/content/drive/MyDrive/MTG_Instrument_old/dataset/logmel_songs/94/1369694.npy
track_1102692,/content/drive/MyDrive/MTG_Instrument_old/dataset/logmel_songs/92/1102692.npy
track_0802294,/content/drive/MyDrive/MTG_Instrument_old/dataset/logmel_songs/94/802294.npy
track_1222865,/content/drive/MyDrive/MTG_Instrument_old/dataset/logmel_songs/65/1222865.npy
track_0729302,/content/drive/MyDrive/MTG_Instrument_old/dataset/logmel_songs/02/729302.npy
track_1358788,/content/drive/MyDrive/MTG_Instrument_old/dataset/logmel_songs/88/1358788.npy
track_0773680,/content/drive/MyDrive/MTG_Instrument_old/dataset/logmel_songs/80/773680.npy
track_0147074,/content/drive/MyDrive/MTG_Instrument_old/dataset/logmel_songs/74/147074.npy
track_0311275,/content/drive/MyDrive/MTG_Instrument_old/dataset/logmel_songs/75/311275.npy
track_1137274,/content/drive/MyDrive/MTG_Instrument_old/dataset/logmel_songs/74/1137274.npy
track_1274034,/content/drive/MyDrive/MTG_Instrument_old/dataset/logmel_songs/34/1274034.npy
track_1150739,/content/drive/MyDrive/MTG_Instrument_old/dataset/logmel_songs/39/1150739.npy
track_1169699,/content/drive/MyDrive/MTG_Instrument_old/dataset/logmel_songs/99/1169699.npy
track_0296236,/content/drive/MyDrive/MTG_Instrument_old/dataset/logmel_songs/36/296236.npy
track_1352532,/content/drive/MyDrive/MTG_Instrument_old/dataset/logmel_songs/32/1352532.npy
track_1153111,/content/drive/MyDrive/MTG_Instrument_old/dataset/logmel_songs/11/1153111.npy
track_1128909,/content/drive/MyDrive/MTG_Instrument_old/dataset/logmel_songs/09/1128909.npy
track_1144123,/content/drive/MyDrive/MTG_Instrument_old/dataset/logmel_songs/23/1144123.npy
track_1094516,/content/drive/MyDrive/MTG_Instrument_old/dataset/logmel_songs/16/1094516.npy
track_1159684,/content/drive/MyDrive/MTG_Instrument_old/dataset/logmel_songs/84/1159684.npy
track_1027880,/content/drive/MyDrive/MTG_Instrument_old/dataset/logmel_songs/80/1027880.npy
track_1038509,/content/drive/MyDrive/MTG_Instrument_old/dataset/logmel_songs/09/1038509.npy
track_1127767,/content/drive/MyDrive/MTG_Instrument_old/dataset/logmel_songs/67/1127767.npy
track_1321985,/content/drive/MyDrive/MTG_Instrument_old/dataset/logmel_songs/85/1321985.npy
track_1138770,/content/drive/MyDrive/MTG_Instrument_old/dataset/logmel_songs/70/1138770.npy
track_0579304,/content/drive/MyDrive/MTG_Instrument_old/dataset/logmel_songs/04/579304.npy
track_1417908,/content/drive/MyDrive/MTG_Instrument_old/dataset/logmel_songs/08/1417908.npy
track_1112008,/content/drive/MyDrive/MTG_Instrument_old/dataset/logmel_songs/08/1112008.npy
track_0119407,/content/drive/MyDrive/MTG_Instrument_old/dataset/logmel_songs/07/119407.npy
track_1074677,/content/drive/MyDrive/MTG_Instrument_old/dataset/logmel_songs/77/1074677.npy
track_1189653,/content/drive/MyDrive/MTG_Instrument_old/dataset/logmel_songs/53/1189653.npy
track_1030282,/content/drive/MyDrive/MTG_Instrument_old/dataset/logmel_songs/82/1030282.npy
track_0347566,/content/drive/MyDrive/MTG_Instrument_old/dataset/logmel_songs/66/347566.npy
track_1126678,/content/drive/MyDrive/MTG_Instrument_old/dataset/logmel_songs/78/1126678.npy
track_0988508,/content/drive/MyDrive/MTG_Instrument_old/dataset/logmel_songs/08/988508.npy
track_1075208,/content/drive/MyDrive/MTG_Instrument_old/dataset/logmel_songs/08/1075208.npy
track_0764957,/content/drive/MyDrive/MTG_Instrument_old/dataset/logmel_songs/57/764957.npy
track_1366155,/content/drive/MyDrive/MTG_Instrument_old/dataset/logmel_songs/55/1366155.npy
track_1404305,/content/drive/MyDrive/MTG_Instrument_old/dataset/logmel_songs/05/1404305.npy
track_1394780,/content/drive/MyDrive/MTG_Instrument_old/dataset/logmel_songs/80/1394780.npy
track_0501671,/content/drive/MyDrive/MTG_Instrument_old/dataset/logmel_songs/71/501671.npy
track_0517945,/content/drive/MyDrive/MTG_Instrument_old/dataset/logmel_songs/45/517945.npy
track_1274171,/content/drive/MyDrive/MTG_Instrument_old/dataset/logmel_songs/71/1274171.npy
track_1046465,/content/drive/MyDrive/MTG_Instrument_old/dataset/logmel_songs/65/1046465.npy
track_1371094,/content/drive/MyDrive/MTG_Instrument_old/dataset/logmel_songs/94/1371094.npy
track_0773678,/content/drive/MyDrive/MTG_Instrument_old/dataset/logmel_songs/78/773678.npy
track_0259900,/content/drive/MyDrive/MTG_Instrument_old/dataset/logmel_songs/00/259900.npy
track_1273979,/content/drive/MyDrive/MTG_Instrument_old/dataset/logmel_songs/79/1273979.npy
track_1231642,/content/drive/MyDrive/MTG_Instrument_old/dataset/logmel_songs/42/1231642.npy
track_1341045,/content/drive/MyDrive/MTG_Instrument_old/dataset/logmel_songs/45/1341045.npy
track_1119594,/content/drive/MyDrive/MTG_Instrument_old/dataset/logmel_songs/94/1119594.npy
track_1332191,/content/drive/MyDrive/MTG_Instrument_old/dataset/logmel_songs/91/1332191.npy
track_1127404,/content/drive/MyDrive/MTG_Instrument_old/dataset/logmel_songs/04/1127404.npy
track_1136346,/content/drive/MyDrive/MTG_Instrument_old/dataset/logmel_songs/46/1136346.npy
track_1270614,/content/drive/MyDrive/MTG_Instrument_old/dataset/logmel_songs/14/1270614.npy
track_1104966,/content/drive/MyDrive/MTG_Instrument_old/dataset/logmel_songs/66/1104966.npy
track_0382144,/content/drive/MyDrive/MTG_Instrument_old/dataset/logmel_songs/44/382144.npy
track_1137258,/content/drive/MyDrive/MTG_Instrument_old/dataset/logmel_songs/58/1137258.npy
track_1351139,/content/drive/MyDrive/MTG_Instrument_old/dataset/logmel_songs/39/1351139.npy
track_1133994,/content/drive/MyDrive/MTG_Instrument_old/dataset/logmel_songs/94/1133994.npy
track_0635546,/content/drive/MyDrive/MTG_Instrument_old/dataset/logmel_songs/46/635546.npy
track_0891600,/content/drive/MyDrive/MTG_Instrument_old/dataset/logmel_songs/00/891600.npy
track_0683803,/content/drive/MyDrive/MTG_Instrument_old/dataset/logmel_songs/03/683803.npy
track_0268681,/content/drive/MyDrive/MTG_Instrument_old/dataset/logmel_songs/81/268681.npy
track_0682504,/content/drive/MyDrive/MTG_Instrument_old/dataset/logmel_songs/04/682504.npy
track_1302675,/content/drive/MyDrive/MTG_Instrument_old/dataset/logmel_songs/75/1302675.npy
track_1056174,/content/drive/MyDrive/MTG_Instrument_old/dataset/logmel_songs/74/1056174.npy
track_0066676,/content/drive/MyDrive/MTG_Instrument_old/dataset/logmel_songs/76/66676.npy
track_0881055,/content/drive/MyDrive/MTG_Instrument_old/dataset/logmel_songs/55/881055.npy
track_0439627,/content/drive/MyDrive/MTG_Instrument_old/dataset/logmel_songs/27/439627.npy
track_0259517,/content/drive/MyDrive/MTG_Instrument_old/dataset/logmel_songs/17/259517.npy
track_1397809,/content/drive/MyDrive/MTG_Instrument_old/dataset/logmel_songs/09/1397809.npy
track_0921510,/content/drive/MyDrive/MTG_Instrument_old/dataset/logmel_songs/10/921510.npy
track_0081181,/content/drive/MyDrive/MTG_Instrument_old/dataset/logmel_songs/81/81181.npy
track_0380595,/content/drive/MyDrive/MTG_Instrument_old/dataset/logmel_songs/95/380595.npy
track_1369864,/content/drive/MyDrive/MTG_Instrument_old/dataset/logmel_songs/64/1369864.npy
track_1027879,/content/drive/MyDrive/MTG_Instrument_old/dataset/logmel_songs/79/1027879.npy
track_1415313,/content/drive/MyDrive/MTG_Instrument_old/dataset/logmel_songs/13/1415313.npy
track_0556350,/content/drive/MyDrive/MTG_Instrument_old/dataset/logmel_songs/50/556350.npy
track_1234244,/content/drive/MyDrive/MTG_Instrument_old/dataset/logmel_songs/44/1234244.npy
track_1043818,/content/drive/MyDrive/MTG_Instrument_old/dataset/logmel_songs/18/1043818.npy
track_1039759,/content/drive/MyDrive/MTG_Instrument_old/dataset/logmel_songs/59/1039759.npy
track_0961260,/content/drive/MyDrive/MTG_Instrument_old/dataset/logmel_songs/60/961260.npy
track_1076572,/content/drive/MyDrive/MTG_Instrument_old/dataset/logmel_songs/72/1076572.npy
track_1203672,/content/drive/MyDrive/MTG_Instrument_old/dataset/logmel_songs/72/1203672.npy
track_0026826,/content/drive/MyDrive/MTG_Instrument_old/dataset/logmel_songs/26/26826.npy
track_0000395,/content/drive/MyDrive/MTG_Instrument_old/dataset/logmel_songs/95/395.npy
track_1035010,/content/drive/MyDrive/MTG_Instrument_old/dataset/logmel_songs/10/1035010.npy
track_0219518,/content/drive/MyDrive/MTG_Instrument_old/dataset/logmel_songs/18/219518.npy
track_1026041,/content/drive/MyDrive/MTG_Instrument_old/dataset/logmel_songs/41/1026041.npy
track_0259695,/content/drive/MyDrive/MTG_Instrument_old/dataset/logmel_songs/95/259695.npy
track_1165465,/content/drive/MyDrive/MTG_Instrument_old/dataset/logmel_songs/65/1165465.npy
track_1174466,/content/drive/MyDrive/MTG_Instrument_old/dataset/logmel_songs/66/1174466.npy
track_1105050,/content/drive/MyDrive/MTG_Instrument_old/dataset/logmel_songs/50/1105050.npy
track_0771285,/content/drive/MyDrive/MTG_Instrument_old/dataset/logmel_songs/85/771285.npy
track_1123289,/content/drive/MyDrive/MTG_Instrument_old/dataset/logmel_songs/89/1123289.npy
track_1364935,/content/drive/MyDrive/MTG_Instrument_old/dataset/logmel_songs/35/1364935.npy
track_0078309,/content/drive/MyDrive/MTG_Instrument_old/dataset/logmel_songs/09/78309.npy
track_0244521,/content/drive/MyDrive/MTG_Instrument_old/dataset/logmel_songs/21/244521.npy
track_1149236,/content/drive/MyDrive/MTG_Instrument_old/dataset/logmel_songs/36/1149236.npy
track_1089222,/content/drive/MyDrive/MTG_Instrument_old/dataset/logmel_songs/22/1089222.npy
track_1132265,/content/drive/MyDrive/MTG_Instrument_old/dataset/logmel_songs/65/1132265.npy
track_1401998,/content/drive/MyDrive/MTG_Instrument_old/dataset/logmel_songs/98/1401998.npy
track_1098668,/content/drive/MyDrive/MTG_Instrument_old/dataset/logmel_songs/68/1098668.npy
track_1111545,/content/drive/MyDrive/MTG_Instrument_old/dataset/logmel_songs/45/1111545.npy
track_1099318,/content/drive/MyDrive/MTG_Instrument_old/dataset/logmel_songs/18/1099318.npy
track_0576998,/content/drive/MyDrive/MTG_Instrument_old/dataset/logmel_songs/98/576998.npy
track_0922822,/content/drive/MyDrive/MTG_Instrument_old/dataset/logmel_songs/22/922822.npy
track_0087998,/content/drive/MyDrive/MTG_Instrument_old/dataset/logmel_songs/98/87998.npy
track_1159949,/content/drive/MyDrive/MTG_Instrument_old/dataset/logmel_songs/49/1159949.npy
track_1164465,/content/drive/MyDrive/MTG_Instrument_old/dataset/logmel_songs/65/1164465.npy
track_0081025,/content/drive/MyDrive/MTG_Instrument_old/dataset/logmel_songs/25/81025.npy
track_0360983,/content/drive/MyDrive/MTG_Instrument_old/dataset/logmel_songs/83/360983.npy
track_1400964,/content/drive/MyDrive/MTG_Instrument_old/dataset/logmel_songs/64/1400964.npy
track_1191611,/content/drive/MyDrive/MTG_Instrument_old/dataset/logmel_songs/11/1191611.npy
track_0665851,/content/drive/MyDrive/MTG_Instrument_old/dataset/logmel_songs/51/665851.npy
track_0939256,/content/drive/MyDrive/MTG_Instrument_old/dataset/logmel_songs/56/939256.npy
track_1222552,/content/drive/MyDrive/MTG_Instrument_old/dataset/logmel_songs/52/1222552.npy
track_1090043,/content/drive/MyDrive/MTG_Instrument_old/dataset/logmel_songs/43/1090043.npy
track_1114713,/content/drive/MyDrive/MTG_Instrument_old/dataset/logmel_songs/13/1114713.npy
track_0619884,/content/drive/MyDrive/MTG_Instrument_old/dataset/logmel_songs/84/619884.npy
track_0556379,/content/drive/MyDrive/MTG_Instrument_old/dataset/logmel_songs/79/556379.npy
track_1222843,/content/drive/MyDrive/MTG_Instrument_old/dataset/logmel_songs/43/1222843.npy
track_1168168,/content/drive/MyDrive/MTG_Instrument_old/dataset/logmel_songs/68/1168168.npy
track_1366140,/content/drive/MyDrive/MTG_Instrument_old/dataset/logmel_songs/40/1366140.npy
track_1404306,/content/drive/MyDrive/MTG_Instrument_old/dataset/logmel_songs/06/1404306.npy
track_1389038,/content/drive/MyDrive/MTG_Instrument_old/dataset/logmel_songs/38/1389038.npy
track_0306669,/content/drive/MyDrive/MTG_Instrument_old/dataset/logmel_songs/69/306669.npy
track_1350758,/content/drive/MyDrive/MTG_Instrument_old/dataset/logmel_songs/58/1350758.npy
track_0844825,/content/drive/MyDrive/MTG_Instrument_old/dataset/logmel_songs/25/844825.npy
track_0081036,/content/drive/MyDrive/MTG_Instrument_old/dataset/logmel_songs/36/81036.npy
track_1326527,/content/drive/MyDrive/MTG_Instrument_old/dataset/logmel_songs/27/1326527.npy
track_0962731,/content/drive/MyDrive/MTG_Instrument_old/dataset/logmel_songs/31/962731.npy
track_1384789,/content/drive/MyDrive/MTG_Instrument_old/dataset/logmel_songs/89/1384789.npy
track_0078731,/content/drive/MyDrive/MTG_Instrument_old/dataset/logmel_songs/31/78731.npy
track_0571482,/content/drive/MyDrive/MTG_Instrument_old/dataset/logmel_songs/82/571482.npy
track_0973995,/content/drive/MyDrive/MTG_Instrument_old/dataset/logmel_songs/95/973995.npy
track_0571475,/content/drive/MyDrive/MTG_Instrument_old/dataset/logmel_songs/75/571475.npy
track_1028812,/content/drive/MyDrive/MTG_Instrument_old/dataset/logmel_songs/12/1028812.npy
track_1387670,/content/drive/MyDrive/MTG_Instrument_old/dataset/logmel_songs/70/1387670.npy
track_1250857,/content/drive/MyDrive/MTG_Instrument_old/dataset/logmel_songs/57/1250857.npy
track_0042765,/content/drive/MyDrive/MTG_Instrument_old/dataset/logmel_songs/65/42765.npy
track_1147244,/content/drive/MyDrive/MTG_Instrument_old/dataset/logmel_songs/44/1147244.npy
track_1138690,/content/drive/MyDrive/MTG_Instrument_old/dataset/logmel_songs/90/1138690.npy
track_0716986,/content/drive/MyDrive/MTG_Instrument_old/dataset/logmel_songs/86/716986.npy
track_1088078,/content/drive/MyDrive/MTG_Instrument_old/dataset/logmel_songs/78/1088078.npy
track_1159151,/content/drive/MyDrive/MTG_Instrument_old/dataset/logmel_songs/51/1159151.npy
track_0259899,/content/drive/MyDrive/MTG_Instrument_old/dataset/logmel_songs/99/259899.npy
track_0014020,/content/drive/MyDrive/MTG_Instrument_old/dataset/logmel_songs/20/14020.npy
track_1216156,/content/drive/MyDrive/MTG_Instrument_old/dataset/logmel_songs/56/1216156.npy
track_1416234,/content/drive/MyDrive/MTG_Instrument_old/dataset/logmel_songs/34/1416234.npy
track_0571480,/content/drive/MyDrive/MTG_Instrument_old/dataset/logmel_songs/80/571480.npy
track_1126703,/content/drive/MyDrive/MTG_Instrument_old/dataset/logmel_songs/03/1126703.npy
track_0462267,/content/drive/MyDrive/MTG_Instrument_old/dataset/logmel_songs/67/462267.npy
track_1365285,/content/drive/MyDrive/MTG_Instrument_old/dataset/logmel_songs/85/1365285.npy
track_1107281,/content/drive/MyDrive/MTG_Instrument_old/dataset/logmel_songs/81/1107281.npy
track_0700223,/content/drive/MyDrive/MTG_Instrument_old/dataset/logmel_songs/23/700223.npy
track_1208353,/content/drive/MyDrive/MTG_Instrument_old/dataset/logmel_songs/53/1208353.npy
track_1226206,/content/drive/MyDrive/MTG_Instrument_old/dataset/logmel_songs/06/1226206.npy
track_1329825,/content/drive/MyDrive/MTG_Instrument_old/dataset/logmel_songs/25/1329825.npy
track_1099978,/content/drive/MyDrive/MTG_Instrument_old/dataset/logmel_songs/78/1099978.npy
track_1101595,/content/drive/MyDrive/MTG_Instrument_old/dataset/logmel_songs/95/1101595.npy
track_1317905,/content/drive/MyDrive/MTG_Instrument_old/dataset/logmel_songs/05/1317905.npy
track_1380663,/content/drive/MyDrive/MTG_Instrument_old/dataset/logmel_songs/63/1380663.npy
track_1202175,/content/drive/MyDrive/MTG_Instrument_old/dataset/logmel_songs/75/1202175.npy
track_0659897,/content/drive/MyDrive/MTG_Instrument_old/dataset/logmel_songs/97/659897.npy
track_1039758,/content/drive/MyDrive/MTG_Instrument_old/dataset/logmel_songs/58/1039758.npy
track_1128218,/content/drive/MyDrive/MTG_Instrument_old/dataset/logmel_songs/18/1128218.npy
track_1043783,/content/drive/MyDrive/MTG_Instrument_old/dataset/logmel_songs/83/1043783.npy
track_1248259,/content/drive/MyDrive/MTG_Instrument_old/dataset/logmel_songs/59/1248259.npy
track_1243732,/content/drive/MyDrive/MTG_Instrument_old/dataset/logmel_songs/32/1243732.npy
track_1283760,/content/drive/MyDrive/MTG_Instrument_old/dataset/logmel_songs/60/1283760.npy
track_0325393,/content/drive/MyDrive/MTG_Instrument_old/dataset/logmel_songs/93/325393.npy
track_0202170,/content/drive/MyDrive/MTG_Instrument_old/dataset/logmel_songs/70/202170.npy
track_1274235,/content/drive/MyDrive/MTG_Instrument_old/dataset/logmel_songs/35/1274235.npy
track_1028797,/content/drive/MyDrive/MTG_Instrument_old/dataset/logmel_songs/97/1028797.npy
track_0482666,/content/drive/MyDrive/MTG_Instrument_old/dataset/logmel_songs/66/482666.npy
track_1320001,/content/drive/MyDrive/MTG_Instrument_old/dataset/logmel_songs/01/1320001.npy
track_0890567,/content/drive/MyDrive/MTG_Instrument_old/dataset/logmel_songs/67/890567.npy
track_0325365,/content/drive/MyDrive/MTG_Instrument_old/dataset/logmel_songs/65/325365.npy
track_1416041,/content/drive/MyDrive/MTG_Instrument_old/dataset/logmel_songs/41/1416041.npy
track_1123057,/content/drive/MyDrive/MTG_Instrument_old/dataset/logmel_songs/57/1123057.npy
track_1357566,/content/drive/MyDrive/MTG_Instrument_old/dataset/logmel_songs/66/1357566.npy
track_0873559,/content/drive/MyDrive/MTG_Instrument_old/dataset/logmel_songs/59/873559.npy
track_1098680,/content/drive/MyDrive/MTG_Instrument_old/dataset/logmel_songs/80/1098680.npy
track_0414112,/content/drive/MyDrive/MTG_Instrument_old/dataset/logmel_songs/12/414112.npy
track_0664815,/content/drive/MyDrive/MTG_Instrument_old/dataset/logmel_songs/15/664815.npy
track_1126034,/content/drive/MyDrive/MTG_Instrument_old/dataset/logmel_songs/34/1126034.npy
track_1364467,/content/drive/MyDrive/MTG_Instrument_old/dataset/logmel_songs/67/1364467.npy
track_0961137,/content/drive/MyDrive/MTG_Instrument_old/dataset/logmel_songs/37/961137.npy
track_1101583,/content/drive/MyDrive/MTG_Instrument_old/dataset/logmel_songs/83/1101583.npy
track_1337401,/content/drive/MyDrive/MTG_Instrument_old/dataset/logmel_songs/01/1337401.npy
track_1326222,/content/drive/MyDrive/MTG_Instrument_old/dataset/logmel_songs/22/1326222.npy
track_1155112,/content/drive/MyDrive/MTG_Instrument_old/dataset/logmel_songs/12/1155112.npy
track_1189939,/content/drive/MyDrive/MTG_Instrument_old/dataset/logmel_songs/39/1189939.npy
track_0665854,/content/drive/MyDrive/MTG_Instrument_old/dataset/logmel_songs/54/665854.npy
track_1366173,/content/drive/MyDrive/MTG_Instrument_old/dataset/logmel_songs/73/1366173.npy
track_1189950,/content/drive/MyDrive/MTG_Instrument_old/dataset/logmel_songs/50/1189950.npy
track_1372283,/content/drive/MyDrive/MTG_Instrument_old/dataset/logmel_songs/83/1372283.npy
track_0995827,/content/drive/MyDrive/MTG_Instrument_old/dataset/logmel_songs/27/995827.npy
track_0278344,/content/drive/MyDrive/MTG_Instrument_old/dataset/logmel_songs/44/278344.npy
track_1296632,/content/drive/MyDrive/MTG_Instrument_old/dataset/logmel_songs/32/1296632.npy
track_1137401,/content/drive/MyDrive/MTG_Instrument_old/dataset/logmel_songs/01/1137401.npy
track_0602722,/content/drive/MyDrive/MTG_Instrument_old/dataset/logmel_songs/22/602722.npy
track_1312892,/content/drive/MyDrive/MTG_Instrument_old/dataset/logmel_songs/92/1312892.npy
track_1072907,/content/drive/MyDrive/MTG_Instrument_old/dataset/logmel_songs/07/1072907.npy
track_1164988,/content/drive/MyDrive/MTG_Instrument_old/dataset/logmel_songs/88/1164988.npy
track_1101581,/content/drive/MyDrive/MTG_Instrument_old/dataset/logmel_songs/81/1101581.npy
track_1348113,/content/drive/MyDrive/MTG_Instrument_old/dataset/logmel_songs/13/1348113.npy
track_0913700,/content/drive/MyDrive/MTG_Instrument_old/dataset/logmel_songs/00/913700.npy
track_1399849,/content/drive/MyDrive/MTG_Instrument_old/dataset/logmel_songs/49/1399849.npy
track_1225956,/content/drive/MyDrive/MTG_Instrument_old/dataset/logmel_songs/56/1225956.npy
track_1078393,/content/drive/MyDrive/MTG_Instrument_old/dataset/logmel_songs/93/1078393.npy
track_1136879,/content/drive/MyDrive/MTG_Instrument_old/dataset/logmel_songs/79/1136879.npy
track_0665857,/content/drive/MyDrive/MTG_Instrument_old/dataset/logmel_songs/57/665857.npy
track_1379272,/content/drive/MyDrive/MTG_Instrument_old/dataset/logmel_songs/72/1379272.npy
track_1352261,/content/drive/MyDrive/MTG_Instrument_old/dataset/logmel_songs/61/1352261.npy
track_1194953,/content/drive/MyDrive/MTG_Instrument_old/dataset/logmel_songs/53/1194953.npy
track_1096084,/content/drive/MyDrive/MTG_Instrument_old/dataset/logmel_songs/84/1096084.npy
track_1149240,/content/drive/MyDrive/MTG_Instrument_old/dataset/logmel_songs/40/1149240.npy
track_1348048,/content/drive/MyDrive/MTG_Instrument_old/dataset/logmel_songs/48/1348048.npy
track_1372062,/content/drive/MyDrive/MTG_Instrument_old/dataset/logmel_songs/62/1372062.npy
track_1379954,/content/drive/MyDrive/MTG_Instrument_old/dataset/logmel_songs/54/1379954.npy
track_1051204,/content/drive/MyDrive/MTG_Instrument_old/dataset/logmel_songs/04/1051204.npy
track_1352264,/content/drive/MyDrive/MTG_Instrument_old/dataset/logmel_songs/64/1352264.npy
track_0967236,/content/drive/MyDrive/MTG_Instrument_old/dataset/logmel_songs/36/967236.npy
track_0873817,/content/drive/MyDrive/MTG_Instrument_old/dataset/logmel_songs/17/873817.npy
track_0725505,/content/drive/MyDrive/MTG_Instrument_old/dataset/logmel_songs/05/725505.npy
track_1272093,/content/drive/MyDrive/MTG_Instrument_old/dataset/logmel_songs/93/1272093.npy
track_1337946,/content/drive/MyDrive/MTG_Instrument_old/dataset/logmel_songs/46/1337946.npy
track_0891038,/content/drive/MyDrive/MTG_Instrument_old/dataset/logmel_songs/38/891038.npy
track_1149214,/content/drive/MyDrive/MTG_Instrument_old/dataset/logmel_songs/14/1149214.npy
track_1203893,/content/drive/MyDrive/MTG_Instrument_old/dataset/logmel_songs/93/1203893.npy
track_1288813,/content/drive/MyDrive/MTG_Instrument_old/dataset/logmel_songs/13/1288813.npy
track_1143940,/content/drive/MyDrive/MTG_Instrument_old/dataset/logmel_songs/40/1143940.npy
track_0711258,/content/drive/MyDrive/MTG_Instrument_old/dataset/logmel_songs/58/711258.npy
track_0347653,/content/drive/MyDrive/MTG_Instrument_old/dataset/logmel_songs/53/347653.npy
track_0272872,/content/drive/MyDrive/MTG_Instrument_old/dataset/logmel_songs/72/272872.npy
track_0773673,/content/drive/MyDrive/MTG_Instrument_old/dataset/logmel_songs/73/773673.npy
track_1148780,/content/drive/MyDrive/MTG_Instrument_old/dataset/logmel_songs/80/1148780.npy
track_1420944,/content/drive/MyDrive/MTG_Instrument_old/dataset/logmel_songs/44/1420944.npy
track_0088321,/content/drive/MyDrive/MTG_Instrument_old/dataset/logmel_songs/21/88321.npy
track_1278181,/content/drive/MyDrive/MTG_Instrument_old/dataset/logmel_songs/81/1278181.npy
track_0846409,/content/drive/MyDrive/MTG_Instrument_old/dataset/logmel_songs/09/846409.npy
track_1086156,/content/drive/MyDrive/MTG_Instrument_old/dataset/logmel_songs/56/1086156.npy
track_1187719,/content/drive/MyDrive/MTG_Instrument_old/dataset/logmel_songs/19/1187719.npy
track_0211416,/content/drive/MyDrive/MTG_Instrument_old/dataset/logmel_songs/16/211416.npy
track_0511069,/content/drive/MyDrive/MTG_Instrument_old/dataset/logmel_songs/69/511069.npy
track_0980765,/content/drive/MyDrive/MTG_Instrument_old/dataset/logmel_songs/65/980765.npy
track_0634500,/content/drive/MyDrive/MTG_Instrument_old/dataset/logmel_songs/00/634500.npy
track_0847329,/content/drive/MyDrive/MTG_Instrument_old/dataset/logmel_songs/29/847329.npy
track_1065621,/content/drive/MyDrive/MTG_Instrument_old/dataset/logmel_songs/21/1065621.npy
track_1188767,/content/drive/MyDrive/MTG_Instrument_old/dataset/logmel_songs/67/1188767.npy
track_1219366,/content/drive/MyDrive/MTG_Instrument_old/dataset/logmel_songs/66/1219366.npy
track_0802296,/content/drive/MyDrive/MTG_Instrument_old/dataset/logmel_songs/96/802296.npy
track_0202149,/content/drive/MyDrive/MTG_Instrument_old/dataset/logmel_songs/49/202149.npy
track_0244537,/content/drive/MyDrive/MTG_Instrument_old/dataset/logmel_songs/37/244537.npy
track_1364105,/content/drive/MyDrive/MTG_Instrument_old/dataset/logmel_songs/05/1364105.npy
track_0049023,/content/drive/MyDrive/MTG_Instrument_old/dataset/logmel_songs/23/49023.npy
track_1222786,/content/drive/MyDrive/MTG_Instrument_old/dataset/logmel_songs/86/1222786.npy
track_1082916,/content/drive/MyDrive/MTG_Instrument_old/dataset/logmel_songs/16/1082916.npy
track_0785627,/content/drive/MyDrive/MTG_Instrument_old/dataset/logmel_songs/27/785627.npy
track_0202182,/content/drive/MyDrive/MTG_Instrument_old/dataset/logmel_songs/82/202182.npy
track_1046471,/content/drive/MyDrive/MTG_Instrument_old/dataset/logmel_songs/71/1046471.npy
track_0575227,/content/drive/MyDrive/MTG_Instrument_old/dataset/logmel_songs/27/575227.npy
track_0873814,/content/drive/MyDrive/MTG_Instrument_old/dataset/logmel_songs/14/873814.npy
track_1165500,/content/drive/MyDrive/MTG_Instrument_old/dataset/logmel_songs/00/1165500.npy
track_1084365,/content/drive/MyDrive/MTG_Instrument_old/dataset/logmel_songs/65/1084365.npy
track_0313777,/content/drive/MyDrive/MTG_Instrument_old/dataset/logmel_songs/77/313777.npy
track_1248606,/content/drive/MyDrive/MTG_Instrument_old/dataset/logmel_songs/06/1248606.npy
track_0921511,/content/drive/MyDrive/MTG_Instrument_old/dataset/logmel_songs/11/921511.npy
track_1176205,/content/drive/MyDrive/MTG_Instrument_old/dataset/logmel_songs/05/1176205.npy
track_1394576,/content/drive/MyDrive/MTG_Instrument_old/dataset/logmel_songs/76/1394576.npy
track_0976757,/content/drive/MyDrive/MTG_Instrument_old/dataset/logmel_songs/57/976757.npy
track_1183080,/content/drive/MyDrive/MTG_Instrument_old/dataset/logmel_songs/80/1183080.npy
track_1052559,/content/drive/MyDrive/MTG_Instrument_old/dataset/logmel_songs/59/1052559.npy
track_0618461,/content/drive/MyDrive/MTG_Instrument_old/dataset/logmel_songs/61/618461.npy
track_1307679,/content/drive/MyDrive/MTG_Instrument_old/dataset/logmel_songs/79/1307679.npy
track_0049039,/content/drive/MyDrive/MTG_Instrument_old/dataset/logmel_songs/39/49039.npy
track_0865722,/content/drive/MyDrive/MTG_Instrument_old/dataset/logmel_songs/22/865722.npy
track_1341279,/content/drive/MyDrive/MTG_Instrument_old/dataset/logmel_songs/79/1341279.npy
track_1167081,/content/drive/MyDrive/MTG_Instrument_old/dataset/logmel_songs/81/1167081.npy
track_1068671,/content/drive/MyDrive/MTG_Instrument_old/dataset/logmel_songs/71/1068671.npy
track_1126010,/content/drive/MyDrive/MTG_Instrument_old/dataset/logmel_songs/10/1126010.npy
track_0081746,/content/drive/MyDrive/MTG_Instrument_old/dataset/logmel_songs/46/81746.npy
track_0242568,/content/drive/MyDrive/MTG_Instrument_old/dataset/logmel_songs/68/242568.npy
track_1384192,/content/drive/MyDrive/MTG_Instrument_old/dataset/logmel_songs/92/1384192.npy
track_1408400,/content/drive/MyDrive/MTG_Instrument_old/dataset/logmel_songs/00/1408400.npy
track_1202186,/content/drive/MyDrive/MTG_Instrument_old/dataset/logmel_songs/86/1202186.npy
track_1279769,/content/drive/MyDrive/MTG_Instrument_old/dataset/logmel_songs/69/1279769.npy
track_1231040,/content/drive/MyDrive/MTG_Instrument_old/dataset/logmel_songs/40/1231040.npy
track_1112340,/content/drive/MyDrive/MTG_Instrument_old/dataset/logmel_songs/40/1112340.npy
track_1414174,/content/drive/MyDrive/MTG_Instrument_old/dataset/logmel_songs/74/1414174.npy
track_0162037,/content/drive/MyDrive/MTG_Instrument_old/dataset/logmel_songs/37/162037.npy
track_1203873,/content/drive/MyDrive/MTG_Instrument_old/dataset/logmel_songs/73/1203873.npy
track_1102226,/content/drive/MyDrive/MTG_Instrument_old/dataset/logmel_songs/26/1102226.npy
track_0965441,/content/drive/MyDrive/MTG_Instrument_old/dataset/logmel_songs/41/965441.npy
track_0078730,/content/drive/MyDrive/MTG_Instrument_old/dataset/logmel_songs/30/78730.npy
track_1243724,/content/drive/MyDrive/MTG_Instrument_old/dataset/logmel_songs/24/1243724.npy
track_0771293,/content/drive/MyDrive/MTG_Instrument_old/dataset/logmel_songs/93/771293.npy
track_0585157,/content/drive/MyDrive/MTG_Instrument_old/dataset/logmel_songs/57/585157.npy
track_1106486,/content/drive/MyDrive/MTG_Instrument_old/dataset/logmel_songs/86/1106486.npy
track_1184702,/content/drive/MyDrive/MTG_Instrument_old/dataset/logmel_songs/02/1184702.npy
track_0491057,/content/drive/MyDrive/MTG_Instrument_old/dataset/logmel_songs/57/491057.npy
track_1110785,/content/drive/MyDrive/MTG_Instrument_old/dataset/logmel_songs/85/1110785.npy
track_0618458,/content/drive/MyDrive/MTG_Instrument_old/dataset/logmel_songs/58/618458.npy
track_0991715,/content/drive/MyDrive/MTG_Instrument_old/dataset/logmel_songs/15/991715.npy
track_1186432,/content/drive/MyDrive/MTG_Instrument_old/dataset/logmel_songs/32/1186432.npy
track_1160273,/content/drive/MyDrive/MTG_Instrument_old/dataset/logmel_songs/73/1160273.npy
track_1373039,/content/drive/MyDrive/MTG_Instrument_old/dataset/logmel_songs/39/1373039.npy
track_1147265,/content/drive/MyDrive/MTG_Instrument_old/dataset/logmel_songs/65/1147265.npy
track_1269812,/content/drive/MyDrive/MTG_Instrument_old/dataset/logmel_songs/12/1269812.npy
track_1039579,/content/drive/MyDrive/MTG_Instrument_old/dataset/logmel_songs/79/1039579.npy
track_1222615,/content/drive/MyDrive/MTG_Instrument_old/dataset/logmel_songs/15/1222615.npy
track_1073699,/content/drive/MyDrive/MTG_Instrument_old/dataset/logmel_songs/99/1073699.npy
track_1111981,/content/drive/MyDrive/MTG_Instrument_old/dataset/logmel_songs/81/1111981.npy
track_1124505,/content/drive/MyDrive/MTG_Instrument_old/dataset/logmel_songs/05/1124505.npy
track_0965442,/content/drive/MyDrive/MTG_Instrument_old/dataset/logmel_songs/42/965442.npy
track_0387029,/content/drive/MyDrive/MTG_Instrument_old/dataset/logmel_songs/29/387029.npy
track_0017493,/content/drive/MyDrive/MTG_Instrument_old/dataset/logmel_songs/93/17493.npy
track_1082910,/content/drive/MyDrive/MTG_Instrument_old/dataset/logmel_songs/10/1082910.npy
track_1226703,/content/drive/MyDrive/MTG_Instrument_old/dataset/logmel_songs/03/1226703.npy
track_1288116,/content/drive/MyDrive/MTG_Instrument_old/dataset/logmel_songs/16/1288116.npy
track_1243718,/content/drive/MyDrive/MTG_Instrument_old/dataset/logmel_songs/18/1243718.npy
track_0078306,/content/drive/MyDrive/MTG_Instrument_old/dataset/logmel_songs/06/78306.npy
track_0113461,/content/drive/MyDrive/MTG_Instrument_old/dataset/logmel_songs/61/113461.npy
track_1166101,/content/drive/MyDrive/MTG_Instrument_old/dataset/logmel_songs/01/1166101.npy
track_1053841,/content/drive/MyDrive/MTG_Instrument_old/dataset/logmel_songs/41/1053841.npy
track_1369651,/content/drive/MyDrive/MTG_Instrument_old/dataset/logmel_songs/51/1369651.npy
track_1039851,/content/drive/MyDrive/MTG_Instrument_old/dataset/logmel_songs/51/1039851.npy
track_0080759,/content/drive/MyDrive/MTG_Instrument_old/dataset/logmel_songs/59/80759.npy
track_1058898,/content/drive/MyDrive/MTG_Instrument_old/dataset/logmel_songs/98/1058898.npy
track_0439633,/content/drive/MyDrive/MTG_Instrument_old/dataset/logmel_songs/33/439633.npy
track_1163893,/content/drive/MyDrive/MTG_Instrument_old/dataset/logmel_songs/93/1163893.npy
track_1275453,/content/drive/MyDrive/MTG_Instrument_old/dataset/logmel_songs/53/1275453.npy
track_1339423,/content/drive/MyDrive/MTG_Instrument_old/dataset/logmel_songs/23/1339423.npy
track_1166110,/content/drive/MyDrive/MTG_Instrument_old/dataset/logmel_songs/10/1166110.npy
track_1313336,/content/drive/MyDrive/MTG_Instrument_old/dataset/logmel_songs/36/1313336.npy
track_0988511,/content/drive/MyDrive/MTG_Instrument_old/dataset/logmel_songs/11/988511.npy
track_1105055,/content/drive/MyDrive/MTG_Instrument_old/dataset/logmel_songs/55/1105055.npy
track_1397807,/content/drive/MyDrive/MTG_Instrument_old/dataset/logmel_songs/07/1397807.npy
track_1032701,/content/drive/MyDrive/MTG_Instrument_old/dataset/logmel_songs/01/1032701.npy
track_0035167,/content/drive/MyDrive/MTG_Instrument_old/dataset/logmel_songs/67/35167.npy
track_1131077,/content/drive/MyDrive/MTG_Instrument_old/dataset/logmel_songs/77/1131077.npy
track_0698637,/content/drive/MyDrive/MTG_Instrument_old/dataset/logmel_songs/37/698637.npy
track_1267752,/content/drive/MyDrive/MTG_Instrument_old/dataset/logmel_songs/52/1267752.npy
track_1235015,/content/drive/MyDrive/MTG_Instrument_old/dataset/logmel_songs/15/1235015.npy
track_0073118,/content/drive/MyDrive/MTG_Instrument_old/dataset/logmel_songs/18/73118.npy
track_0345286,/content/drive/MyDrive/MTG_Instrument_old/dataset/logmel_songs/86/345286.npy
track_1137277,/content/drive/MyDrive/MTG_Instrument_old/dataset/logmel_songs/77/1137277.npy
track_0875308,/content/drive/MyDrive/MTG_Instrument_old/dataset/logmel_songs/08/875308.npy
track_1012602,/content/drive/MyDrive/MTG_Instrument_old/dataset/logmel_songs/02/1012602.npy
track_1197331,/content/drive/MyDrive/MTG_Instrument_old/dataset/logmel_songs/31/1197331.npy
track_1137249,/content/drive/MyDrive/MTG_Instrument_old/dataset/logmel_songs/49/1137249.npy
track_1219427,/content/drive/MyDrive/MTG_Instrument_old/dataset/logmel_songs/27/1219427.npy
track_0785626,/content/drive/MyDrive/MTG_Instrument_old/dataset/logmel_songs/26/785626.npy
track_1326540,/content/drive/MyDrive/MTG_Instrument_old/dataset/logmel_songs/40/1326540.npy
track_0302314,/content/drive/MyDrive/MTG_Instrument_old/dataset/logmel_songs/14/302314.npy
track_1288817,/content/drive/MyDrive/MTG_Instrument_old/dataset/logmel_songs/17/1288817.npy
track_1397854,/content/drive/MyDrive/MTG_Instrument_old/dataset/logmel_songs/54/1397854.npy
track_0259542,/content/drive/MyDrive/MTG_Instrument_old/dataset/logmel_songs/42/259542.npy
track_1132142,/content/drive/MyDrive/MTG_Instrument_old/dataset/logmel_songs/42/1132142.npy
track_1109886,/content/drive/MyDrive/MTG_Instrument_old/dataset/logmel_songs/86/1109886.npy
track_1078481,/content/drive/MyDrive/MTG_Instrument_old/dataset/logmel_songs/81/1078481.npy
track_0369922,/content/drive/MyDrive/MTG_Instrument_old/dataset/logmel_songs/22/369922.npy
track_1272095,/content/drive/MyDrive/MTG_Instrument_old/dataset/logmel_songs/95/1272095.npy
track_1303221,/content/drive/MyDrive/MTG_Instrument_old/dataset/logmel_songs/21/1303221.npy
track_1130009,/content/drive/MyDrive/MTG_Instrument_old/dataset/logmel_songs/09/1130009.npy
track_0271746,/content/drive/MyDrive/MTG_Instrument_old/dataset/logmel_songs/46/271746.npy
track_1108069,/content/drive/MyDrive/MTG_Instrument_old/dataset/logmel_songs/69/1108069.npy
track_0663096,/content/drive/MyDrive/MTG_Instrument_old/dataset/logmel_songs/96/663096.npy
track_1030276,/content/drive/MyDrive/MTG_Instrument_old/dataset/logmel_songs/76/1030276.npy
track_1039570,/content/drive/MyDrive/MTG_Instrument_old/dataset/logmel_songs/70/1039570.npy
track_0900241,/content/drive/MyDrive/MTG_Instrument_old/dataset/logmel_songs/41/900241.npy
track_0047050,/content/drive/MyDrive/MTG_Instrument_old/dataset/logmel_songs/50/47050.npy
track_1395228,/content/drive/MyDrive/MTG_Instrument_old/dataset/logmel_songs/28/1395228.npy
track_1028809,/content/drive/MyDrive/MTG_Instrument_old/dataset/logmel_songs/09/1028809.npy
track_1097804,/content/drive/MyDrive/MTG_Instrument_old/dataset/logmel_songs/04/1097804.npy
track_1248617,/content/drive/MyDrive/MTG_Instrument_old/dataset/logmel_songs/17/1248617.npy
track_1011995,/content/drive/MyDrive/MTG_Instrument_old/dataset/logmel_songs/95/1011995.npy
track_1077730,/content/drive/MyDrive/MTG_Instrument_old/dataset/logmel_songs/30/1077730.npy
track_1316645,/content/drive/MyDrive/MTG_Instrument_old/dataset/logmel_songs/45/1316645.npy
track_1131458,/content/drive/MyDrive/MTG_Instrument_old/dataset/logmel_songs/58/1131458.npy
track_0355482,/content/drive/MyDrive/MTG_Instrument_old/dataset/logmel_songs/82/355482.npy
track_1118531,/content/drive/MyDrive/MTG_Instrument_old/dataset/logmel_songs/31/1118531.npy
track_1323016,/content/drive/MyDrive/MTG_Instrument_old/dataset/logmel_songs/16/1323016.npy
track_0347562,/content/drive/MyDrive/MTG_Instrument_old/dataset/logmel_songs/62/347562.npy
track_1194975,/content/drive/MyDrive/MTG_Instrument_old/dataset/logmel_songs/75/1194975.npy
track_0361002,/content/drive/MyDrive/MTG_Instrument_old/dataset/logmel_songs/02/361002.npy
track_1247310,/content/drive/MyDrive/MTG_Instrument_old/dataset/logmel_songs/10/1247310.npy
track_1069009,/content/drive/MyDrive/MTG_Instrument_old/dataset/logmel_songs/09/1069009.npy
track_1037062,/content/drive/MyDrive/MTG_Instrument_old/dataset/logmel_songs/62/1037062.npy
track_0618456,/content/drive/MyDrive/MTG_Instrument_old/dataset/logmel_songs/56/618456.npy
track_1374144,/content/drive/MyDrive/MTG_Instrument_old/dataset/logmel_songs/44/1374144.npy
track_1339414,/content/drive/MyDrive/MTG_Instrument_old/dataset/logmel_songs/14/1339414.npy
track_0292483,/content/drive/MyDrive/MTG_Instrument_old/dataset/logmel_songs/83/292483.npy
track_1051203,/content/drive/MyDrive/MTG_Instrument_old/dataset/logmel_songs/03/1051203.npy
track_0542419,/content/drive/MyDrive/MTG_Instrument_old/dataset/logmel_songs/19/542419.npy
track_0493143,/content/drive/MyDrive/MTG_Instrument_old/dataset/logmel_songs/43/493143.npy
track_1047941,/content/drive/MyDrive/MTG_Instrument_old/dataset/logmel_songs/41/1047941.npy
track_1066895,/content/drive/MyDrive/MTG_Instrument_old/dataset/logmel_songs/95/1066895.npy
track_0172015,/content/drive/MyDrive/MTG_Instrument_old/dataset/logmel_songs/15/172015.npy
track_0564210,/content/drive/MyDrive/MTG_Instrument_old/dataset/logmel_songs/10/564210.npy
track_1225496,/content/drive/MyDrive/MTG_Instrument_old/dataset/logmel_songs/96/1225496.npy
track_1394580,/content/drive/MyDrive/MTG_Instrument_old/dataset/logmel_songs/80/1394580.npy
track_1156021,/content/drive/MyDrive/MTG_Instrument_old/dataset/logmel_songs/21/1156021.npy
track_0601132,/content/drive/MyDrive/MTG_Instrument_old/dataset/logmel_songs/32/601132.npy
track_1375200,/content/drive/MyDrive/MTG_Instrument_old/dataset/logmel_songs/00/1375200.npy
track_0073076,/content/drive/MyDrive/MTG_Instrument_old/dataset/logmel_songs/76/73076.npy
track_1123943,/content/drive/MyDrive/MTG_Instrument_old/dataset/logmel_songs/43/1123943.npy
track_0007398,/content/drive/MyDrive/MTG_Instrument_old/dataset/logmel_songs/98/7398.npy
track_1157472,/content/drive/MyDrive/MTG_Instrument_old/dataset/logmel_songs/72/1157472.npy
track_0938057,/content/drive/MyDrive/MTG_Instrument_old/dataset/logmel_songs/57/938057.npy
track_1389407,/content/drive/MyDrive/MTG_Instrument_old/dataset/logmel_songs/07/1389407.npy
track_1068673,/content/drive/MyDrive/MTG_Instrument_old/dataset/logmel_songs/73/1068673.npy
track_1369432,/content/drive/MyDrive/MTG_Instrument_old/dataset/logmel_songs/32/1369432.npy
track_0662441,/content/drive/MyDrive/MTG_Instrument_old/dataset/logmel_songs/41/662441.npy
track_1064030,/content/drive/MyDrive/MTG_Instrument_old/dataset/logmel_songs/30/1064030.npy
track_0150827,/content/drive/MyDrive/MTG_Instrument_old/dataset/logmel_songs/27/150827.npy
track_0371274,/content/drive/MyDrive/MTG_Instrument_old/dataset/logmel_songs/74/371274.npy
track_0307087,/content/drive/MyDrive/MTG_Instrument_old/dataset/logmel_songs/87/307087.npy
track_0218557,/content/drive/MyDrive/MTG_Instrument_old/dataset/logmel_songs/57/218557.npy
track_1082092,/content/drive/MyDrive/MTG_Instrument_old/dataset/logmel_songs/92/1082092.npy
track_1372089,/content/drive/MyDrive/MTG_Instrument_old/dataset/logmel_songs/89/1372089.npy
track_0625208,/content/drive/MyDrive/MTG_Instrument_old/dataset/logmel_songs/08/625208.npy
track_1322924,/content/drive/MyDrive/MTG_Instrument_old/dataset/logmel_songs/24/1322924.npy
track_0799227,/content/drive/MyDrive/MTG_Instrument_old/dataset/logmel_songs/27/799227.npy
track_0031974,/content/drive/MyDrive/MTG_Instrument_old/dataset/logmel_songs/74/31974.npy
track_1397853,/content/drive/MyDrive/MTG_Instrument_old/dataset/logmel_songs/53/1397853.npy
track_1354682,/content/drive/MyDrive/MTG_Instrument_old/dataset/logmel_songs/82/1354682.npy
track_0975813,/content/drive/MyDrive/MTG_Instrument_old/dataset/logmel_songs/13/975813.npy
track_1126697,/content/drive/MyDrive/MTG_Instrument_old/dataset/logmel_songs/97/1126697.npy
track_0662421,/content/drive/MyDrive/MTG_Instrument_old/dataset/logmel_songs/21/662421.npy
track_1194761,/content/drive/MyDrive/MTG_Instrument_old/dataset/logmel_songs/61/1194761.npy
track_1112435,/content/drive/MyDrive/MTG_Instrument_old/dataset/logmel_songs/35/1112435.npy
track_0259817,/content/drive/MyDrive/MTG_Instrument_old/dataset/logmel_songs/17/259817.npy
track_0216409,/content/drive/MyDrive/MTG_Instrument_old/dataset/logmel_songs/09/216409.npy
track_1192534,/content/drive/MyDrive/MTG_Instrument_old/dataset/logmel_songs/34/1192534.npy
track_1096129,/content/drive/MyDrive/MTG_Instrument_old/dataset/logmel_songs/29/1096129.npy
track_1105054,/content/drive/MyDrive/MTG_Instrument_old/dataset/logmel_songs/54/1105054.npy
track_1154728,/content/drive/MyDrive/MTG_Instrument_old/dataset/logmel_songs/28/1154728.npy
track_0804123,/content/drive/MyDrive/MTG_Instrument_old/dataset/logmel_songs/23/804123.npy
track_0096894,/content/drive/MyDrive/MTG_Instrument_old/dataset/logmel_songs/94/96894.npy
track_0025242,/content/drive/MyDrive/MTG_Instrument_old/dataset/logmel_songs/42/25242.npy
track_0844329,/content/drive/MyDrive/MTG_Instrument_old/dataset/logmel_songs/29/844329.npy
track_0478350,/content/drive/MyDrive/MTG_Instrument_old/dataset/logmel_songs/50/478350.npy
track_1041499,/content/drive/MyDrive/MTG_Instrument_old/dataset/logmel_songs/99/1041499.npy
track_1149543,/content/drive/MyDrive/MTG_Instrument_old/dataset/logmel_songs/43/1149543.npy
track_1136384,/content/drive/MyDrive/MTG_Instrument_old/dataset/logmel_songs/84/1136384.npy
track_0505949,/content/drive/MyDrive/MTG_Instrument_old/dataset/logmel_songs/49/505949.npy
track_1123854,/content/drive/MyDrive/MTG_Instrument_old/dataset/logmel_songs/54/1123854.npy
track_1088002,/content/drive/MyDrive/MTG_Instrument_old/dataset/logmel_songs/02/1088002.npy
track_0026234,/content/drive/MyDrive/MTG_Instrument_old/dataset/logmel_songs/34/26234.npy
track_0878925,/content/drive/MyDrive/MTG_Instrument_old/dataset/logmel_songs/25/878925.npy
track_0935825,/content/drive/MyDrive/MTG_Instrument_old/dataset/logmel_songs/25/935825.npy
track_0219516,/content/drive/MyDrive/MTG_Instrument_old/dataset/logmel_songs/16/219516.npy
track_0459512,/content/drive/MyDrive/MTG_Instrument_old/dataset/logmel_songs/12/459512.npy
track_1051949,/content/drive/MyDrive/MTG_Instrument_old/dataset/logmel_songs/49/1051949.npy
track_0858548,/content/drive/MyDrive/MTG_Instrument_old/dataset/logmel_songs/48/858548.npy
track_0082800,/content/drive/MyDrive/MTG_Instrument_old/dataset/logmel_songs/00/82800.npy
track_0387022,/content/drive/MyDrive/MTG_Instrument_old/dataset/logmel_songs/22/387022.npy
track_1133359,/content/drive/MyDrive/MTG_Instrument_old/dataset/logmel_songs/59/1133359.npy
track_1101588,/content/drive/MyDrive/MTG_Instrument_old/dataset/logmel_songs/88/1101588.npy
track_0728919,/content/drive/MyDrive/MTG_Instrument_old/dataset/logmel_songs/19/728919.npy
track_1069339,/content/drive/MyDrive/MTG_Instrument_old/dataset/logmel_songs/39/1069339.npy
track_0242571,/content/drive/MyDrive/MTG_Instrument_old/dataset/logmel_songs/71/242571.npy
track_0991722,/content/drive/MyDrive/MTG_Instrument_old/dataset/logmel_songs/22/991722.npy
track_1137412,/content/drive/MyDrive/MTG_Instrument_old/dataset/logmel_songs/12/1137412.npy
track_0048722,/content/drive/MyDrive/MTG_Instrument_old/dataset/logmel_songs/22/48722.npy
track_1284355,/content/drive/MyDrive/MTG_Instrument_old/dataset/logmel_songs/55/1284355.npy
track_1232048,/content/drive/MyDrive/MTG_Instrument_old/dataset/logmel_songs/48/1232048.npy
track_1225041,/content/drive/MyDrive/MTG_Instrument_old/dataset/logmel_songs/41/1225041.npy
track_1373315,/content/drive/MyDrive/MTG_Instrument_old/dataset/logmel_songs/15/1373315.npy
track_1104849,/content/drive/MyDrive/MTG_Instrument_old/dataset/logmel_songs/49/1104849.npy
track_1104648,/content/drive/MyDrive/MTG_Instrument_old/dataset/logmel_songs/48/1104648.npy
track_1150270,/content/drive/MyDrive/MTG_Instrument_old/dataset/logmel_songs/70/1150270.npy
track_1231995,/content/drive/MyDrive/MTG_Instrument_old/dataset/logmel_songs/95/1231995.npy
track_1111543,/content/drive/MyDrive/MTG_Instrument_old/dataset/logmel_songs/43/1111543.npy
track_0081202,/content/drive/MyDrive/MTG_Instrument_old/dataset/logmel_songs/02/81202.npy
track_1275300,/content/drive/MyDrive/MTG_Instrument_old/dataset/logmel_songs/00/1275300.npy
track_0075170,/content/drive/MyDrive/MTG_Instrument_old/dataset/logmel_songs/70/75170.npy
track_1240417,/content/drive/MyDrive/MTG_Instrument_old/dataset/logmel_songs/17/1240417.npy
track_1104881,/content/drive/MyDrive/MTG_Instrument_old/dataset/logmel_songs/81/1104881.npy
track_1170739,/content/drive/MyDrive/MTG_Instrument_old/dataset/logmel_songs/39/1170739.npy
track_0482390,/content/drive/MyDrive/MTG_Instrument_old/dataset/logmel_songs/90/482390.npy
track_0088556,/content/drive/MyDrive/MTG_Instrument_old/dataset/logmel_songs/56/88556.npy
track_0949554,/content/drive/MyDrive/MTG_Instrument_old/dataset/logmel_songs/54/949554.npy
track_1236404,/content/drive/MyDrive/MTG_Instrument_old/dataset/logmel_songs/04/1236404.npy
track_1335380,/content/drive/MyDrive/MTG_Instrument_old/dataset/logmel_songs/80/1335380.npy
track_0139613,/content/drive/MyDrive/MTG_Instrument_old/dataset/logmel_songs/13/139613.npy
track_0035169,/content/drive/MyDrive/MTG_Instrument_old/dataset/logmel_songs/69/35169.npy
track_1282294,/content/drive/MyDrive/MTG_Instrument_old/dataset/logmel_songs/94/1282294.npy
track_1320010,/content/drive/MyDrive/MTG_Instrument_old/dataset/logmel_songs/10/1320010.npy
track_1150351,/content/drive/MyDrive/MTG_Instrument_old/dataset/logmel_songs/51/1150351.npy
track_1344338,/content/drive/MyDrive/MTG_Instrument_old/dataset/logmel_songs/38/1344338.npy
track_1224353,/content/drive/MyDrive/MTG_Instrument_old/dataset/logmel_songs/53/1224353.npy
track_1201670,/content/drive/MyDrive/MTG_Instrument_old/dataset/logmel_songs/70/1201670.npy
track_0565789,/content/drive/MyDrive/MTG_Instrument_old/dataset/logmel_songs/89/565789.npy
track_0191460,/content/drive/MyDrive/MTG_Instrument_old/dataset/logmel_songs/60/191460.npy
track_1009675,/content/drive/MyDrive/MTG_Instrument_old/dataset/logmel_songs/75/1009675.npy
track_1248254,/content/drive/MyDrive/MTG_Instrument_old/dataset/logmel_songs/54/1248254.npy
track_1209262,/content/drive/MyDrive/MTG_Instrument_old/dataset/logmel_songs/62/1209262.npy
track_0752575,/content/drive/MyDrive/MTG_Instrument_old/dataset/logmel_songs/75/752575.npy
track_1085217,/content/drive/MyDrive/MTG_Instrument_old/dataset/logmel_songs/17/1085217.npy
track_1234988,/content/drive/MyDrive/MTG_Instrument_old/dataset/logmel_songs/88/1234988.npy
track_1135192,/content/drive/MyDrive/MTG_Instrument_old/dataset/logmel_songs/92/1135192.npy
track_1143221,/content/drive/MyDrive/MTG_Instrument_old/dataset/logmel_songs/21/1143221.npy
track_1156097,/content/drive/MyDrive/MTG_Instrument_old/dataset/logmel_songs/97/1156097.npy
track_1353822,/content/drive/MyDrive/MTG_Instrument_old/dataset/logmel_songs/22/1353822.npy
track_0769000,/content/drive/MyDrive/MTG_Instrument_old/dataset/logmel_songs/00/769000.npy
track_0847262,/content/drive/MyDrive/MTG_Instrument_old/dataset/logmel_songs/62/847262.npy
track_1074704,/content/drive/MyDrive/MTG_Instrument_old/dataset/logmel_songs/04/1074704.npy
track_0897996,/content/drive/MyDrive/MTG_Instrument_old/dataset/logmel_songs/96/897996.npy
track_1089211,/content/drive/MyDrive/MTG_Instrument_old/dataset/logmel_songs/11/1089211.npy
track_0575215,/content/drive/MyDrive/MTG_Instrument_old/dataset/logmel_songs/15/575215.npy
track_1187042,/content/drive/MyDrive/MTG_Instrument_old/dataset/logmel_songs/42/1187042.npy
track_1171628,/content/drive/MyDrive/MTG_Instrument_old/dataset/logmel_songs/28/1171628.npy
track_1401340,/content/drive/MyDrive/MTG_Instrument_old/dataset/logmel_songs/40/1401340.npy
track_0936436,/content/drive/MyDrive/MTG_Instrument_old/dataset/logmel_songs/36/936436.npy
track_1184762,/content/drive/MyDrive/MTG_Instrument_old/dataset/logmel_songs/62/1184762.npy
track_0773679,/content/drive/MyDrive/MTG_Instrument_old/dataset/logmel_songs/79/773679.npy
track_1189940,/content/drive/MyDrive/MTG_Instrument_old/dataset/logmel_songs/40/1189940.npy
track_0979815,/content/drive/MyDrive/MTG_Instrument_old/dataset/logmel_songs/15/979815.npy
track_1195903,/content/drive/MyDrive/MTG_Instrument_old/dataset/logmel_songs/03/1195903.npy
track_1150482,/content/drive/MyDrive/MTG_Instrument_old/dataset/logmel_songs/82/1150482.npy
track_0494621,/content/drive/MyDrive/MTG_Instrument_old/dataset/logmel_songs/21/494621.npy
track_1044778,/content/drive/MyDrive/MTG_Instrument_old/dataset/logmel_songs/78/1044778.npy
track_0752299,/content/drive/MyDrive/MTG_Instrument_old/dataset/logmel_songs/99/752299.npy
track_0025989,/content/drive/MyDrive/MTG_Instrument_old/dataset/logmel_songs/89/25989.npy
track_1274164,/content/drive/MyDrive/MTG_Instrument_old/dataset/logmel_songs/64/1274164.npy
track_0761284,/content/drive/MyDrive/MTG_Instrument_old/dataset/logmel_songs/84/761284.npy
track_0835856,/content/drive/MyDrive/MTG_Instrument_old/dataset/logmel_songs/56/835856.npy
track_0997870,/content/drive/MyDrive/MTG_Instrument_old/dataset/logmel_songs/70/997870.npy
track_0992764,/content/drive/MyDrive/MTG_Instrument_old/dataset/logmel_songs/64/992764.npy
track_1202178,/content/drive/MyDrive/MTG_Instrument_old/dataset/logmel_songs/78/1202178.npy
track_1133179,/content/drive/MyDrive/MTG_Instrument_old/dataset/logmel_songs/79/1133179.npy
track_0669142,/content/drive/MyDrive/MTG_Instrument_old/dataset/logmel_songs/42/669142.npy
track_0704843,/content/drive/MyDrive/MTG_Instrument_old/dataset/logmel_songs/43/704843.npy
track_0865677,/content/drive/MyDrive/MTG_Instrument_old/dataset/logmel_songs/77/865677.npy
track_1171709,/content/drive/MyDrive/MTG_Instrument_old/dataset/logmel_songs/09/1171709.npy
track_0259815,/content/drive/MyDrive/MTG_Instrument_old/dataset/logmel_songs/15/259815.npy
track_1231643,/content/drive/MyDrive/MTG_Instrument_old/dataset/logmel_songs/43/1231643.npy
track_1165510,/content/drive/MyDrive/MTG_Instrument_old/dataset/logmel_songs/10/1165510.npy
track_1202190,/content/drive/MyDrive/MTG_Instrument_old/dataset/logmel_songs/90/1202190.npy
track_1126024,/content/drive/MyDrive/MTG_Instrument_old/dataset/logmel_songs/24/1126024.npy
track_1110299,/content/drive/MyDrive/MTG_Instrument_old/dataset/logmel_songs/99/1110299.npy
track_1086303,/content/drive/MyDrive/MTG_Instrument_old/dataset/logmel_songs/03/1086303.npy
track_0743965,/content/drive/MyDrive/MTG_Instrument_old/dataset/logmel_songs/65/743965.npy
track_0771289,/content/drive/MyDrive/MTG_Instrument_old/dataset/logmel_songs/89/771289.npy
track_1341278,/content/drive/MyDrive/MTG_Instrument_old/dataset/logmel_songs/78/1341278.npy
track_1210240,/content/drive/MyDrive/MTG_Instrument_old/dataset/logmel_songs/40/1210240.npy
track_0342258,/content/drive/MyDrive/MTG_Instrument_old/dataset/logmel_songs/58/342258.npy
track_1168018,/content/drive/MyDrive/MTG_Instrument_old/dataset/logmel_songs/18/1168018.npy
track_1279613,/content/drive/MyDrive/MTG_Instrument_old/dataset/logmel_songs/13/1279613.npy
track_0209091,/content/drive/MyDrive/MTG_Instrument_old/dataset/logmel_songs/91/209091.npy
track_0794804,/content/drive/MyDrive/MTG_Instrument_old/dataset/logmel_songs/04/794804.npy
track_0042767,/content/drive/MyDrive/MTG_Instrument_old/dataset/logmel_songs/67/42767.npy
track_1077726,/content/drive/MyDrive/MTG_Instrument_old/dataset/logmel_songs/26/1077726.npy
track_0226540,/content/drive/MyDrive/MTG_Instrument_old/dataset/logmel_songs/40/226540.npy
track_1327739,/content/drive/MyDrive/MTG_Instrument_old/dataset/logmel_songs/39/1327739.npy
track_1066144,/content/drive/MyDrive/MTG_Instrument_old/dataset/logmel_songs/44/1066144.npy
track_1189894,/content/drive/MyDrive/MTG_Instrument_old/dataset/logmel_songs/94/1189894.npy
track_1294001,/content/drive/MyDrive/MTG_Instrument_old/dataset/logmel_songs/01/1294001.npy
track_1125585,/content/drive/MyDrive/MTG_Instrument_old/dataset/logmel_songs/85/1125585.npy
track_0719850,/content/drive/MyDrive/MTG_Instrument_old/dataset/logmel_songs/50/719850.npy
track_0964540,/content/drive/MyDrive/MTG_Instrument_old/dataset/logmel_songs/40/964540.npy
track_1125675,/content/drive/MyDrive/MTG_Instrument_old/dataset/logmel_songs/75/1125675.npy
track_1417906,/content/drive/MyDrive/MTG_Instrument_old/dataset/logmel_songs/06/1417906.npy
track_0381087,/content/drive/MyDrive/MTG_Instrument_old/dataset/logmel_songs/87/381087.npy
track_1124169,/content/drive/MyDrive/MTG_Instrument_old/dataset/logmel_songs/69/1124169.npy
track_1374257,/content/drive/MyDrive/MTG_Instrument_old/dataset/logmel_songs/57/1374257.npy
track_1123294,/content/drive/MyDrive/MTG_Instrument_old/dataset/logmel_songs/94/1123294.npy
track_1096126,/content/drive/MyDrive/MTG_Instrument_old/dataset/logmel_songs/26/1096126.npy
track_1081526,/content/drive/MyDrive/MTG_Instrument_old/dataset/logmel_songs/26/1081526.npy
track_0383992,/content/drive/MyDrive/MTG_Instrument_old/dataset/logmel_songs/92/383992.npy
track_1089140,/content/drive/MyDrive/MTG_Instrument_old/dataset/logmel_songs/40/1089140.npy
track_0982406,/content/drive/MyDrive/MTG_Instrument_old/dataset/logmel_songs/06/982406.npy
track_1132247,/content/drive/MyDrive/MTG_Instrument_old/dataset/logmel_songs/47/1132247.npy
track_1171700,/content/drive/MyDrive/MTG_Instrument_old/dataset/logmel_songs/00/1171700.npy
track_1109962,/content/drive/MyDrive/MTG_Instrument_old/dataset/logmel_songs/62/1109962.npy
track_1186166,/content/drive/MyDrive/MTG_Instrument_old/dataset/logmel_songs/66/1186166.npy
track_0713738,/content/drive/MyDrive/MTG_Instrument_old/dataset/logmel_songs/38/713738.npy
track_0353341,/content/drive/MyDrive/MTG_Instrument_old/dataset/logmel_songs/41/353341.npy
track_0344574,/content/drive/MyDrive/MTG_Instrument_old/dataset/logmel_songs/74/344574.npy
track_1343394,/content/drive/MyDrive/MTG_Instrument_old/dataset/logmel_songs/94/1343394.npy
track_1261216,/content/drive/MyDrive/MTG_Instrument_old/dataset/logmel_songs/16/1261216.npy
track_0542789,/content/drive/MyDrive/MTG_Instrument_old/dataset/logmel_songs/89/542789.npy
track_1150276,/content/drive/MyDrive/MTG_Instrument_old/dataset/logmel_songs/76/1150276.npy
track_0602695,/content/drive/MyDrive/MTG_Instrument_old/dataset/logmel_songs/95/602695.npy
track_1346845,/content/drive/MyDrive/MTG_Instrument_old/dataset/logmel_songs/45/1346845.npy
track_0219537,/content/drive/MyDrive/MTG_Instrument_old/dataset/logmel_songs/37/219537.npy
track_1133177,/content/drive/MyDrive/MTG_Instrument_old/dataset/logmel_songs/77/1133177.npy
track_1350765,/content/drive/MyDrive/MTG_Instrument_old/dataset/logmel_songs/65/1350765.npy
track_1272092,/content/drive/MyDrive/MTG_Instrument_old/dataset/logmel_songs/92/1272092.npy
track_1068572,/content/drive/MyDrive/MTG_Instrument_old/dataset/logmel_songs/72/1068572.npy
track_1053404,/content/drive/MyDrive/MTG_Instrument_old/dataset/logmel_songs/04/1053404.npy
track_0785705,/content/drive/MyDrive/MTG_Instrument_old/dataset/logmel_songs/05/785705.npy
track_1374952,/content/drive/MyDrive/MTG_Instrument_old/dataset/logmel_songs/52/1374952.npy
track_1103994,/content/drive/MyDrive/MTG_Instrument_old/dataset/logmel_songs/94/1103994.npy
track_1097029,/content/drive/MyDrive/MTG_Instrument_old/dataset/logmel_songs/29/1097029.npy
track_1033504,/content/drive/MyDrive/MTG_Instrument_old/dataset/logmel_songs/04/1033504.npy
track_1372500,/content/drive/MyDrive/MTG_Instrument_old/dataset/logmel_songs/00/1372500.npy
track_1295529,/content/drive/MyDrive/MTG_Instrument_old/dataset/logmel_songs/29/1295529.npy
track_1297069,/content/drive/MyDrive/MTG_Instrument_old/dataset/logmel_songs/69/1297069.npy
track_1164989,/content/drive/MyDrive/MTG_Instrument_old/dataset/logmel_songs/89/1164989.npy
track_1320574,/content/drive/MyDrive/MTG_Instrument_old/dataset/logmel_songs/74/1320574.npy
track_1330385,/content/drive/MyDrive/MTG_Instrument_old/dataset/logmel_songs/85/1330385.npy
track_0891910,/content/drive/MyDrive/MTG_Instrument_old/dataset/logmel_songs/10/891910.npy
track_1372589,/content/drive/MyDrive/MTG_Instrument_old/dataset/logmel_songs/89/1372589.npy
track_1086347,/content/drive/MyDrive/MTG_Instrument_old/dataset/logmel_songs/47/1086347.npy
track_1177886,/content/drive/MyDrive/MTG_Instrument_old/dataset/logmel_songs/86/1177886.npy
track_0073149,/content/drive/MyDrive/MTG_Instrument_old/dataset/logmel_songs/49/73149.npy
track_1143153,/content/drive/MyDrive/MTG_Instrument_old/dataset/logmel_songs/53/1143153.npy
track_1127392,/content/drive/MyDrive/MTG_Instrument_old/dataset/logmel_songs/92/1127392.npy
track_0253757,/content/drive/MyDrive/MTG_Instrument_old/dataset/logmel_songs/57/253757.npy
track_0082642,/content/drive/MyDrive/MTG_Instrument_old/dataset/logmel_songs/42/82642.npy
track_0780389,/content/drive/MyDrive/MTG_Instrument_old/dataset/logmel_songs/89/780389.npy
track_0000955,/content/drive/MyDrive/MTG_Instrument_old/dataset/logmel_songs/55/955.npy
track_1385196,/content/drive/MyDrive/MTG_Instrument_old/dataset/logmel_songs/96/1385196.npy
track_0373290,/content/drive/MyDrive/MTG_Instrument_old/dataset/logmel_songs/90/373290.npy
track_1234093,/content/drive/MyDrive/MTG_Instrument_old/dataset/logmel_songs/93/1234093.npy
track_1219472,/content/drive/MyDrive/MTG_Instrument_old/dataset/logmel_songs/72/1219472.npy
track_1349482,/content/drive/MyDrive/MTG_Instrument_old/dataset/logmel_songs/82/1349482.npy
track_1320020,/content/drive/MyDrive/MTG_Instrument_old/dataset/logmel_songs/20/1320020.npy
track_1076454,/content/drive/MyDrive/MTG_Instrument_old/dataset/logmel_songs/54/1076454.npy
track_1087886,/content/drive/MyDrive/MTG_Instrument_old/dataset/logmel_songs/86/1087886.npy
track_0996996,/content/drive/MyDrive/MTG_Instrument_old/dataset/logmel_songs/96/996996.npy
track_1128044,/content/drive/MyDrive/MTG_Instrument_old/dataset/logmel_songs/44/1128044.npy
track_1097134,/content/drive/MyDrive/MTG_Instrument_old/dataset/logmel_songs/34/1097134.npy
track_1367654,/content/drive/MyDrive/MTG_Instrument_old/dataset/logmel_songs/54/1367654.npy
track_1380834,/content/drive/MyDrive/MTG_Instrument_old/dataset/logmel_songs/34/1380834.npy
track_1037052,/content/drive/MyDrive/MTG_Instrument_old/dataset/logmel_songs/52/1037052.npy
track_1075182,/content/drive/MyDrive/MTG_Instrument_old/dataset/logmel_songs/82/1075182.npy
track_0139517,/content/drive/MyDrive/MTG_Instrument_old/dataset/logmel_songs/17/139517.npy
track_1312860,/content/drive/MyDrive/MTG_Instrument_old/dataset/logmel_songs/60/1312860.npy
track_0014013,/content/drive/MyDrive/MTG_Instrument_old/dataset/logmel_songs/13/14013.npy
track_0842774,/content/drive/MyDrive/MTG_Instrument_old/dataset/logmel_songs/74/842774.npy
track_0890974,/content/drive/MyDrive/MTG_Instrument_old/dataset/logmel_songs/74/890974.npy
track_1107022,/content/drive/MyDrive/MTG_Instrument_old/dataset/logmel_songs/22/1107022.npy
track_1070607,/content/drive/MyDrive/MTG_Instrument_old/dataset/logmel_songs/07/1070607.npy
track_0903594,/content/drive/MyDrive/MTG_Instrument_old/dataset/logmel_songs/94/903594.npy
track_1126702,/content/drive/MyDrive/MTG_Instrument_old/dataset/logmel_songs/02/1126702.npy
track_0517944,/content/drive/MyDrive/MTG_Instrument_old/dataset/logmel_songs/44/517944.npy
track_0897318,/content/drive/MyDrive/MTG_Instrument_old/dataset/logmel_songs/18/897318.npy
track_1097126,/content/drive/MyDrive/MTG_Instrument_old/dataset/logmel_songs/26/1097126.npy
track_1217790,/content/drive/MyDrive/MTG_Instrument_old/dataset/logmel_songs/90/1217790.npy
track_0581066,/content/drive/MyDrive/MTG_Instrument_old/dataset/logmel_songs/66/581066.npy
track_1398422,/content/drive/MyDrive/MTG_Instrument_old/dataset/logmel_songs/22/1398422.npy
track_0768398,/content/drive/MyDrive/MTG_Instrument_old/dataset/logmel_songs/98/768398.npy
track_1033575,/content/drive/MyDrive/MTG_Instrument_old/dataset/logmel_songs/75/1033575.npy
track_1231045,/content/drive/MyDrive/MTG_Instrument_old/dataset/logmel_songs/45/1231045.npy
track_1400502,/content/drive/MyDrive/MTG_Instrument_old/dataset/logmel_songs/02/1400502.npy
track_1221852,/content/drive/MyDrive/MTG_Instrument_old/dataset/logmel_songs/52/1221852.npy
track_1102196,/content/drive/MyDrive/MTG_Instrument_old/dataset/logmel_songs/96/1102196.npy
track_0151024,/content/drive/MyDrive/MTG_Instrument_old/dataset/logmel_songs/24/151024.npy
track_1082098,/content/drive/MyDrive/MTG_Instrument_old/dataset/logmel_songs/98/1082098.npy
track_0760009,/content/drive/MyDrive/MTG_Instrument_old/dataset/logmel_songs/09/760009.npy
track_0647528,/content/drive/MyDrive/MTG_Instrument_old/dataset/logmel_songs/28/647528.npy
track_1098484,/content/drive/MyDrive/MTG_Instrument_old/dataset/logmel_songs/84/1098484.npy
track_0034855,/content/drive/MyDrive/MTG_Instrument_old/dataset/logmel_songs/55/34855.npy
track_1056140,/content/drive/MyDrive/MTG_Instrument_old/dataset/logmel_songs/40/1056140.npy
track_1073701,/content/drive/MyDrive/MTG_Instrument_old/dataset/logmel_songs/01/1073701.npy
track_1081801,/content/drive/MyDrive/MTG_Instrument_old/dataset/logmel_songs/01/1081801.npy
track_1063454,/content/drive/MyDrive/MTG_Instrument_old/dataset/logmel_songs/54/1063454.npy
track_1289132,/content/drive/MyDrive/MTG_Instrument_old/dataset/logmel_songs/32/1289132.npy
track_1277892,/content/drive/MyDrive/MTG_Instrument_old/dataset/logmel_songs/92/1277892.npy
track_1098500,/content/drive/MyDrive/MTG_Instrument_old/dataset/logmel_songs/00/1098500.npy
track_1112018,/content/drive/MyDrive/MTG_Instrument_old/dataset/logmel_songs/18/1112018.npy
track_0785423,/content/drive/MyDrive/MTG_Instrument_old/dataset/logmel_songs/23/785423.npy
track_1401330,/content/drive/MyDrive/MTG_Instrument_old/dataset/logmel_songs/30/1401330.npy
track_1388864,/content/drive/MyDrive/MTG_Instrument_old/dataset/logmel_songs/64/1388864.npy
track_1408515,/content/drive/MyDrive/MTG_Instrument_old/dataset/logmel_songs/15/1408515.npy
track_1169727,/content/drive/MyDrive/MTG_Instrument_old/dataset/logmel_songs/27/1169727.npy
track_0890540,/content/drive/MyDrive/MTG_Instrument_old/dataset/logmel_songs/40/890540.npy
track_0897309,/content/drive/MyDrive/MTG_Instrument_old/dataset/logmel_songs/09/897309.npy
track_0785620,/content/drive/MyDrive/MTG_Instrument_old/dataset/logmel_songs/20/785620.npy
track_1414397,/content/drive/MyDrive/MTG_Instrument_old/dataset/logmel_songs/97/1414397.npy
track_1203321,/content/drive/MyDrive/MTG_Instrument_old/dataset/logmel_songs/21/1203321.npy
track_1350373,/content/drive/MyDrive/MTG_Instrument_old/dataset/logmel_songs/73/1350373.npy
track_0015658,/content/drive/MyDrive/MTG_Instrument_old/dataset/logmel_songs/58/15658.npy
track_1300329,/content/drive/MyDrive/MTG_Instrument_old/dataset/logmel_songs/29/1300329.npy
track_0903590,/content/drive/MyDrive/MTG_Instrument_old/dataset/logmel_songs/90/903590.npy
track_1075200,/content/drive/MyDrive/MTG_Instrument_old/dataset/logmel_songs/00/1075200.npy
track_1171067,/content/drive/MyDrive/MTG_Instrument_old/dataset/logmel_songs/67/1171067.npy
track_1330446,/content/drive/MyDrive/MTG_Instrument_old/dataset/logmel_songs/46/1330446.npy
track_1096934,/content/drive/MyDrive/MTG_Instrument_old/dataset/logmel_songs/34/1096934.npy
track_0381086,/content/drive/MyDrive/MTG_Instrument_old/dataset/logmel_songs/86/381086.npy
track_1110379,/content/drive/MyDrive/MTG_Instrument_old/dataset/logmel_songs/79/1110379.npy
track_1137266,/content/drive/MyDrive/MTG_Instrument_old/dataset/logmel_songs/66/1137266.npy
track_1339347,/content/drive/MyDrive/MTG_Instrument_old/dataset/logmel_songs/47/1339347.npy
track_1075214,/content/drive/MyDrive/MTG_Instrument_old/dataset/logmel_songs/14/1075214.npy
track_0047053,/content/drive/MyDrive/MTG_Instrument_old/dataset/logmel_songs/53/47053.npy
track_1264350,/content/drive/MyDrive/MTG_Instrument_old/dataset/logmel_songs/50/1264350.npy
track_1029328,/content/drive/MyDrive/MTG_Instrument_old/dataset/logmel_songs/28/1029328.npy
track_1341953,/content/drive/MyDrive/MTG_Instrument_old/dataset/logmel_songs/53/1341953.npy
track_1320023,/content/drive/MyDrive/MTG_Instrument_old/dataset/logmel_songs/23/1320023.npy
track_1358777,/content/drive/MyDrive/MTG_Instrument_old/dataset/logmel_songs/77/1358777.npy
track_1063105,/content/drive/MyDrive/MTG_Instrument_old/dataset/logmel_songs/05/1063105.npy
track_0390001,/content/drive/MyDrive/MTG_Instrument_old/dataset/logmel_songs/01/390001.npy
track_0501672,/content/drive/MyDrive/MTG_Instrument_old/dataset/logmel_songs/72/501672.npy
track_0166604,/content/drive/MyDrive/MTG_Instrument_old/dataset/logmel_songs/04/166604.npy
track_0272871,/content/drive/MyDrive/MTG_Instrument_old/dataset/logmel_songs/71/272871.npy
track_0371277,/content/drive/MyDrive/MTG_Instrument_old/dataset/logmel_songs/77/371277.npy
track_1402278,/content/drive/MyDrive/MTG_Instrument_old/dataset/logmel_songs/78/1402278.npy
track_0402848,/content/drive/MyDrive/MTG_Instrument_old/dataset/logmel_songs/48/402848.npy
track_0202195,/content/drive/MyDrive/MTG_Instrument_old/dataset/logmel_songs/95/202195.npy
track_1049278,/content/drive/MyDrive/MTG_Instrument_old/dataset/logmel_songs/78/1049278.npy
track_1272096,/content/drive/MyDrive/MTG_Instrument_old/dataset/logmel_songs/96/1272096.npy
track_0319802,/content/drive/MyDrive/MTG_Instrument_old/dataset/logmel_songs/02/319802.npy
track_0749612,/content/drive/MyDrive/MTG_Instrument_old/dataset/logmel_songs/12/749612.npy
track_1405040,/content/drive/MyDrive/MTG_Instrument_old/dataset/logmel_songs/40/1405040.npy
track_1056823,/content/drive/MyDrive/MTG_Instrument_old/dataset/logmel_songs/23/1056823.npy
track_1080394,/content/drive/MyDrive/MTG_Instrument_old/dataset/logmel_songs/94/1080394.npy
track_0081283,/content/drive/MyDrive/MTG_Instrument_old/dataset/logmel_songs/83/81283.npy
track_1316758,/content/drive/MyDrive/MTG_Instrument_old/dataset/logmel_songs/58/1316758.npy
track_0913702,/content/drive/MyDrive/MTG_Instrument_old/dataset/logmel_songs/02/913702.npy
track_1059975,/content/drive/MyDrive/MTG_Instrument_old/dataset/logmel_songs/75/1059975.npy
track_1341270,/content/drive/MyDrive/MTG_Instrument_old/dataset/logmel_songs/70/1341270.npy
track_1335151,/content/drive/MyDrive/MTG_Instrument_old/dataset/logmel_songs/51/1335151.npy
track_1418335,/content/drive/MyDrive/MTG_Instrument_old/dataset/logmel_songs/35/1418335.npy
track_1284529,/content/drive/MyDrive/MTG_Instrument_old/dataset/logmel_songs/29/1284529.npy
track_0073153,/content/drive/MyDrive/MTG_Instrument_old/dataset/logmel_songs/53/73153.npy
track_1148774,/content/drive/MyDrive/MTG_Instrument_old/dataset/logmel_songs/74/1148774.npy
track_1171561,/content/drive/MyDrive/MTG_Instrument_old/dataset/logmel_songs/61/1171561.npy
track_0986862,/content/drive/MyDrive/MTG_Instrument_old/dataset/logmel_songs/62/986862.npy
track_0759145,/content/drive/MyDrive/MTG_Instrument_old/dataset/logmel_songs/45/759145.npy
track_0346272,/content/drive/MyDrive/MTG_Instrument_old/dataset/logmel_songs/72/346272.npy
track_1054438,/content/drive/MyDrive/MTG_Instrument_old/dataset/logmel_songs/38/1054438.npy
track_0967235,/content/drive/MyDrive/MTG_Instrument_old/dataset/logmel_songs/35/967235.npy
track_1193235,/content/drive/MyDrive/MTG_Instrument_old/dataset/logmel_songs/35/1193235.npy
track_1277826,/content/drive/MyDrive/MTG_Instrument_old/dataset/logmel_songs/26/1277826.npy
track_0405785,/content/drive/MyDrive/MTG_Instrument_old/dataset/logmel_songs/85/405785.npy
track_0081190,/content/drive/MyDrive/MTG_Instrument_old/dataset/logmel_songs/90/81190.npy
track_1063327,/content/drive/MyDrive/MTG_Instrument_old/dataset/logmel_songs/27/1063327.npy
track_0155325,/content/drive/MyDrive/MTG_Instrument_old/dataset/logmel_songs/25/155325.npy
track_1132181,/content/drive/MyDrive/MTG_Instrument_old/dataset/logmel_songs/81/1132181.npy
track_1337334,/content/drive/MyDrive/MTG_Instrument_old/dataset/logmel_songs/34/1337334.npy
track_1150486,/content/drive/MyDrive/MTG_Instrument_old/dataset/logmel_songs/86/1150486.npy
track_0232891,/content/drive/MyDrive/MTG_Instrument_old/dataset/logmel_songs/91/232891.npy
track_1227741,/content/drive/MyDrive/MTG_Instrument_old/dataset/logmel_songs/41/1227741.npy
track_1039358,/content/drive/MyDrive/MTG_Instrument_old/dataset/logmel_songs/58/1039358.npy
track_1029323,/content/drive/MyDrive/MTG_Instrument_old/dataset/logmel_songs/23/1029323.npy
track_1405032,/content/drive/MyDrive/MTG_Instrument_old/dataset/logmel_songs/32/1405032.npy
track_1114031,/content/drive/MyDrive/MTG_Instrument_old/dataset/logmel_songs/31/1114031.npy
track_1156090,/content/drive/MyDrive/MTG_Instrument_old/dataset/logmel_songs/90/1156090.npy
track_1101376,/content/drive/MyDrive/MTG_Instrument_old/dataset/logmel_songs/76/1101376.npy
track_1072911,/content/drive/MyDrive/MTG_Instrument_old/dataset/logmel_songs/11/1072911.npy
track_0470793,/content/drive/MyDrive/MTG_Instrument_old/dataset/logmel_songs/93/470793.npy
track_1127783,/content/drive/MyDrive/MTG_Instrument_old/dataset/logmel_songs/83/1127783.npy
track_0383570,/content/drive/MyDrive/MTG_Instrument_old/dataset/logmel_songs/70/383570.npy
track_1231497,/content/drive/MyDrive/MTG_Instrument_old/dataset/logmel_songs/97/1231497.npy
track_1399549,/content/drive/MyDrive/MTG_Instrument_old/dataset/logmel_songs/49/1399549.npy
track_1284740,/content/drive/MyDrive/MTG_Instrument_old/dataset/logmel_songs/40/1284740.npy
track_1118834,/content/drive/MyDrive/MTG_Instrument_old/dataset/logmel_songs/34/1118834.npy
track_0908091,/content/drive/MyDrive/MTG_Instrument_old/dataset/logmel_songs/91/908091.npy
track_1164982,/content/drive/MyDrive/MTG_Instrument_old/dataset/logmel_songs/82/1164982.npy
track_1084674,/content/drive/MyDrive/MTG_Instrument_old/dataset/logmel_songs/74/1084674.npy
track_1166929,/content/drive/MyDrive/MTG_Instrument_old/dataset/logmel_songs/29/1166929.npy
track_1194759,/content/drive/MyDrive/MTG_Instrument_old/dataset/logmel_songs/59/1194759.npy
track_0564209,/content/drive/MyDrive/MTG_Instrument_old/dataset/logmel_songs/09/564209.npy
track_1011642,/content/drive/MyDrive/MTG_Instrument_old/dataset/logmel_songs/42/1011642.npy
track_1330453,/content/drive/MyDrive/MTG_Instrument_old/dataset/logmel_songs/53/1330453.npy
track_0674310,/content/drive/MyDrive/MTG_Instrument_old/dataset/logmel_songs/10/674310.npy
track_1248600,/content/drive/MyDrive/MTG_Instrument_old/dataset/logmel_songs/00/1248600.npy
track_1389168,/content/drive/MyDrive/MTG_Instrument_old/dataset/logmel_songs/68/1389168.npy
track_1215628,/content/drive/MyDrive/MTG_Instrument_old/dataset/logmel_songs/28/1215628.npy
track_1114497,/content/drive/MyDrive/MTG_Instrument_old/dataset/logmel_songs/97/1114497.npy
track_1088066,/content/drive/MyDrive/MTG_Instrument_old/dataset/logmel_songs/66/1088066.npy
track_0498817,/content/drive/MyDrive/MTG_Instrument_old/dataset/logmel_songs/17/498817.npy
track_1118537,/content/drive/MyDrive/MTG_Instrument_old/dataset/logmel_songs/37/1118537.npy
track_1379863,/content/drive/MyDrive/MTG_Instrument_old/dataset/logmel_songs/63/1379863.npy
track_1111830,/content/drive/MyDrive/MTG_Instrument_old/dataset/logmel_songs/30/1111830.npy
track_1264972,/content/drive/MyDrive/MTG_Instrument_old/dataset/logmel_songs/72/1264972.npy
track_0785436,/content/drive/MyDrive/MTG_Instrument_old/dataset/logmel_songs/36/785436.npy
track_1133985,/content/drive/MyDrive/MTG_Instrument_old/dataset/logmel_songs/85/1133985.npy
track_0133660,/content/drive/MyDrive/MTG_Instrument_old/dataset/logmel_songs/60/133660.npy
track_1273980,/content/drive/MyDrive/MTG_Instrument_old/dataset/logmel_songs/80/1273980.npy
track_0914766,/content/drive/MyDrive/MTG_Instrument_old/dataset/logmel_songs/66/914766.npy
track_1251685,/content/drive/MyDrive/MTG_Instrument_old/dataset/logmel_songs/85/1251685.npy
track_1143154,/content/drive/MyDrive/MTG_Instrument_old/dataset/logmel_songs/54/1143154.npy
track_1193021,/content/drive/MyDrive/MTG_Instrument_old/dataset/logmel_songs/21/1193021.npy
track_1103312,/content/drive/MyDrive/MTG_Instrument_old/dataset/logmel_songs/12/1103312.npy
track_1009559,/content/drive/MyDrive/MTG_Instrument_old/dataset/logmel_songs/59/1009559.npy
track_0665853,/content/drive/MyDrive/MTG_Instrument_old/dataset/logmel_songs/53/665853.npy
track_0959164,/content/drive/MyDrive/MTG_Instrument_old/dataset/logmel_songs/64/959164.npy
track_1225042,/content/drive/MyDrive/MTG_Instrument_old/dataset/logmel_songs/42/1225042.npy
track_1015565,/content/drive/MyDrive/MTG_Instrument_old/dataset/logmel_songs/65/1015565.npy
track_1164635,/content/drive/MyDrive/MTG_Instrument_old/dataset/logmel_songs/35/1164635.npy
track_1271786,/content/drive/MyDrive/MTG_Instrument_old/dataset/logmel_songs/86/1271786.npy
track_0918871,/content/drive/MyDrive/MTG_Instrument_old/dataset/logmel_songs/71/918871.npy
track_1383957,/content/drive/MyDrive/MTG_Instrument_old/dataset/logmel_songs/57/1383957.npy
track_1128035,/content/drive/MyDrive/MTG_Instrument_old/dataset/logmel_songs/35/1128035.npy
track_1026346,/content/drive/MyDrive/MTG_Instrument_old/dataset/logmel_songs/46/1026346.npy
track_1158501,/content/drive/MyDrive/MTG_Instrument_old/dataset/logmel_songs/01/1158501.npy
track_1348658,/content/drive/MyDrive/MTG_Instrument_old/dataset/logmel_songs/58/1348658.npy
track_1277850,/content/drive/MyDrive/MTG_Instrument_old/dataset/logmel_songs/50/1277850.npy
track_1103453,/content/drive/MyDrive/MTG_Instrument_old/dataset/logmel_songs/53/1103453.npy
track_0839516,/content/drive/MyDrive/MTG_Instrument_old/dataset/logmel_songs/16/839516.npy
track_1266573,/content/drive/MyDrive/MTG_Instrument_old/dataset/logmel_songs/73/1266573.npy
track_0151035,/content/drive/MyDrive/MTG_Instrument_old/dataset/logmel_songs/35/151035.npy
track_1097289,/content/drive/MyDrive/MTG_Instrument_old/dataset/logmel_songs/89/1097289.npy
track_1087792,/content/drive/MyDrive/MTG_Instrument_old/dataset/logmel_songs/92/1087792.npy
track_0647521,/content/drive/MyDrive/MTG_Instrument_old/dataset/logmel_songs/21/647521.npy
track_1195885,/content/drive/MyDrive/MTG_Instrument_old/dataset/logmel_songs/85/1195885.npy
track_1413862,/content/drive/MyDrive/MTG_Instrument_old/dataset/logmel_songs/62/1413862.npy
track_1041565,/content/drive/MyDrive/MTG_Instrument_old/dataset/logmel_songs/65/1041565.npy
track_0026564,/content/drive/MyDrive/MTG_Instrument_old/dataset/logmel_songs/64/26564.npy
track_1289382,/content/drive/MyDrive/MTG_Instrument_old/dataset/logmel_songs/82/1289382.npy
track_1160271,/content/drive/MyDrive/MTG_Instrument_old/dataset/logmel_songs/71/1160271.npy
track_1273948,/content/drive/MyDrive/MTG_Instrument_old/dataset/logmel_songs/48/1273948.npy
track_1156054,/content/drive/MyDrive/MTG_Instrument_old/dataset/logmel_songs/54/1156054.npy
track_1340796,/content/drive/MyDrive/MTG_Instrument_old/dataset/logmel_songs/96/1340796.npy
track_1186546,/content/drive/MyDrive/MTG_Instrument_old/dataset/logmel_songs/46/1186546.npy
track_1159691,/content/drive/MyDrive/MTG_Instrument_old/dataset/logmel_songs/91/1159691.npy
track_0866706,/content/drive/MyDrive/MTG_Instrument_old/dataset/logmel_songs/06/866706.npy
track_0938331,/content/drive/MyDrive/MTG_Instrument_old/dataset/logmel_songs/31/938331.npy
track_1256023,/content/drive/MyDrive/MTG_Instrument_old/dataset/logmel_songs/23/1256023.npy
track_1094523,/content/drive/MyDrive/MTG_Instrument_old/dataset/logmel_songs/23/1094523.npy
track_0873567,/content/drive/MyDrive/MTG_Instrument_old/dataset/logmel_songs/67/873567.npy
track_1165996,/content/drive/MyDrive/MTG_Instrument_old/dataset/logmel_songs/96/1165996.npy
track_1123875,/content/drive/MyDrive/MTG_Instrument_old/dataset/logmel_songs/75/1123875.npy
track_0264475,/content/drive/MyDrive/MTG_Instrument_old/dataset/logmel_songs/75/264475.npy
track_1109964,/content/drive/MyDrive/MTG_Instrument_old/dataset/logmel_songs/64/1109964.npy
track_1070454,/content/drive/MyDrive/MTG_Instrument_old/dataset/logmel_songs/54/1070454.npy
track_1284933,/content/drive/MyDrive/MTG_Instrument_old/dataset/logmel_songs/33/1284933.npy
track_1165907,/content/drive/MyDrive/MTG_Instrument_old/dataset/logmel_songs/07/1165907.npy
track_0863566,/content/drive/MyDrive/MTG_Instrument_old/dataset/logmel_songs/66/863566.npy
track_1341277,/content/drive/MyDrive/MTG_Instrument_old/dataset/logmel_songs/77/1341277.npy
track_1130020,/content/drive/MyDrive/MTG_Instrument_old/dataset/logmel_songs/20/1130020.npy
track_0802297,/content/drive/MyDrive/MTG_Instrument_old/dataset/logmel_songs/97/802297.npy
track_0718511,/content/drive/MyDrive/MTG_Instrument_old/dataset/logmel_songs/11/718511.npy
track_0603760,/content/drive/MyDrive/MTG_Instrument_old/dataset/logmel_songs/60/603760.npy
track_0511078,/content/drive/MyDrive/MTG_Instrument_old/dataset/logmel_songs/78/511078.npy
track_1109954,/content/drive/MyDrive/MTG_Instrument_old/dataset/logmel_songs/54/1109954.npy
track_1095026,/content/drive/MyDrive/MTG_Instrument_old/dataset/logmel_songs/26/1095026.npy
track_0659899,/content/drive/MyDrive/MTG_Instrument_old/dataset/logmel_songs/99/659899.npy
track_0076658,/content/drive/MyDrive/MTG_Instrument_old/dataset/logmel_songs/58/76658.npy
track_1078778,/content/drive/MyDrive/MTG_Instrument_old/dataset/logmel_songs/78/1078778.npy
track_0079750,/content/drive/MyDrive/MTG_Instrument_old/dataset/logmel_songs/50/79750.npy
track_1149694,/content/drive/MyDrive/MTG_Instrument_old/dataset/logmel_songs/94/1149694.npy
track_0306434,/content/drive/MyDrive/MTG_Instrument_old/dataset/logmel_songs/34/306434.npy
track_1247374,/content/drive/MyDrive/MTG_Instrument_old/dataset/logmel_songs/74/1247374.npy
track_0511052,/content/drive/MyDrive/MTG_Instrument_old/dataset/logmel_songs/52/511052.npy
track_1096122,/content/drive/MyDrive/MTG_Instrument_old/dataset/logmel_songs/22/1096122.npy
track_1204590,/content/drive/MyDrive/MTG_Instrument_old/dataset/logmel_songs/90/1204590.npy
track_1287551,/content/drive/MyDrive/MTG_Instrument_old/dataset/logmel_songs/51/1287551.npy
track_1203427,/content/drive/MyDrive/MTG_Instrument_old/dataset/logmel_songs/27/1203427.npy
track_1196186,/content/drive/MyDrive/MTG_Instrument_old/dataset/logmel_songs/86/1196186.npy
track_1127042,/content/drive/MyDrive/MTG_Instrument_old/dataset/logmel_songs/42/1127042.npy
track_1345279,/content/drive/MyDrive/MTG_Instrument_old/dataset/logmel_songs/79/1345279.npy
track_0459361,/content/drive/MyDrive/MTG_Instrument_old/dataset/logmel_songs/61/459361.npy
track_1028815,/content/drive/MyDrive/MTG_Instrument_old/dataset/logmel_songs/15/1028815.npy
track_0000954,/content/drive/MyDrive/MTG_Instrument_old/dataset/logmel_songs/54/954.npy
track_1202182,/content/drive/MyDrive/MTG_Instrument_old/dataset/logmel_songs/82/1202182.npy
track_0244524,/content/drive/MyDrive/MTG_Instrument_old/dataset/logmel_songs/24/244524.npy
track_0875036,/content/drive/MyDrive/MTG_Instrument_old/dataset/logmel_songs/36/875036.npy
track_0785421,/content/drive/MyDrive/MTG_Instrument_old/dataset/logmel_songs/21/785421.npy
track_1095701,/content/drive/MyDrive/MTG_Instrument_old/dataset/logmel_songs/01/1095701.npy
track_0790445,/content/drive/MyDrive/MTG_Instrument_old/dataset/logmel_songs/45/790445.npy
track_1155023,/content/drive/MyDrive/MTG_Instrument_old/dataset/logmel_songs/23/1155023.npy
track_1165472,/content/drive/MyDrive/MTG_Instrument_old/dataset/logmel_songs/72/1165472.npy
track_0789657,/content/drive/MyDrive/MTG_Instrument_old/dataset/logmel_songs/57/789657.npy
track_1160052,/content/drive/MyDrive/MTG_Instrument_old/dataset/logmel_songs/52/1160052.npy
track_1076449,/content/drive/MyDrive/MTG_Instrument_old/dataset/logmel_songs/49/1076449.npy
track_0873816,/content/drive/MyDrive/MTG_Instrument_old/dataset/logmel_songs/16/873816.npy
track_1194767,/content/drive/MyDrive/MTG_Instrument_old/dataset/logmel_songs/67/1194767.npy
track_1070600,/content/drive/MyDrive/MTG_Instrument_old/dataset/logmel_songs/00/1070600.npy
track_1108284,/content/drive/MyDrive/MTG_Instrument_old/dataset/logmel_songs/84/1108284.npy
track_0078735,/content/drive/MyDrive/MTG_Instrument_old/dataset/logmel_songs/35/78735.npy
track_1159665,/content/drive/MyDrive/MTG_Instrument_old/dataset/logmel_songs/65/1159665.npy
track_1235608,/content/drive/MyDrive/MTG_Instrument_old/dataset/logmel_songs/08/1235608.npy
track_1081050,/content/drive/MyDrive/MTG_Instrument_old/dataset/logmel_songs/50/1081050.npy
track_0373293,/content/drive/MyDrive/MTG_Instrument_old/dataset/logmel_songs/93/373293.npy
track_0159038,/content/drive/MyDrive/MTG_Instrument_old/dataset/logmel_songs/38/159038.npy
track_1186429,/content/drive/MyDrive/MTG_Instrument_old/dataset/logmel_songs/29/1186429.npy
track_1158118,/content/drive/MyDrive/MTG_Instrument_old/dataset/logmel_songs/18/1158118.npy
track_1419786,/content/drive/MyDrive/MTG_Instrument_old/dataset/logmel_songs/86/1419786.npy
track_1164990,/content/drive/MyDrive/MTG_Instrument_old/dataset/logmel_songs/90/1164990.npy
track_1208028,/content/drive/MyDrive/MTG_Instrument_old/dataset/logmel_songs/28/1208028.npy
track_0036237,/content/drive/MyDrive/MTG_Instrument_old/dataset/logmel_songs/37/36237.npy
track_0973385,/content/drive/MyDrive/MTG_Instrument_old/dataset/logmel_songs/85/973385.npy
track_1362272,/content/drive/MyDrive/MTG_Instrument_old/dataset/logmel_songs/72/1362272.npy
track_0802178,/content/drive/MyDrive/MTG_Instrument_old/dataset/logmel_songs/78/802178.npy
track_0491052,/content/drive/MyDrive/MTG_Instrument_old/dataset/logmel_songs/52/491052.npy
track_0302318,/content/drive/MyDrive/MTG_Instrument_old/dataset/logmel_songs/18/302318.npy
track_0006606,/content/drive/MyDrive/MTG_Instrument_old/dataset/logmel_songs/06/6606.npy
track_1283758,/content/drive/MyDrive/MTG_Instrument_old/dataset/logmel_songs/58/1283758.npy
track_0585154,/content/drive/MyDrive/MTG_Instrument_old/dataset/logmel_songs/54/585154.npy
track_1264201,/content/drive/MyDrive/MTG_Instrument_old/dataset/logmel_songs/01/1264201.npy
track_1280424,/content/drive/MyDrive/MTG_Instrument_old/dataset/logmel_songs/24/1280424.npy
track_1262645,/content/drive/MyDrive/MTG_Instrument_old/dataset/logmel_songs/45/1262645.npy
track_1288418,/content/drive/MyDrive/MTG_Instrument_old/dataset/logmel_songs/18/1288418.npy
track_1033092,/content/drive/MyDrive/MTG_Instrument_old/dataset/logmel_songs/92/1033092.npy
track_1351138,/content/drive/MyDrive/MTG_Instrument_old/dataset/logmel_songs/38/1351138.npy
track_1223076,/content/drive/MyDrive/MTG_Instrument_old/dataset/logmel_songs/76/1223076.npy
track_1078794,/content/drive/MyDrive/MTG_Instrument_old/dataset/logmel_songs/94/1078794.npy
track_1126844,/content/drive/MyDrive/MTG_Instrument_old/dataset/logmel_songs/44/1126844.npy
track_1160054,/content/drive/MyDrive/MTG_Instrument_old/dataset/logmel_songs/54/1160054.npy
track_1293739,/content/drive/MyDrive/MTG_Instrument_old/dataset/logmel_songs/39/1293739.npy
track_0773676,/content/drive/MyDrive/MTG_Instrument_old/dataset/logmel_songs/76/773676.npy
track_0242384,/content/drive/MyDrive/MTG_Instrument_old/dataset/logmel_songs/84/242384.npy
track_1255088,/content/drive/MyDrive/MTG_Instrument_old/dataset/logmel_songs/88/1255088.npy
track_0922587,/content/drive/MyDrive/MTG_Instrument_old/dataset/logmel_songs/87/922587.npy
track_1137250,/content/drive/MyDrive/MTG_Instrument_old/dataset/logmel_songs/50/1137250.npy
track_0875307,/content/drive/MyDrive/MTG_Instrument_old/dataset/logmel_songs/07/875307.npy
track_1101578,/content/drive/MyDrive/MTG_Instrument_old/dataset/logmel_songs/78/1101578.npy
track_1127780,/content/drive/MyDrive/MTG_Instrument_old/dataset/logmel_songs/80/1127780.npy
track_1268905,/content/drive/MyDrive/MTG_Instrument_old/dataset/logmel_songs/05/1268905.npy
track_1278514,/content/drive/MyDrive/MTG_Instrument_old/dataset/logmel_songs/14/1278514.npy
track_1228737,/content/drive/MyDrive/MTG_Instrument_old/dataset/logmel_songs/37/1228737.npy
track_0010808,/content/drive/MyDrive/MTG_Instrument_old/dataset/logmel_songs/08/10808.npy
track_1293999,/content/drive/MyDrive/MTG_Instrument_old/dataset/logmel_songs/99/1293999.npy
track_1248253,/content/drive/MyDrive/MTG_Instrument_old/dataset/logmel_songs/53/1248253.npy
track_0897993,/content/drive/MyDrive/MTG_Instrument_old/dataset/logmel_songs/93/897993.npy
track_1156023,/content/drive/MyDrive/MTG_Instrument_old/dataset/logmel_songs/23/1156023.npy
track_1111836,/content/drive/MyDrive/MTG_Instrument_old/dataset/logmel_songs/36/1111836.npy
track_1037053,/content/drive/MyDrive/MTG_Instrument_old/dataset/logmel_songs/53/1037053.npy
track_0606409,/content/drive/MyDrive/MTG_Instrument_old/dataset/logmel_songs/09/606409.npy
track_1279603,/content/drive/MyDrive/MTG_Instrument_old/dataset/logmel_songs/03/1279603.npy
track_1151415,/content/drive/MyDrive/MTG_Instrument_old/dataset/logmel_songs/15/1151415.npy
track_1242274,/content/drive/MyDrive/MTG_Instrument_old/dataset/logmel_songs/74/1242274.npy
track_0384148,/content/drive/MyDrive/MTG_Instrument_old/dataset/logmel_songs/48/384148.npy
track_1056816,/content/drive/MyDrive/MTG_Instrument_old/dataset/logmel_songs/16/1056816.npy
track_0497845,/content/drive/MyDrive/MTG_Instrument_old/dataset/logmel_songs/45/497845.npy
track_0934959,/content/drive/MyDrive/MTG_Instrument_old/dataset/logmel_songs/59/934959.npy
track_1231992,/content/drive/MyDrive/MTG_Instrument_old/dataset/logmel_songs/92/1231992.npy
track_1350823,/content/drive/MyDrive/MTG_Instrument_old/dataset/logmel_songs/23/1350823.npy
track_1329450,/content/drive/MyDrive/MTG_Instrument_old/dataset/logmel_songs/50/1329450.npy
track_1226134,/content/drive/MyDrive/MTG_Instrument_old/dataset/logmel_songs/34/1226134.npy
track_1077046,/content/drive/MyDrive/MTG_Instrument_old/dataset/logmel_songs/46/1077046.npy
track_1158988,/content/drive/MyDrive/MTG_Instrument_old/dataset/logmel_songs/88/1158988.npy
track_1159622,/content/drive/MyDrive/MTG_Instrument_old/dataset/logmel_songs/22/1159622.npy
track_0659887,/content/drive/MyDrive/MTG_Instrument_old/dataset/logmel_songs/87/659887.npy
track_1156010,/content/drive/MyDrive/MTG_Instrument_old/dataset/logmel_songs/10/1156010.npy
track_1407170,/content/drive/MyDrive/MTG_Instrument_old/dataset/logmel_songs/70/1407170.npy
track_1128209,/content/drive/MyDrive/MTG_Instrument_old/dataset/logmel_songs/09/1128209.npy
track_1328127,/content/drive/MyDrive/MTG_Instrument_old/dataset/logmel_songs/27/1328127.npy
track_1109850,/content/drive/MyDrive/MTG_Instrument_old/dataset/logmel_songs/50/1109850.npy
track_1096887,/content/drive/MyDrive/MTG_Instrument_old/dataset/logmel_songs/87/1096887.npy
track_0325368,/content/drive/MyDrive/MTG_Instrument_old/dataset/logmel_songs/68/325368.npy
track_0081026,/content/drive/MyDrive/MTG_Instrument_old/dataset/logmel_songs/26/81026.npy
track_1070599,/content/drive/MyDrive/MTG_Instrument_old/dataset/logmel_songs/99/1070599.npy
track_0835929,/content/drive/MyDrive/MTG_Instrument_old/dataset/logmel_songs/29/835929.npy
track_0938335,/content/drive/MyDrive/MTG_Instrument_old/dataset/logmel_songs/35/938335.npy
track_1400600,/content/drive/MyDrive/MTG_Instrument_old/dataset/logmel_songs/00/1400600.npy
track_0759091,/content/drive/MyDrive/MTG_Instrument_old/dataset/logmel_songs/91/759091.npy
track_0448653,/content/drive/MyDrive/MTG_Instrument_old/dataset/logmel_songs/53/448653.npy
track_1369856,/content/drive/MyDrive/MTG_Instrument_old/dataset/logmel_songs/56/1369856.npy
track_1159557,/content/drive/MyDrive/MTG_Instrument_old/dataset/logmel_songs/57/1159557.npy
track_1131097,/content/drive/MyDrive/MTG_Instrument_old/dataset/logmel_songs/97/1131097.npy
track_0967565,/content/drive/MyDrive/MTG_Instrument_old/dataset/logmel_songs/65/967565.npy
track_0897981,/content/drive/MyDrive/MTG_Instrument_old/dataset/logmel_songs/81/897981.npy
track_0125447,/content/drive/MyDrive/MTG_Instrument_old/dataset/logmel_songs/47/125447.npy
track_1084680,/content/drive/MyDrive/MTG_Instrument_old/dataset/logmel_songs/80/1084680.npy
track_0802286,/content/drive/MyDrive/MTG_Instrument_old/dataset/logmel_songs/86/802286.npy
track_0272928,/content/drive/MyDrive/MTG_Instrument_old/dataset/logmel_songs/28/272928.npy
track_1399056,/content/drive/MyDrive/MTG_Instrument_old/dataset/logmel_songs/56/1399056.npy
track_1372090,/content/drive/MyDrive/MTG_Instrument_old/dataset/logmel_songs/90/1372090.npy
track_1369646,/content/drive/MyDrive/MTG_Instrument_old/dataset/logmel_songs/46/1369646.npy
track_1150491,/content/drive/MyDrive/MTG_Instrument_old/dataset/logmel_songs/91/1150491.npy
track_0349108,/content/drive/MyDrive/MTG_Instrument_old/dataset/logmel_songs/08/349108.npy
track_1289126,/content/drive/MyDrive/MTG_Instrument_old/dataset/logmel_songs/26/1289126.npy
track_1070639,/content/drive/MyDrive/MTG_Instrument_old/dataset/logmel_songs/39/1070639.npy
track_1342574,/content/drive/MyDrive/MTG_Instrument_old/dataset/logmel_songs/74/1342574.npy
track_0828834,/content/drive/MyDrive/MTG_Instrument_old/dataset/logmel_songs/34/828834.npy
track_1157602,/content/drive/MyDrive/MTG_Instrument_old/dataset/logmel_songs/02/1157602.npy
track_1372074,/content/drive/MyDrive/MTG_Instrument_old/dataset/logmel_songs/74/1372074.npy
track_1033432,/content/drive/MyDrive/MTG_Instrument_old/dataset/logmel_songs/32/1033432.npy
track_0581063,/content/drive/MyDrive/MTG_Instrument_old/dataset/logmel_songs/63/581063.npy
track_1248623,/content/drive/MyDrive/MTG_Instrument_old/dataset/logmel_songs/23/1248623.npy
track_0711260,/content/drive/MyDrive/MTG_Instrument_old/dataset/logmel_songs/60/711260.npy
track_0579303,/content/drive/MyDrive/MTG_Instrument_old/dataset/logmel_songs/03/579303.npy
track_1171608,/content/drive/MyDrive/MTG_Instrument_old/dataset/logmel_songs/08/1171608.npy
track_1136878,/content/drive/MyDrive/MTG_Instrument_old/dataset/logmel_songs/78/1136878.npy
track_0278356,/content/drive/MyDrive/MTG_Instrument_old/dataset/logmel_songs/56/278356.npy
track_1369712,/content/drive/MyDrive/MTG_Instrument_old/dataset/logmel_songs/12/1369712.npy
track_1321517,/content/drive/MyDrive/MTG_Instrument_old/dataset/logmel_songs/17/1321517.npy
track_0147668,/content/drive/MyDrive/MTG_Instrument_old/dataset/logmel_songs/68/147668.npy
track_1362243,/content/drive/MyDrive/MTG_Instrument_old/dataset/logmel_songs/43/1362243.npy
track_1355266,/content/drive/MyDrive/MTG_Instrument_old/dataset/logmel_songs/66/1355266.npy
track_1089586,/content/drive/MyDrive/MTG_Instrument_old/dataset/logmel_songs/86/1089586.npy
track_1052468,/content/drive/MyDrive/MTG_Instrument_old/dataset/logmel_songs/68/1052468.npy
track_0977169,/content/drive/MyDrive/MTG_Instrument_old/dataset/logmel_songs/69/977169.npy
track_0304546,/content/drive/MyDrive/MTG_Instrument_old/dataset/logmel_songs/46/304546.npy
track_1368979,/content/drive/MyDrive/MTG_Instrument_old/dataset/logmel_songs/79/1368979.npy
track_0714709,/content/drive/MyDrive/MTG_Instrument_old/dataset/logmel_songs/09/714709.npy
track_0950107,/content/drive/MyDrive/MTG_Instrument_old/dataset/logmel_songs/07/950107.npy
track_0491059,/content/drive/MyDrive/MTG_Instrument_old/dataset/logmel_songs/59/491059.npy
track_1294741,/content/drive/MyDrive/MTG_Instrument_old/dataset/logmel_songs/41/1294741.npy
track_1053498,/content/drive/MyDrive/MTG_Instrument_old/dataset/logmel_songs/98/1053498.npy
track_1321060,/content/drive/MyDrive/MTG_Instrument_old/dataset/logmel_songs/60/1321060.npy
track_1321063,/content/drive/MyDrive/MTG_Instrument_old/dataset/logmel_songs/63/1321063.npy
track_1162382,/content/drive/MyDrive/MTG_Instrument_old/dataset/logmel_songs/82/1162382.npy
track_0381090,/content/drive/MyDrive/MTG_Instrument_old/dataset/logmel_songs/90/381090.npy
track_1081532,/content/drive/MyDrive/MTG_Instrument_old/dataset/logmel_songs/32/1081532.npy
track_0897985,/content/drive/MyDrive/MTG_Instrument_old/dataset/logmel_songs/85/897985.npy
track_1090467,/content/drive/MyDrive/MTG_Instrument_old/dataset/logmel_songs/67/1090467.npy
track_1032329,/content/drive/MyDrive/MTG_Instrument_old/dataset/logmel_songs/29/1032329.npy
track_1078436,/content/drive/MyDrive/MTG_Instrument_old/dataset/logmel_songs/36/1078436.npy
track_1330450,/content/drive/MyDrive/MTG_Instrument_old/dataset/logmel_songs/50/1330450.npy
track_1138695,/content/drive/MyDrive/MTG_Instrument_old/dataset/logmel_songs/95/1138695.npy
track_1189924,/content/drive/MyDrive/MTG_Instrument_old/dataset/logmel_songs/24/1189924.npy
track_1348739,/content/drive/MyDrive/MTG_Instrument_old/dataset/logmel_songs/39/1348739.npy
track_1253537,/content/drive/MyDrive/MTG_Instrument_old/dataset/logmel_songs/37/1253537.npy
track_0080761,/content/drive/MyDrive/MTG_Instrument_old/dataset/logmel_songs/61/80761.npy
track_0040318,/content/drive/MyDrive/MTG_Instrument_old/dataset/logmel_songs/18/40318.npy
track_0832634,/content/drive/MyDrive/MTG_Instrument_old/dataset/logmel_songs/34/832634.npy
track_0961605,/content/drive/MyDrive/MTG_Instrument_old/dataset/logmel_songs/05/961605.npy
track_1056172,/content/drive/MyDrive/MTG_Instrument_old/dataset/logmel_songs/72/1056172.npy
track_0356932,/content/drive/MyDrive/MTG_Instrument_old/dataset/logmel_songs/32/356932.npy
track_1095820,/content/drive/MyDrive/MTG_Instrument_old/dataset/logmel_songs/20/1095820.npy
track_1072433,/content/drive/MyDrive/MTG_Instrument_old/dataset/logmel_songs/33/1072433.npy
track_1121410,/content/drive/MyDrive/MTG_Instrument_old/dataset/logmel_songs/10/1121410.npy
track_1256028,/content/drive/MyDrive/MTG_Instrument_old/dataset/logmel_songs/28/1256028.npy
track_0891611,/content/drive/MyDrive/MTG_Instrument_old/dataset/logmel_songs/11/891611.npy
track_1176206,/content/drive/MyDrive/MTG_Instrument_old/dataset/logmel_songs/06/1176206.npy
track_0662053,/content/drive/MyDrive/MTG_Instrument_old/dataset/logmel_songs/53/662053.npy
track_1366144,/content/drive/MyDrive/MTG_Instrument_old/dataset/logmel_songs/44/1366144.npy
track_0945016,/content/drive/MyDrive/MTG_Instrument_old/dataset/logmel_songs/16/945016.npy
track_1345054,/content/drive/MyDrive/MTG_Instrument_old/dataset/logmel_songs/54/1345054.npy
track_1400605,/content/drive/MyDrive/MTG_Instrument_old/dataset/logmel_songs/05/1400605.npy
track_0802320,/content/drive/MyDrive/MTG_Instrument_old/dataset/logmel_songs/20/802320.npy
track_0875370,/content/drive/MyDrive/MTG_Instrument_old/dataset/logmel_songs/70/875370.npy
track_0523087,/content/drive/MyDrive/MTG_Instrument_old/dataset/logmel_songs/87/523087.npy
track_1239507,/content/drive/MyDrive/MTG_Instrument_old/dataset/logmel_songs/07/1239507.npy
track_1356516,/content/drive/MyDrive/MTG_Instrument_old/dataset/logmel_songs/16/1356516.npy
track_0167096,/content/drive/MyDrive/MTG_Instrument_old/dataset/logmel_songs/96/167096.npy
track_1276899,/content/drive/MyDrive/MTG_Instrument_old/dataset/logmel_songs/99/1276899.npy
track_1341266,/content/drive/MyDrive/MTG_Instrument_old/dataset/logmel_songs/66/1341266.npy
track_0094731,/content/drive/MyDrive/MTG_Instrument_old/dataset/logmel_songs/31/94731.npy
track_0470759,/content/drive/MyDrive/MTG_Instrument_old/dataset/logmel_songs/59/470759.npy
track_0172815,/content/drive/MyDrive/MTG_Instrument_old/dataset/logmel_songs/15/172815.npy
track_1188770,/content/drive/MyDrive/MTG_Instrument_old/dataset/logmel_songs/70/1188770.npy
track_1234387,/content/drive/MyDrive/MTG_Instrument_old/dataset/logmel_songs/87/1234387.npy
track_0729298,/content/drive/MyDrive/MTG_Instrument_old/dataset/logmel_songs/98/729298.npy
track_1287647,/content/drive/MyDrive/MTG_Instrument_old/dataset/logmel_songs/47/1287647.npy
track_0888639,/content/drive/MyDrive/MTG_Instrument_old/dataset/logmel_songs/39/888639.npy
track_1086273,/content/drive/MyDrive/MTG_Instrument_old/dataset/logmel_songs/73/1086273.npy
track_1076564,/content/drive/MyDrive/MTG_Instrument_old/dataset/logmel_songs/64/1076564.npy
track_0556373,/content/drive/MyDrive/MTG_Instrument_old/dataset/logmel_songs/73/556373.npy
track_1053845,/content/drive/MyDrive/MTG_Instrument_old/dataset/logmel_songs/45/1053845.npy
track_1300037,/content/drive/MyDrive/MTG_Instrument_old/dataset/logmel_songs/37/1300037.npy
track_0947021,/content/drive/MyDrive/MTG_Instrument_old/dataset/logmel_songs/21/947021.npy
track_0897307,/content/drive/MyDrive/MTG_Instrument_old/dataset/logmel_songs/07/897307.npy
track_1098678,/content/drive/MyDrive/MTG_Instrument_old/dataset/logmel_songs/78/1098678.npy
track_1037059,/content/drive/MyDrive/MTG_Instrument_old/dataset/logmel_songs/59/1037059.npy
track_0666622,/content/drive/MyDrive/MTG_Instrument_old/dataset/logmel_songs/22/666622.npy
track_1080201,/content/drive/MyDrive/MTG_Instrument_old/dataset/logmel_songs/01/1080201.npy
track_1164994,/content/drive/MyDrive/MTG_Instrument_old/dataset/logmel_songs/94/1164994.npy
track_0628410,/content/drive/MyDrive/MTG_Instrument_old/dataset/logmel_songs/10/628410.npy
track_0151043,/content/drive/MyDrive/MTG_Instrument_old/dataset/logmel_songs/43/151043.npy
track_1386494,/content/drive/MyDrive/MTG_Instrument_old/dataset/logmel_songs/94/1386494.npy
track_1357458,/content/drive/MyDrive/MTG_Instrument_old/dataset/logmel_songs/58/1357458.npy
track_0080771,/content/drive/MyDrive/MTG_Instrument_old/dataset/logmel_songs/71/80771.npy
track_0306199,/content/drive/MyDrive/MTG_Instrument_old/dataset/logmel_songs/99/306199.npy
track_1080561,/content/drive/MyDrive/MTG_Instrument_old/dataset/logmel_songs/61/1080561.npy
track_0076656,/content/drive/MyDrive/MTG_Instrument_old/dataset/logmel_songs/56/76656.npy
track_1057796,/content/drive/MyDrive/MTG_Instrument_old/dataset/logmel_songs/96/1057796.npy
track_0205094,/content/drive/MyDrive/MTG_Instrument_old/dataset/logmel_songs/94/205094.npy
track_1244946,/content/drive/MyDrive/MTG_Instrument_old/dataset/logmel_songs/46/1244946.npy
track_0752520,/content/drive/MyDrive/MTG_Instrument_old/dataset/logmel_songs/20/752520.npy
track_0914774,/content/drive/MyDrive/MTG_Instrument_old/dataset/logmel_songs/74/914774.npy
track_1077047,/content/drive/MyDrive/MTG_Instrument_old/dataset/logmel_songs/47/1077047.npy
track_1096119,/content/drive/MyDrive/MTG_Instrument_old/dataset/logmel_songs/19/1096119.npy
track_1151411,/content/drive/MyDrive/MTG_Instrument_old/dataset/logmel_songs/11/1151411.npy
track_0854721,/content/drive/MyDrive/MTG_Instrument_old/dataset/logmel_songs/21/854721.npy
track_0873808,/content/drive/MyDrive/MTG_Instrument_old/dataset/logmel_songs/08/873808.npy
track_1307837,/content/drive/MyDrive/MTG_Instrument_old/dataset/logmel_songs/37/1307837.npy
track_1131997,/content/drive/MyDrive/MTG_Instrument_old/dataset/logmel_songs/97/1131997.npy
track_1248278,/content/drive/MyDrive/MTG_Instrument_old/dataset/logmel_songs/78/1248278.npy
