track_id,split
track_1147710,train
track_1103990,validation
track_1131488,train
track_1198188,train
track_0245962,test
track_0719849,train
track_0736523,test
track_1129658,train
track_1379947,train
track_0846411,train
track_0131632,test
track_0802326,test
track_0625206,train
track_0939255,validation
track_0168403,train
track_0383573,train
track_1351134,test
track_0035173,train
track_1233768,validation
track_1023273,train
track_0026219,validation
track_0553091,validation
track_1347896,validation
track_0171074,train
track_1052660,test
track_0842757,train
track_0162045,train
track_1149234,train
track_0711277,train
track_1132736,train
track_0773674,train
track_0986866,train
track_1163967,validation
track_1367768,train
track_1088383,train
track_1098068,validation
track_1194604,validation
track_0723360,train
track_0511074,train
track_1137247,train
track_1103321,train
track_1098831,train
track_1417008,train
track_1052565,train
track_1009061,train
track_0350359,train
track_1105603,train
track_1274166,train
track_0989877,train
track_1113645,train
track_1339384,train
track_0166333,train
track_1196185,train
track_1160157,validation
track_1164968,test
track_0741321,train
track_0081020,train
track_1158178,train
track_1145836,train
track_0661313,train
track_1222347,test
track_1137272,train
track_1399581,train
track_0271744,train
track_0976782,test
track_1113991,train
track_0245387,train
track_1243735,train
track_0914765,train
track_0135244,train
track_1332180,train
track_0498810,train
track_1083510,train
track_1109965,train
track_0946828,test
track_1124249,train
track_0704838,validation
track_1227396,train
track_1080900,test
track_0742888,train
track_1165508,train
track_1236047,test
track_0998079,train
track_1228623,validation
track_1374954,train
track_1248561,train
track_0015169,train
track_0205736,train
track_1190958,train
track_1179410,train
track_0113791,train
track_0296237,train
track_1023486,train
track_0938052,train
track_0272910,test
track_0129978,train
track_0136840,train
track_1067291,validation
track_0088554,train
track_1159696,train
track_1268732,train
track_1129657,train
track_0402576,train
track_1416534,train
track_1126082,train
track_1317901,validation
track_1078474,train
track_1103452,train
track_1332223,train
track_1417903,train
track_0913291,train
track_1150099,validation
track_0919356,validation
track_1372874,train
track_0166583,test
track_1051952,validation
track_1165995,train
track_0903596,train
track_1164567,test
track_0293161,train
track_1123291,train
track_1040015,train
track_0425766,train
track_1115634,train
track_0858536,train
track_1251313,validation
track_0957457,train
track_0077441,validation
track_1348657,test
track_1374304,train
track_0277804,train
track_1105052,train
track_1222001,train
track_1077278,validation
track_0890461,train
track_0470753,train
track_0965601,test
track_1159669,test
track_1095024,train
track_0764605,test
track_1365242,test
track_1170403,validation
track_0154635,train
track_1225501,train
track_0278336,train
track_0571484,train
track_1118601,train
track_1093649,test
track_1134585,test
track_0716963,train
track_0150962,train
track_1078367,train
track_1153116,train
track_0006719,train
track_1315940,train
track_0188505,test
track_1054172,train
track_0768437,train
track_0941153,train
track_1095021,validation
track_1111986,train
track_0415498,train
track_1374256,train
track_1060333,train
track_1289378,test
track_0988503,validation
track_1041677,train
track_0618448,train
track_0084042,train
track_1102230,train
track_1078823,train
track_0868977,validation
track_1076577,train
track_1416237,test
track_1248256,test
track_0976923,train
track_1189098,train
track_1219476,train
track_0964541,train
track_1293735,train
track_1131491,train
track_0941158,train
track_1276895,test
track_0461019,train
track_1054399,train
track_0991719,train
track_0891605,test
track_1403968,train
track_1401972,train
track_1228858,train
track_1051068,test
track_1129798,validation
track_1307835,train
track_1071852,train
track_1068666,train
track_1169708,train
track_1131495,train
track_1397808,train
track_0618459,train
track_1413875,train
track_1049275,test
track_0802281,validation
track_1158971,validation
track_1074710,train
track_1379949,train
track_1110506,train
track_0608931,train
track_0811237,train
track_1072427,train
track_1166925,train
track_1393523,train
track_0873560,train
track_1081529,train
track_0096718,validation
track_0836526,train
track_0989879,test
track_1397164,train
track_1360555,train
track_1203323,train
track_1125843,train
track_1115567,train
track_0357514,train
track_1035011,train
track_1037056,train
track_1127772,test
track_0405783,train
track_1415108,train
track_1368387,train
track_1223282,train
track_1132969,train
track_1107063,train
track_0264329,train
track_1413863,train
track_1123937,train
track_0416474,train
track_1257250,validation
track_1163971,validation
track_1284690,train
track_1208243,train
track_0021982,train
track_1371499,train
track_1071300,train
track_1057725,validation
track_1340349,train
track_1076580,train
track_1150744,train
track_1083511,test
track_1320575,train
track_0383567,train
track_1027875,train
track_0079748,validation
track_0855269,train
track_1044568,train
track_1111539,test
track_1052562,train
track_0414049,train
track_0259843,train
track_1295769,train
track_1143990,test
track_1256026,train
track_1217511,train
track_1087153,validation
track_1075176,test
track_0919353,train
track_1069084,validation
track_1414831,train
track_1089272,train
track_0686758,train
track_1098677,train
track_1075169,train
track_1137238,train
track_1112025,validation
track_1313335,train
track_1111542,train
track_1131565,validation
track_1416193,validation
track_1133089,train
track_1077725,test
track_1398418,train
track_0873805,train
track_0485059,train
track_1203372,validation
track_1346207,test
track_1374953,test
track_0565805,train
track_1156029,validation
track_1163228,train
track_0006729,train
track_1313337,train
track_0785281,test
track_0902298,train
track_1374689,train
track_1015038,train
track_1234363,train
track_1168165,train
track_1227368,train
track_1320009,train
track_0957460,train
track_1086668,train
track_1277840,test
track_1351591,train
track_0989872,validation
track_0151133,test
track_0020740,train
track_1087734,train
track_1084672,test
track_0078315,validation
track_1063106,train
track_0207733,train
track_1369861,validation
track_1027608,train
track_0205081,test
track_1251851,test
track_1073718,train
track_1389557,train
track_0900243,train
track_0718510,test
track_1165515,train
track_1341040,train
track_1291218,train
track_1089263,validation
track_0076657,train
track_1208442,train
track_1284340,train
track_0457120,train
track_1080166,train
track_1294702,train
track_0659903,train
track_0307384,train
track_0347819,validation
track_0259858,train
track_1296703,train
track_0111509,train
track_1026042,train
track_1190623,train
track_1381058,train
track_0991720,train
track_0959968,train
track_0460237,validation
track_1394568,train
track_0074602,test
track_1272099,test
track_1207987,validation
track_0976785,train
track_1418015,train
track_1257007,validation
track_0810890,train
track_0965446,train
track_1160599,train
track_1345306,train
track_0080769,train
track_0020944,train
track_1229310,train
track_1057735,test
track_0922740,train
track_1032923,test
track_1018531,test
track_0941345,test
track_0025877,validation
track_1028806,train
track_0911868,train
track_1154902,train
track_1076452,validation
track_0647537,train
track_0259807,train
track_0806979,validation
track_0723356,train
track_1159670,train
track_0711254,train
track_1164980,train
track_1394565,train
track_0034520,train
track_1328087,test
track_0081287,train
track_0698107,train
track_1372288,test
track_1194312,train
track_1341271,test
track_1024405,train
track_1078441,validation
track_0150861,train
track_1112020,train
track_0965968,train
track_1369415,train
track_0134754,train
track_1381057,train
track_1133071,train
track_0491056,train
track_1319999,train
track_1366003,test
track_1079297,train
track_1164983,train
track_1207899,validation
track_0673573,train
track_1157324,train
track_0806977,validation
track_0078728,validation
track_1412813,test
track_1084481,train
track_1012594,train
track_1176229,test
track_1203320,train
track_0827272,train
track_1269115,train
track_0956545,train
track_1330452,train
track_1362247,train
track_1135189,train
track_1131574,train
track_0773681,test
track_1291477,train
track_1243719,train
track_1379936,validation
track_1317900,train
track_0026232,train
track_1089159,train
track_0542411,train
track_0571474,test
track_1185783,train
track_1271442,train
track_0131569,train
track_1414159,train
track_1136881,train
track_1404303,train
track_1157598,validation
track_1248260,train
track_1143941,train
track_0647520,train
track_0889218,train
track_0977189,train
track_1247308,train
track_0906585,train
track_1179726,train
track_1029329,train
track_1130018,train
track_1315246,train
track_0953637,validation
track_0005087,train
track_1168553,train
track_1310243,train
track_0041971,test
track_1227102,train
track_1267347,test
track_1234358,train
track_1321087,train
track_0784880,train
track_0901204,train
track_1349480,train
track_0713736,train
track_0151066,train
track_0883574,validation
track_1379953,train
track_1072432,train
track_0780393,train
track_1250953,train
track_1329969,test
track_0345905,test
track_1372085,train
track_0080752,train
track_1033095,test
track_1329937,validation
track_1320018,validation
track_1036109,train
track_1217221,train
track_1216106,test
track_1379950,train
track_1365928,train
track_1138580,train
track_0245935,train
track_1201671,train
track_0347879,train
track_1250219,train
track_1129049,train
track_1087768,train
track_0150959,train
track_0066943,train
track_0416407,train
track_1203439,train
track_1381342,train
track_1047236,train
track_1166111,train
track_1046641,train
track_1136876,train
track_1370323,test
track_1118538,test
track_1418668,train
track_1087887,train
track_0731399,train
track_0343780,validation
track_1089257,train
track_0983610,validation
track_0711274,train
track_0936354,train
track_1074314,train
track_1322996,test
track_1117494,validation
track_1220580,train
track_1335981,train
track_1149469,train
track_1405572,validation
track_1231039,train
track_0981913,train
track_0024321,test
track_1373316,train
track_1104259,train
track_1069802,train
track_1116406,train
track_1314626,train
track_0986589,validation
track_1326538,train
track_0480539,train
track_1270234,train
track_1169081,train
track_0188695,test
track_1235603,validation
track_1399473,train
track_1310215,train
track_1137267,test
track_1169581,train
track_1112434,train
track_1194763,validation
track_1205170,test
track_1333038,test
track_0785621,validation
track_0368174,test
track_1171562,test
track_0986802,train
track_1023276,train
track_0914770,train
track_0476726,train
track_1194827,train
track_0078734,train
track_1353819,validation
track_1138696,train
track_1133341,train
track_0401851,train
track_0048723,validation
track_0897989,train
track_1244714,train
track_1147275,train
track_1256020,train
track_1310775,test
track_1320024,train
track_1395100,train
track_0015163,train
track_1243725,test
track_1406626,validation
track_0751967,train
track_0956215,train
track_0417223,train
track_0890578,train
track_0078307,validation
track_0259897,validation
track_0790447,train
track_0632929,train
track_1171475,train
track_1115079,validation
track_1063129,train
track_0066953,train
track_1111546,test
track_1417844,test
track_1241538,test
track_0188265,train
track_1248619,test
track_0081800,train
track_0025223,train
track_1066901,train
track_0989712,train
track_1374716,train
track_1255091,train
track_1110497,train
track_1075190,train
track_1078443,validation
track_1018538,train
track_0209102,train
track_1095022,train
track_0784882,train
track_1075198,train
track_1386809,train
track_0166334,test
track_0989849,train
track_1217501,validation
track_0359656,train
track_1078428,train
track_0011842,train
track_1316649,train
track_0147385,train
track_0758012,train
track_0677106,validation
track_1133347,train
track_1400606,train
track_1148782,train
track_1093050,train
track_1043812,train
track_1159616,train
track_0206067,train
track_1158969,train
track_1165470,test
track_0934753,train
track_1087769,train
track_1189656,validation
track_1369725,train
track_0785618,train
track_1078362,test
track_1090923,train
track_1027877,train
track_0448683,train
track_1193402,train
track_0357144,test
track_1166931,test
track_1132967,train
track_1269805,train
track_0046570,validation
track_0155931,train
track_1223081,train
track_1116408,test
track_0976870,train
track_1080221,train
track_0989072,train
track_1345292,train
track_1399775,train
track_1114716,train
track_0155905,train
track_1289009,train
track_1075194,train
track_1033124,train
track_1126029,train
track_1393085,train
track_1231996,train
track_0028193,test
track_0938363,validation
track_0822298,validation
track_1386750,train
track_1157594,train
track_1240414,train
track_0983611,validation
track_1134040,train
track_1324910,train
track_1053401,train
track_1155231,train
track_0019191,train
track_1418663,train
track_1265326,train
track_1119549,train
track_0981912,train
track_1308472,train
track_0878745,train
track_1418656,train
track_1177880,train
track_0897308,train
track_1413874,train
track_1159739,train
track_0862834,train
track_1352260,train
track_1398910,train
track_1129801,train
track_0647534,train
track_1369693,train
track_1218923,train
track_1164349,validation
track_0034856,test
track_0962726,train
track_1066894,train
track_1053397,validation
track_0667866,validation
track_1164203,train
track_1419629,validation
track_1028901,train
track_1420940,train
track_1174467,validation
track_0128834,train
track_1222851,train
track_0938330,train
track_0425768,train
track_0891603,train
track_1075177,test
track_0987275,train
track_1362286,train
track_1107272,train
track_1374309,train
track_0875312,test
track_0768508,train
track_1101580,test
track_0259896,train
track_0974582,validation
track_0946943,test
track_1159747,validation
track_1077050,train
track_1083305,train
track_1223943,validation
track_0993560,train
track_1085730,train
track_0996970,test
track_1274167,train
track_1158983,train
track_1134035,train
track_0147714,train
track_0785634,train
track_1077729,test
track_0533186,train
track_1217823,train
track_1408513,train
track_1243733,train
track_0017958,train
track_0659893,train
track_1217502,train
track_1083519,train
track_0964536,test
track_1064070,train
track_0163182,train
track_0040344,train
track_1288350,train
track_0715781,train
track_1133360,train
track_0166336,test
track_0572382,train
track_0031982,test
track_0679796,train
track_1353820,train
track_0711270,validation
track_1225957,train
track_0048719,train
track_1272454,validation
track_1370319,validation
track_1227104,train
track_1379925,train
track_1329940,train
track_0031431,train
track_0031435,train
track_1106982,train
track_1373036,train
track_1245185,train
track_0764950,train
track_1067694,train
track_0683797,train
track_0873557,validation
track_1131493,train
track_0752758,train
track_1374298,validation
track_0364090,validation
track_0414051,validation
track_0151070,train
track_1165527,train
track_0368770,train
track_1330503,test
track_1222625,train
track_1129997,train
track_0392588,train
track_0146589,train
track_0736786,validation
track_1417902,train
track_0989873,train
track_1159745,train
track_1371863,train
track_0884407,train
track_1214388,train
track_1163208,train
track_1393403,train
track_1061177,train
track_0743964,test
track_0414119,test
track_0953635,validation
track_1156576,train
track_0405919,train
track_1350761,train
track_1287056,train
track_0205077,train
track_0785635,train
track_0192236,test
track_1037054,validation
track_0470750,train
track_0362500,train
track_1397804,test
track_1216214,train
track_1017998,validation
track_1309755,test
track_0647535,train
track_1380654,train
track_1240415,train
track_1077038,train
track_1187420,test
track_0858542,validation
track_0839519,train
track_1277829,train
track_0950825,test
track_0400867,train
track_1111538,test
track_1369650,train
track_1075172,test
track_0991748,train
track_1234415,train
track_0034854,train
track_1046840,train
track_1156015,test
track_1151199,train
track_1134436,train
track_1330890,validation
track_1162354,train
track_1038120,train
track_1023325,train
track_0709422,train
track_1377412,validation
track_0556354,train
track_1164981,train
track_1012598,validation
track_0356426,train
track_1029335,test
track_0409025,train
track_1046434,train
track_0944145,train
track_1311818,train
track_1344145,train
track_1115533,train
track_0368745,validation
track_0460301,train
track_1075207,train
track_0031434,train
track_1384753,validation
track_1419650,train
track_1109868,test
track_1078430,test
track_1000082,train
track_1157600,validation
track_1128211,train
track_1077041,train
track_0957938,test
track_1164993,train
track_1248247,test
track_1048681,train
track_0466208,train
track_1354685,validation
track_0121140,train
track_1288117,train
track_1189649,train
track_1320635,train
track_0073120,train
track_0579640,validation
track_1260048,train
track_1094445,train
track_1096078,train
track_0874889,train
track_1119436,train
track_0897321,train
track_0149625,train
track_0139602,train
track_0962587,validation
track_1107680,test
track_0802179,train
track_1165407,train
track_0903605,validation
track_1402705,train
track_1163970,train
track_1380680,train
track_1371293,train
track_1231041,train
track_0891614,train
track_1355463,train
track_0603757,validation
track_1162018,train
track_1028798,train
track_1356512,validation
track_1331482,train
track_1397347,train
track_0659891,train
track_1094055,train
track_1267131,train
track_0976783,train
track_1272514,train
track_1100200,test
track_1132713,train
track_1210147,test
track_0417582,train
track_1086774,train
track_1068821,train
track_0209073,train
track_1072570,train
track_1397736,train
track_0015655,train
track_1339697,train
track_0771294,train
track_1219698,train
track_1194757,train
track_1287490,test
track_0771290,test
track_0875752,validation
track_0450992,test
track_1273390,test
track_1177889,test
track_1296151,train
track_1113649,train
track_1303225,train
track_0921506,validation
track_1146587,train
track_1166104,train
track_1130998,train
track_1208040,test
track_1264089,train
track_1152622,train
track_1284528,train
track_1275425,test
track_1166943,test
track_1289369,train
track_1399631,train
track_0900510,train
track_1210790,train
track_0284926,train
track_1055323,train
track_1190841,train
track_1156435,train
track_1087795,validation
track_1049746,train
track_0564206,train
track_1109863,validation
track_1290698,train
track_0149296,validation
track_0078726,train
track_1234423,train
track_0084183,train
track_0846412,test
track_1231036,train
track_1360754,train
track_1159615,train
track_1136877,validation
track_1393489,train
track_0151089,test
track_1110767,train
track_1075209,train
track_0647540,train
track_1203752,train
track_0789658,validation
track_0512153,validation
track_0997872,train
track_1251038,train
track_1027924,train
track_1242277,test
track_1254621,test
track_0015664,test
track_1023474,train
track_0934870,validation
track_0282557,train
track_0167298,train
track_1136527,validation
track_1087536,train
track_0802275,train
track_0073158,train
track_0081266,train
track_0618817,validation
track_1136874,train
track_1177439,test
track_1234987,train
track_1147339,test
track_0151082,validation
track_1270018,train
track_0084197,train
track_1289129,validation
track_0349112,train
track_0965594,train
track_0939242,train
track_1278239,train
track_1350756,validation
track_1028804,train
track_0968979,train
track_1326735,train
track_1348042,train
track_0084020,train
track_0897997,train
track_1348733,test
track_1138825,train
track_0111043,test
track_1159953,train
track_1251476,train
track_1248277,train
track_0259855,train
track_1075197,train
track_1320571,validation
track_1342575,train
track_0257173,validation
track_0259686,train
track_0653707,train
track_0307555,test
track_0764570,test
track_1372063,train
track_0908094,train
track_0858544,test
track_1169724,validation
track_1133346,test
track_0364088,validation
track_1286536,train
track_1369649,validation
track_1125685,test
track_1166713,validation
track_1199050,validation
track_1293998,validation
track_1210242,train
track_0647541,train
track_0081206,train
track_0991990,train
track_1170528,train
track_0864173,test
track_1113882,test
track_1040987,train
track_0802183,train
track_1130010,train
track_0625207,validation
track_0514000,train
track_0297870,train
track_1364942,validation
track_0897987,train
track_1117540,train
track_1269903,train
track_1364932,train
track_1097626,validation
track_0076974,validation
track_0890610,train
track_0709629,validation
track_0133657,validation
track_1053495,validation
track_1049739,test
track_1029330,train
track_0998389,test
track_0556376,train
track_0356418,train
track_0921512,train
track_0798200,train
track_1098669,train
track_1159659,train
track_0683807,test
track_1075166,train
track_0711255,train
track_1246832,train
track_1379951,train
track_0011751,test
track_0938053,train
track_0192895,train
track_1109856,train
track_1186547,train
track_0196223,validation
track_0259417,validation
track_1161763,train
track_1129981,train
track_1296929,test
track_1109867,train
track_1041562,train
track_0271878,train
track_0830870,train
track_1156967,test
track_1345276,train
track_1112010,train
track_1406724,train
track_0897992,train
track_0785628,validation
track_1165906,validation
track_1241455,train
track_1052149,train
track_0387038,test
track_1376072,train
track_0205088,train
track_1034298,train
track_0986592,train
track_1163968,validation
track_1414123,test
track_1168782,train
track_1349189,test
track_1028801,train
track_1082913,train
track_1029949,train
track_1188978,train
track_1125688,validation
track_1085600,train
track_0986873,train
track_0659889,test
track_1390995,train
track_1130994,validation
track_1207619,train
track_1111837,train
track_1113990,train
track_1023482,train
track_1063872,test
track_0907360,train
track_0862194,train
track_0287429,test
track_1064763,train
track_1163969,train
track_1032797,train
track_0636317,train
track_0133517,test
track_1041707,train
track_0553248,train
track_0205091,train
track_0246923,train
track_1243734,train
track_0081804,test
track_1075211,train
track_0709627,train
track_0924960,train
track_0028191,train
track_0470757,train
track_1165505,train
track_0242738,train
track_0891601,train
track_1355271,test
track_1268044,train
track_1398419,validation
track_1183079,train
track_1209624,train
track_0459308,validation
track_0711273,validation
track_0922856,validation
track_0848845,train
track_0941159,train
track_1302077,train
track_0858547,train
track_0565802,train
track_1164345,test
track_1225192,train
track_1376068,train
track_0284169,test
track_1049833,train
track_0230903,train
track_1117568,train
track_0206006,train
track_1165297,train
track_0287788,validation
track_0810897,validation
track_1399518,validation
track_1243739,train
track_1328470,train
track_0353349,test
track_1373457,train
track_1294886,train
track_0417215,train
track_1093297,test
track_1231044,test
track_1162100,validation
track_0139617,train
track_1386497,test
track_1148177,train
track_1102227,train
track_1029326,validation
track_1309759,train
track_1300046,validation
track_0015662,train
track_1372078,train
track_1373038,train
track_0025241,train
track_0302312,train
track_1276897,train
track_1270577,test
track_1129656,test
track_1053399,train
track_1340366,test
track_0731423,train
track_1300039,train
track_1144133,train
track_0891608,train
track_1087755,test
track_1166155,test
track_0897990,train
track_1195884,train
track_1211529,train
track_1228855,train
track_1147338,train
track_1149221,train
track_1149229,train
track_1187322,train
track_0215561,test
track_1277848,validation
track_1073708,validation
track_1098681,train
track_1284681,test
track_1345057,train
track_0263591,train
track_0986590,train
track_1096813,train
track_0510383,train
track_1342576,train
track_1169062,train
track_1414176,test
track_0773682,validation
track_0799915,train
track_1084816,validation
track_1068670,train
track_0400859,validation
track_1154250,train
track_1415107,validation
track_1340797,validation
track_1316756,train
track_1405086,train
track_0017494,train
track_1169207,validation
track_1345286,validation
track_1277897,train
track_1227101,train
track_0991717,train
track_1115636,train
track_1267132,train
track_0202186,test
track_1067699,train
track_0018865,validation
track_0151141,train
track_1264197,train
track_0986860,train
track_1186162,train
track_0352691,train
track_1339230,train
track_1098401,test
track_1107251,train
track_0387422,validation
track_1398420,train
track_1375203,train
track_1414965,train
track_1012592,train
track_0347638,train
track_0565795,train
track_0151019,test
track_1398413,train
track_1027899,test
track_0275863,validation
track_0897320,train
track_1186993,train
track_0810895,train
track_0608912,train
track_1182881,train
track_1096088,train
track_1030099,train
track_0646647,train
track_1162379,train
track_1065623,train
track_1416232,train
track_0962591,validation
track_0784879,train
track_0607862,train
track_0891609,train
track_1372502,test
track_1221307,train
track_0752115,train
track_0246452,train
track_1148259,test
track_0565803,validation
track_1074904,train
track_1202189,validation
track_0361003,train
track_0802279,train
track_1388865,validation
track_0026228,train
track_0517483,train
track_0076977,test
track_1253423,validation
track_1064329,train
track_0941154,validation
track_1419495,train
track_1168808,test
track_0166577,train
track_1165530,train
track_1075187,train
track_1201476,train
track_0976784,train
track_1117572,test
track_1067257,train
track_1170737,test
track_0957461,train
track_0134799,train
track_1167578,train
track_0126063,train
track_0011773,test
track_0119404,train
track_1371097,train
track_0166592,validation
track_1222011,train
track_1416533,test
track_0802295,train
track_1244713,validation
track_0579644,train
track_1160114,validation
track_0718301,validation
track_0704690,train
track_0362253,train
track_1066893,train
track_0368742,train
track_1326800,validation
track_1119020,validation
track_1067290,train
track_1117565,test
track_1201480,validation
track_1143218,validation
track_1110512,test
track_1181303,test
track_0272986,train
track_1414154,train
track_1205065,test
track_0533166,train
track_1122016,validation
track_1001312,train
track_1169840,test
track_1084190,train
track_1111827,train
track_0293162,train
track_0341608,train
track_1369696,train
track_1327796,test
track_0946948,test
track_1370863,train
track_1269562,train
track_1171564,train
track_0996966,train
track_1407842,train
track_1137242,test
track_1009600,test
track_1033183,test
track_0243702,validation
track_1009065,train
track_1300020,test
track_1126693,test
track_0025225,test
track_0419879,test
track_1111980,train
track_0078733,train
track_1273057,train
track_1065624,train
track_1366167,train
track_1106792,train
track_0957939,train
track_1026349,train
track_1380655,train
track_1293737,train
track_1248620,validation
track_0659886,test
track_1021755,validation
track_0271875,train
track_1125824,train
track_1315934,train
track_1313338,validation
track_1034277,train
track_0162038,train
track_0157676,train
track_1057806,train
track_1132793,test
track_1289133,train
track_1400608,train
track_1417342,train
track_1086259,train
track_0949223,train
track_0352684,train
track_0711253,train
track_1064323,train
track_1028800,train
track_1307834,train
track_0811117,validation
track_1110523,test
track_0915277,train
track_0556375,train
track_1369647,train
track_1105661,train
track_0081215,test
track_1163324,train
track_1127154,train
track_1149237,validation
track_1414155,train
track_1127377,test
track_0919478,train
track_1085243,train
track_1034453,train
track_1297801,train
track_1129034,validation
track_1376054,train
track_0046039,test
track_1199053,train
track_0244237,train
track_1194765,train
track_1159947,train
track_1165513,train
track_1345307,train
track_1124968,train
track_0048724,train
track_1089277,train
track_1380595,train
track_1250198,train
track_1134642,test
track_0088562,train
track_1248275,train
track_1324671,test
track_0087488,validation
track_1309756,test
track_1001895,train
track_1032331,validation
track_1370158,train
track_1264192,train
track_1369953,train
track_1064041,validation
track_1335393,train
track_0074750,train
track_1203431,train
track_1098682,train
track_0755593,train
track_1072573,train
track_1320006,validation
track_1290965,train
track_0940730,train
track_1068245,train
track_0086244,train
track_1193203,train
track_0880666,validation
track_0835996,test
track_1171075,validation
track_0996961,test
track_0537761,train
track_0136839,train
track_1156055,train
track_1023270,test
track_0014017,test
track_1177893,train
track_0449861,train
track_0151122,train
track_1060667,train
track_1321059,train
track_0376422,test
track_0703933,train
track_1122560,train
track_0982384,validation
track_0571477,train
track_0026222,train
track_1319240,train
track_1368385,validation
track_1065631,train
track_1264971,test
track_1124480,train
track_0031429,train
track_0438316,validation
track_1299806,train
track_1198189,train
track_1367769,train
track_0014019,validation
track_1057258,validation
track_1277825,train
track_1128846,train
track_1360553,validation
track_0081809,train
track_1133268,validation
track_1395500,train
track_1203780,test
track_1268057,validation
track_0482267,validation
track_0585151,validation
track_0785629,train
track_1015044,validation
track_0973382,train
track_1053492,train
track_1201478,train
track_0948722,train
track_1088079,train
track_1374691,train
track_1054347,train
track_0553255,train
track_0080804,test
track_1136905,train
track_0280162,train
track_1071407,train
track_0962061,train
track_0425765,train
track_1078783,validation
track_1028802,test
track_1078822,test
track_1336344,test
track_0302304,validation
track_1112052,train
track_1341272,train
track_1069080,test
track_0150965,train
track_1211484,train
track_1320630,test
track_1134581,test
track_1061374,train
track_0005090,train
track_1379854,train
track_1274711,validation
track_1070598,train
track_1397782,train
track_1076578,train
track_0602715,test
track_1348664,validation
track_0873548,train
track_1369724,test
track_1369044,validation
track_0594265,train
track_0891599,validation
track_1244951,train
track_1041354,validation
track_0202179,train
track_0014018,train
track_1163965,train
track_1320015,train
track_0941160,train
track_1320031,validation
track_1358844,train
track_0011756,test
track_0967566,test
track_0867662,train
track_1075186,validation
track_1088089,train
track_1096877,train
track_0347852,validation
track_0286107,train
track_1078446,train
track_0579646,train
track_1235361,train
track_1227372,train
track_1141670,train
track_1274153,train
track_1168169,train
track_0080764,train
track_1192421,validation
track_1249927,train
track_0264446,train
track_0711262,train
track_0811658,train
track_1171725,train
track_1397150,train
track_1146533,test
track_1206165,train
track_0659888,train
track_1221848,train
track_0704685,test
track_1165743,train
track_0571488,test
track_1112009,validation
track_1054257,validation
track_1244950,train
track_0146587,test
track_0606114,validation
track_1046568,test
track_0202177,train
track_1367655,test
track_0786778,train
track_1374946,train
track_0647525,train
track_0352930,train
track_1380601,train
track_1207616,train
track_0565799,test
track_1109897,train
track_0417576,validation
track_1124871,test
track_0918875,train
track_0976792,train
track_0149489,train
track_0318670,train
track_1158020,validation
track_1230632,train
track_1206777,train
track_0962583,train
track_0521030,train
track_1158503,validation
track_0585147,test
track_1407885,train
track_0150944,train
track_1114714,train
track_1396930,test
track_0950797,train
track_0243734,train
track_1130995,train
track_0855408,train
track_1170408,train
track_1379191,train
track_0957458,train
track_1275145,train
track_1062887,train
track_0236416,train
track_1253431,validation
track_1227103,train
track_0918917,train
track_1154733,train
track_0802282,validation
track_1133483,validation
track_1225866,validation
track_1265324,validation
track_1167696,train
track_1231035,train
track_1289085,train
track_0117549,train
track_1115916,train
track_1248270,train
track_1009673,validation
track_1339670,train
track_1189963,train
track_1309358,train
track_1329188,train
track_1167079,train
track_1203425,test
track_1324674,train
track_1322172,train
track_1109859,test
track_1199048,test
track_0417581,validation
track_1159743,train
track_0383589,train
track_1070645,train
track_1092180,train
track_0941957,train
track_1057411,train
track_0459184,train
track_0675853,train
track_1379486,train
track_1096796,train
track_1302604,validation
track_0210606,test
track_1125575,validation
track_1083409,train
track_1155992,test
track_0022550,train
track_0986869,train
track_0553090,train
track_0890978,train
track_1149535,train
track_1106379,validation
track_1148776,train
track_1272786,train
track_1100508,train
track_0113857,train
track_1279781,train
track_1372870,train
track_0675841,train
track_1165474,train
track_1162017,test
track_0947022,train
track_0949032,test
track_1082918,validation
track_0957931,validation
track_1137259,validation
track_1174465,train
track_1265323,train
track_1419783,train
track_0139624,train
track_0638279,train
track_1355018,validation
track_1373035,train
track_1138684,validation
track_1084676,test
track_1375206,test
track_1054122,train
track_0741682,test
track_0359658,validation
track_1236870,validation
track_1329475,train
track_0114773,train
track_1208346,validation
track_1076568,validation
track_0147713,validation
track_0395473,train
track_0347841,validation
track_1050084,train
track_0345143,train
track_0510377,test
track_0026233,train
track_0976814,test
track_1061369,train
track_1261463,test
track_1164478,train
track_1401344,train
track_0890485,test
track_1156975,validation
track_1075212,validation
track_1381589,train
track_0297689,train
track_1060322,train
track_0575226,train
track_1061367,train
track_1221525,train
track_1265912,train
track_1131558,train
track_1326533,train
track_0936357,train
track_1164987,train
track_0083425,train
track_1163316,train
track_0934046,test
track_1076581,validation
track_0242640,validation
track_1129382,train
track_0259683,validation
track_0057860,train
track_1071502,train
track_0048721,train
track_0618451,test
track_1156039,train
track_1227375,train
track_1133344,test
track_1248604,test
track_0209149,test
track_0321554,train
track_0996963,train
track_1095730,train
track_0347557,test
track_1222852,test
track_1100053,test
track_1225735,train
track_1364933,train
track_1075215,validation
track_0893402,train
track_0046538,train
track_1189956,train
track_0259834,train
track_1168546,train
track_1165529,train
track_0151020,train
track_1056125,test
track_1126695,train
track_1235165,train
track_1335980,test
track_1221262,test
track_0571487,validation
track_1216209,train
track_0873819,validation
track_1089822,train
track_1018532,test
track_1320634,train
track_1106462,train
track_1277910,test
track_0133515,train
track_1330384,train
track_1133285,validation
track_1105057,train
track_0950015,train
track_1154903,train
track_1087539,train
track_1289131,test
track_1319994,validation
track_1326473,train
track_1192553,test
track_1132971,train
track_1101382,train
track_1331835,train
track_0719848,train
track_1264979,train
track_1102229,train
track_1163964,train
track_0943391,test
track_0356423,train
track_1295767,train
track_1160055,train
track_1057804,test
track_1351135,train
track_1248263,train
track_0363853,train
track_0698666,train
track_1163205,train
track_1206771,train
track_1039569,train
track_1320000,train
track_0783503,train
track_1201676,train
track_1270581,validation
track_0356931,train
track_1129452,train
track_0644846,test
track_0914773,train
track_1348160,train
track_1169939,train
track_1189648,train
track_0383578,train
track_1248613,validation
track_1173259,train
track_1089165,validation
track_1125673,validation
track_1079317,train
track_1057728,validation
track_0205089,train
track_1398421,train
track_0038756,train
track_1085618,train
track_0326493,train
track_1052677,train
track_1097025,validation
track_1210707,train
track_0080822,train
track_1053491,test
track_0847339,train
track_0080758,test
track_1330504,train
track_1330298,test
track_1101582,train
track_0819163,train
track_1156028,test
track_0571479,train
track_0151087,train
track_1331789,validation
track_1389037,train
track_1185320,train
track_0084125,train
track_1066197,train
track_1352970,train
track_0802175,train
track_1153115,train
track_0943385,train
track_1380660,train
track_1115536,train
track_1157595,train
track_1039114,train
track_0647536,train
track_1127561,validation
track_0936441,train
track_1209642,test
track_1105663,train
track_1234356,train
track_1084817,train
track_0693471,validation
track_1126031,train
track_0026224,test
track_1234245,train
track_0088557,test
track_0659901,train
track_1269095,test
track_1119023,train
track_1030102,validation
track_0353494,train
track_1340367,train
track_1353362,train
track_1054098,train
track_1137411,train
track_0780391,train
track_0461016,validation
track_1121433,train
track_0888494,test
track_0150767,train
track_1162744,validation
track_1265309,train
track_1135390,train
track_1321064,test
track_1098671,train
track_1109869,train
track_1038159,train
track_1069825,train
track_1288562,train
track_0019202,train
track_1127782,train
track_0272923,train
track_1041557,train
track_0867445,train
track_1102240,train
track_1248257,train
track_1101579,train
track_1129160,train
track_1014399,test
track_1147704,validation
track_1076562,train
track_1324988,train
track_0846450,train
track_0811128,train
track_1202875,test
track_1029956,test
track_1250210,test
track_0106224,test
track_0844331,train
track_1392653,train
track_1057412,validation
track_1395032,train
track_1313454,validation
track_0915293,validation
track_0464042,train
track_1243726,train
track_1147082,train
track_1149539,train
track_1171149,test
track_1056506,train
track_1036705,train
track_1396500,train
track_1316646,validation
track_0150945,test
track_1168166,train
track_0585150,train
track_0464020,train
track_1098670,train
track_1084196,train
track_0915295,train
track_1402233,test
track_1366160,train
track_1028904,validation
track_1086429,train
track_0373300,validation
track_1210145,train
track_1264198,train
track_1242270,train
track_0502325,train
track_1123202,train
track_1033185,train
track_1146205,validation
track_1069871,validation
track_1065620,train
track_1369727,train
track_1075210,train
track_1165503,validation
track_1075199,train
track_1270994,train
track_1234444,train
track_1221588,train
track_0369462,train
track_1154338,train
track_1075181,test
track_0387501,train
track_0151100,test
track_0516745,train
track_1275609,validation
track_0460242,test
track_1118534,train
track_0827276,train
track_1041558,train
track_1148778,train
track_1112028,train
track_1227555,train
track_1077727,train
track_0259362,train
track_1133073,validation
track_1320016,train
track_0783227,train
track_1330451,train
track_1369065,test
track_1393399,train
track_0205090,train
track_0726601,validation
track_1133180,train
track_1023322,train
track_1362587,train
track_0128852,train
track_1371592,train
track_1163229,validation
track_0891905,validation
track_0873553,validation
track_1032332,train
track_1370865,test
track_1162363,train
track_1165475,train
track_1111979,validation
track_1322166,test
track_0920493,validation
track_1023087,test
track_1242264,train
track_1352263,train
track_1382260,test
track_0802287,validation
track_0856980,train
track_1041556,test
track_1408398,train
track_1063326,train
track_0801678,train
track_1186443,validation
track_1121188,test
track_0953634,train
track_1370162,validation
track_1076450,validation
track_0936358,validation
track_1241405,test
track_0230860,validation
track_0482274,train
track_0014016,train
track_0464040,train
track_1370144,train
track_1292389,validation
track_1278317,train
track_1223074,validation
track_1065962,validation
track_0778561,train
track_0751971,train
track_1097129,train
track_1122009,test
track_1133264,train
track_1218783,train
track_0259836,train
track_1079391,train
track_1397147,test
track_1156009,validation
track_1236643,test
track_1222007,test
track_0731428,train
track_0401849,train
track_0811663,train
track_1180087,test
track_0625209,train
track_1300049,test
track_1376048,validation
track_1037050,train
track_1179408,train
track_0700216,test
track_0711259,test
track_1084682,train
track_0606117,train
track_0553249,test
track_1098471,train
track_1223700,validation
track_0789887,validation
track_0921951,test
track_1377971,train
track_1130033,validation
track_0802285,test
track_0162031,train
track_1061466,train
track_1169719,validation
track_0553254,validation
track_0957946,train
track_1131490,validation
track_0897312,train
track_0873811,test
track_0919934,validation
track_1084681,test
track_0950037,train
track_0636014,test
track_0026230,train
track_1118536,train
track_1130597,train
track_1385318,test
track_0663860,train
track_0078729,validation
track_1158981,validation
track_1361145,test
track_0585156,validation
track_1081258,test
track_1027900,train
track_1321062,train
track_1313334,train
track_1248609,train
track_1372284,train
track_1086644,train
track_0368179,train
track_1066662,test
track_1128046,train
track_1052560,train
track_1093295,train
track_1309754,train
track_1046570,train
track_1121432,train
track_1374703,train
track_1248272,train
track_1165502,train
track_1383721,train
track_1179111,validation
track_1350850,validation
track_1337388,train
track_0842756,validation
track_0768428,train
track_1121406,train
track_0585152,train
track_0034858,test
track_1231350,validation
track_0414117,train
track_0325374,train
track_0941161,validation
track_0079759,train
track_1159699,train
track_1147362,train
track_0032618,train
track_1350755,validation
track_1176230,train
track_0605518,test
track_1098675,validation
track_1096951,train
track_1371564,train
track_1295454,test
track_0686753,test
track_1248279,train
track_1231993,train
track_1159157,train
track_1242779,train
track_0215566,train
track_0991710,test
track_1332741,train
track_1123276,train
track_1371495,validation
track_1109857,train
track_1012591,validation
track_0162033,train
track_1163207,train
track_0196255,train
track_1326818,train
track_1076603,validation
track_0371282,train
track_1239740,train
track_1110263,test
track_1222935,train
track_1026881,validation
track_0482391,train
track_1076391,train
track_0556383,validation
track_1419382,train
track_1397806,train
track_1029546,validation
track_0947790,train
track_1057817,train
track_1109614,validation
track_1086828,train
track_1330200,train
track_0383572,train
track_0398853,validation
track_1046642,train
track_0081815,train
track_1189914,test
track_1100425,train
track_0081179,train
track_0897310,train
track_1186430,validation
track_1405570,train
track_0326513,train
track_0305536,train
track_1076887,test
track_1230995,test
track_1149217,train
track_1170731,train
track_0113815,train
track_0628412,train
track_1203894,train
track_0734439,train
track_1080094,test
track_1026873,test
track_1329978,train
track_0075180,train
track_0242857,train
track_1417888,train
track_1281212,train
track_0371273,train
track_1197333,train
track_1129345,train
track_1310110,train
track_0922584,train
track_1354125,train
track_0719854,train
track_1275458,test
track_0802321,train
track_1051172,train
track_0962588,test
track_1273896,train
track_1372082,train
track_1405044,test
track_1400603,test
track_1041676,train
track_0155955,train
track_1197332,train
track_1147843,train
track_0081037,train
track_1266579,train
track_1330456,test
track_0349960,train
track_1122014,train
track_1078435,train
track_0897317,train
track_1379399,train
track_1369043,train
track_0470746,validation
track_0147666,train
track_0075179,train
track_0018233,train
track_1176151,train
track_0976780,train
track_1376087,train
track_1224354,train
track_1345303,train
track_1165779,validation
track_1136576,train
track_1117460,train
track_1222626,train
track_0275244,train
track_1208952,train
track_1194594,test
track_0272851,train
track_0066946,train
track_1374155,test
track_1138826,validation
track_1380667,train
track_1400796,train
track_1348114,validation
track_1027968,train
track_0618455,train
track_0802288,train
track_1035354,test
track_1160141,train
track_0976787,train
track_1346211,train
track_1164991,train
track_0589414,test
track_1086035,train
track_0873561,train
track_1269807,train
track_1009064,train
track_0801443,train
track_1130017,test
track_1163237,train
track_1269101,train
track_0078311,train
track_1403727,train
track_1372087,train
track_1300044,validation
track_1287556,train
track_1248262,train
track_0957934,train
track_1137202,test
track_1372076,train
track_1080218,test
track_1256025,validation
track_1076451,validation
track_1110775,train
track_1372767,train
track_1241542,train
track_0466210,train
track_0556353,train
track_1112334,train
track_1074678,train
track_0964537,train
track_1127147,train
track_1320028,train
track_1397814,train
track_1153113,train
track_0978811,train
track_0811661,train
track_0429055,train
track_1109852,train
track_0773685,train
track_0094760,train
track_1134859,train
track_0500415,test
track_1218920,train
track_1329944,train
track_1138778,test
track_1078449,train
track_1415223,train
track_1371899,train
track_1041559,train
track_0889264,test
track_1077777,train
track_1207612,test
track_1345987,train
track_0618457,train
track_1171018,train
track_1057733,train
track_0008562,train
track_0350870,train
track_0247649,validation
track_1121428,train
track_1092251,train
track_1399790,validation
track_1027876,test
track_1081181,train
track_1129316,train
track_0084189,test
track_1076570,train
track_1145351,train
track_1162942,validation
track_0802324,train
track_1330386,validation
track_1067689,train
track_0381098,train
track_1128212,validation
track_1341107,validation
track_1215950,test
track_1052161,train
track_1304480,validation
track_1160224,train
track_0359663,train
track_0952918,validation
track_1397812,train
track_0236347,test
track_1356241,train
track_1151197,train
track_1359472,train
track_0133521,train
track_0965304,train
track_0865676,test
track_0466209,train
track_1158632,train
track_0422558,train
track_0147664,validation
track_0965316,train
track_0685845,train
track_1100510,train
track_0352694,test
track_0965451,train
track_0981229,train
track_0973993,train
track_0911615,train
track_0556377,train
track_1319991,train
track_1417804,train
track_1352161,train
track_1161431,validation
track_1165522,train
track_0015162,train
track_0734456,test
track_0873822,train
track_1417337,train
track_1137233,train
track_1027607,train
track_1012005,train
track_0329682,train
track_0949609,train
track_0636016,test
track_1146585,train
track_0565794,train
track_1274435,train
track_1248622,train
track_1074702,train
track_0347534,validation
track_1284739,train
track_0897983,train
track_0653702,train
track_0450991,train
track_0182038,test
track_1147081,train
track_1379123,train
track_0532253,train
track_0482263,train
track_1110106,train
track_1239110,validation
track_0076661,train
track_0108592,train
track_0394415,validation
track_0675874,train
track_0962721,validation
track_1383149,train
track_1417802,train
track_1346112,train
track_1208347,validation
track_0017492,train
track_0922858,train
track_1277893,train
track_1222348,validation
track_1352257,train
track_0081038,test
track_1112051,validation
track_1306402,train
track_1290444,train
track_0891053,test
track_0986872,validation
track_1276486,test
track_0830893,train
track_1372278,validation
track_1417886,train
track_1131489,test
track_0571485,train
track_1222008,train
track_1088385,train
track_1115632,train
track_1330508,test
track_1359486,train
track_0743963,train
track_0801484,train
track_0133520,train
track_1075193,train
track_1348660,train
track_0034853,validation
track_1078425,train
track_1294440,train
track_0628411,train
track_0976819,train
track_1129459,train
track_0339196,train
track_1030279,train
track_1243727,train
track_1241410,validation
track_1392651,train
track_0810889,train
track_1168523,train
track_1225293,train
track_1056611,train
track_1414670,train
track_1157325,train
track_1114718,train
track_1064517,test
track_1167922,validation
track_0565800,train
track_1197340,train
track_1350759,test
track_0941156,train
track_0206014,validation
track_0149487,test
track_1079385,test
track_0246737,train
track_0961258,validation
track_1260047,train
track_1299808,test
track_0897311,validation
track_1376056,train
track_1168499,validation
track_1402706,train
track_1164985,test
track_1372192,train
track_0934047,train
track_1156032,test
track_0399401,validation
track_1355395,train
track_1150489,train
track_1165498,validation
track_0501674,validation
track_1125822,train
track_0447147,train
track_0976817,train
track_1172447,validation
track_0867665,train
track_1168541,train
track_0799819,train
track_1107277,train
track_1110764,test
track_0293156,train
track_1032702,train
track_1170730,train
track_1049828,train
track_1119592,train
track_1193254,train
track_1169941,train
track_1149533,train
track_0725496,train
track_1171314,train
track_0442828,train
track_1318103,train
track_0711271,train
track_1096957,train
track_0725504,train
track_1415750,validation
track_0498815,train
track_1380006,train
track_0162043,train
track_1159740,train
track_0939241,train
track_1052564,train
track_0106223,train
track_1396244,train
track_1192426,test
track_1329943,train
track_0700217,train
track_0082424,train
track_1242780,validation
track_1023481,test
track_1119923,train
track_1306265,validation
track_1161434,train
track_1102233,train
track_1287157,train
track_0259936,train
track_0577044,train
track_1355015,test
track_1275612,test
track_1321089,validation
track_1037051,train
track_1159695,validation
track_1369863,validation
track_1231037,train
track_1150900,train
track_0049027,train
track_1335983,test
track_1109853,validation
track_1331525,test
track_1294018,train
track_1235602,train
track_0956551,train
track_1001892,train
track_1115569,test
track_1270574,train
track_0080785,test
track_1253054,validation
track_1136882,train
track_1028807,train
track_1419626,test
track_1189925,train
track_0941406,train
track_1300335,train
track_1274079,train
track_1397802,train
track_1119473,train
track_0246749,train
track_1332189,train
track_1125825,train
track_0166338,train
track_0715783,test
track_0345908,train
track_1096089,train
track_0663859,test
track_1332637,train
track_1326539,train
track_1016180,validation
track_0737328,train
track_0017491,validation
track_1235016,train
track_0043881,train
track_1375970,train
track_0030220,validation
track_0594261,train
track_0996972,train
track_0004890,train
track_0711261,test
track_0084142,test
track_1316288,train
track_1221580,train
track_1243740,train
track_1085602,test
track_0168997,train
track_0131628,test
track_0938055,test
track_1371330,train
track_1275963,train
track_0900796,test
track_1092183,validation
track_0908555,train
track_0939260,train
track_1348129,train
track_1307838,train
track_1396976,train
track_0897315,test
track_0950579,test
track_1292549,validation
track_1418009,train
track_0346315,test
track_1221916,train
track_1204454,train
track_1201477,test
track_0423239,train
track_1077043,train
track_0080790,train
track_1326827,validation
track_0966860,train
track_1076571,train
track_1063657,train
track_0976788,train
track_1086300,train
track_1150738,train
track_0982115,validation
track_1169996,train
track_1161438,train
track_1241409,train
track_1171566,train
track_1225307,train
track_1245144,validation
track_1044190,train
track_0934050,train
track_1356320,train
track_0345907,train
track_1162945,test
track_1350754,train
track_0773686,train
track_1126698,train
track_0176091,train
track_1028803,train
track_1152621,train
track_1041555,train
track_0915384,test
track_1041461,validation
track_1219597,train
track_1397145,train
track_0259810,test
track_1131487,train
track_1348085,train
track_1326537,train
track_0711267,train
track_0553252,validation
track_1418016,validation
track_1115076,train
track_1162380,train
track_1254614,train
track_0046541,validation
track_1093631,train
track_1273900,train
track_1306052,test
track_1159700,validation
track_1131096,validation
track_1039756,test
track_0867663,train
track_1243730,train
track_0789886,train
track_1360750,train
track_0661753,test
track_1157597,train
track_0155953,validation
track_1125818,validation
track_0976781,test
track_0855267,test
track_1164346,train
track_1402654,train
track_1201668,train
track_0073124,train
track_1160056,train
track_1078635,validation
track_1076456,train
track_1159748,train
track_1227553,train
track_1131497,train
track_1173871,train
track_1209616,train
track_1166930,train
track_0381192,test
track_1244711,train
track_0450993,train
track_0953636,train
track_0957451,train
track_1285608,train
track_1316289,validation
track_1163212,train
track_1078478,train
track_1328163,train
track_0875313,validation
track_1092335,train
track_0835794,train
track_1193205,train
track_1098679,validation
track_1166109,train
track_1374299,validation
track_1294933,train
track_0202927,train
track_0222132,train
track_0038767,train
track_1130022,train
track_0346254,train
track_1126025,train
track_1366863,train
track_1089251,validation
track_1372073,validation
track_0553257,train
track_0347593,train
track_0389431,train
track_1121429,train
track_0674304,validation
track_1393397,validation
track_1231888,train
track_1355013,train
track_1189646,test
track_1166106,train
track_1388809,train
track_0147665,train
track_1041563,train
track_1309761,test
track_1321298,train
track_1038728,train
track_0293160,test
track_1078368,test
track_1296153,test
track_1296931,train
track_0873554,train
track_1091337,train
track_1264196,train
track_0579642,train
track_0618819,train
track_1249957,train
track_1309739,test
track_1077723,test
track_0723358,train
track_1116401,validation
track_0896604,train
track_1345291,test
track_1163963,train
track_0980883,train
track_1123273,train
track_1383728,validation
track_1089086,train
track_1380678,validation
track_1054342,train
track_1034944,train
track_0166391,train
track_1098676,train
track_0324619,train
track_1142158,train
track_1164984,validation
track_0189589,train
track_0150781,train
track_1079300,train
track_1165531,train
track_1069749,train
track_1151618,train
track_0858540,validation
track_1066896,test
track_0324614,train
track_0771292,train
track_1194981,train
track_0850188,validation
track_1127562,test
track_1419628,train
track_1110779,test
track_1168162,validation
track_0405788,train
track_0989875,train
track_0066945,train
track_1265150,test
track_1353670,train
track_0659892,train
track_0056450,test
track_1123272,train
track_1159951,train
track_1351142,train
track_1279774,train
track_0361031,train
track_0919479,train
track_0899143,test
track_1206160,train
track_1168520,train
track_0824627,train
track_0700214,test
track_1372088,train
track_0991713,train
track_1409378,train
track_1117411,test
track_0891907,train
track_1264997,train
track_1407059,validation
track_1396105,train
track_1208809,train
track_1133263,validation
track_1362259,train
track_0401852,train
track_1319841,train
track_0679894,train
track_0914034,validation
track_1076573,train
track_0778519,test
track_0259901,test
track_1158982,train
track_1227554,train
track_1166921,train
track_1030277,train
track_1122287,train
track_0897977,test
track_0618452,test
track_1084198,train
track_0470724,validation
track_1186550,train
track_1374951,train
track_1374305,train
track_1126058,validation
track_1267844,train
track_0125455,train
track_1251463,train
track_1154731,train
track_1171145,train
track_1012600,validation
track_1058134,validation
track_1156971,test
track_0482266,train
track_1160423,train
track_0663133,validation
track_1210134,train
track_1220577,train
track_1326529,train
track_0565793,train
track_0537755,validation
track_1023306,validation
track_1397810,test
track_1130991,test
track_0494617,train
track_0326505,train
track_0151033,validation
track_1122008,validation
track_1284354,train
track_1248621,train
track_0565796,test
track_1248255,train
track_0128861,train
track_1157596,train
track_1275158,test
track_1053400,train
track_1071929,train
track_0073151,validation
track_1095695,train
track_1129092,test
track_0618460,train
track_1269148,validation
track_1387151,train
track_1388859,validation
track_1229544,train
track_1101380,train
track_0875384,train
track_0974000,train
track_1138775,train
track_0196219,train
track_0764958,train
track_1109891,train
track_1370862,validation
track_1083513,validation
track_1166679,train
track_1369048,test
track_1354846,train
track_1268989,train
track_1156128,train
track_1414117,train
track_0015660,train
track_0965595,validation
track_1084815,train
track_0259908,train
track_1137240,test
track_1332734,train
track_1131566,train
track_1044781,train
track_1374688,train
track_1061370,train
track_0989876,train
track_1056127,validation
track_0964535,validation
track_0040347,train
track_1267849,train
track_0500420,train
track_1155896,train
track_1156130,test
track_1069338,validation
track_1253430,test
track_1046573,train
track_0903598,train
track_1065759,train
track_0686752,train
track_1149757,train
track_1234242,test
track_1079299,train
track_0659898,validation
track_1075180,train
track_0743966,train
track_1189912,validation
track_0741317,train
track_0891612,train
track_1370137,train
track_0556378,train
track_0518469,train
track_0345906,train
track_1294938,validation
track_1416532,train
track_1131101,train
track_0244956,validation
track_1051196,validation
track_1354688,train
track_0095581,train
track_0618449,test
track_1277849,train
track_1369052,validation
track_0080806,train
track_1164197,train
track_0096887,test
track_1035344,test
track_0965318,validation
track_1340798,train
track_1061871,train
track_1121431,train
track_1288835,validation
track_1345850,train
track_0275232,validation
track_0345904,train
track_0811240,train
track_0271565,train
track_1147359,validation
track_0324411,train
track_1053497,train
track_1376057,validation
track_1339442,train
track_1317903,train
track_1069824,train
track_1113513,train
track_0066944,train
track_1376454,train
track_1154729,train
track_1243722,train
track_0166341,train
track_0865775,train
track_1397731,train
track_1133078,train
track_1385297,train
track_1159203,train
track_0147596,validation
track_1386495,train
track_1075196,train
track_1075188,train
track_0162041,validation
track_1027884,train
track_1266508,train
track_1107279,train
track_1061380,train
track_1330505,test
track_0146591,train
track_1156121,validation
track_1376059,train
track_1361108,train
track_1241227,test
track_1397805,train
track_1215952,train
track_1342570,test
track_1126009,train
track_1170734,test
track_1115570,test
track_1208449,validation
track_1393011,train
track_1277835,train
track_1126032,train
track_1086301,train
track_1074894,train
track_1109901,train
track_1345077,train
track_0973388,train
track_1274152,train
track_1418291,train
track_1029325,test
track_0625210,train
track_1032698,train
track_0074753,train
track_1304665,test
track_0081814,train
track_1095023,train
track_1066661,test
track_0151126,train
track_1126088,validation
track_1159368,train
track_1149696,train
track_1127764,train
track_0810896,train
track_1075170,train
track_1383742,train
track_1077044,train
track_0128305,train
track_1208331,train
track_0205076,train
track_0662444,test
track_1138776,validation
track_1253659,train
track_1105066,train
track_0019204,train
track_1281202,train
track_1365238,test
track_0686756,train
track_1401336,test
track_1414673,validation
track_1127776,test
track_0464044,test
track_1157023,test
track_1070641,train
track_0259505,test
track_0565804,train
track_1169707,test
track_1397151,train
track_1207614,train
track_0949229,train
track_1084381,train
track_1085244,train
track_1069336,train
track_0947016,train
track_0043886,test
track_1089266,train
track_1374442,test
track_0786777,train
track_1158967,train
track_0202150,test
track_1388812,train
track_1042998,train
track_1401338,validation
track_1109909,train
track_0084141,validation
track_1102232,train
track_1374704,train
track_1279771,train
track_0166337,train
track_1251687,train
track_1223083,train
track_1210705,train
track_0801570,train
track_0839521,train
track_1234989,train
track_0874646,train
track_0034517,train
track_1173141,train
track_0383586,train
track_1079398,train
track_0873807,train
track_1168164,train
track_0242410,train
track_1402298,train
track_0073117,train
track_0031430,train
track_1078471,validation
track_1227397,validation
track_1375201,train
track_1097842,train
track_0669146,train
track_1225296,train
track_0139566,train
track_1029327,train
track_1196181,train
track_0950933,validation
track_0581059,train
track_1124972,validation
track_1151196,validation
track_1131492,validation
track_1401969,train
track_0284171,train
track_0023866,test
track_1171707,train
track_1038475,train
track_0114924,validation
track_1044780,validation
track_1067253,train
track_1039516,test
track_1077720,validation
track_0768432,train
track_0084060,validation
track_1063878,train
track_1110330,validation
track_0048726,validation
track_0400860,train
track_1273069,validation
track_1078779,train
track_1345311,train
track_0940729,validation
track_1146534,test
track_1169943,train
track_1129943,train
track_0585149,train
track_1129988,validation
track_1154904,train
track_1112013,train
track_0943386,train
track_1345290,train
track_0381092,train
track_1289127,train
track_0417585,train
track_0618453,train
track_0347538,train
track_1202188,train
track_1109851,train
track_1159617,train
track_0494616,train
track_1199593,train
track_1126030,validation
track_0802292,test
track_1114956,test
track_1366164,train
track_1026345,train
track_0890565,train
track_1072430,test
track_1072428,train
track_0151099,test
track_1115615,test
track_0921953,train
track_1393224,train
track_1148305,train
track_1407330,train
track_0037815,train
track_1028814,train
track_1243738,validation
track_1134861,train
track_1136523,train
track_1066130,train
track_1023323,train
track_1399626,train
track_0113564,train
track_0659894,train
track_1217515,validation
track_0798199,train
track_0571489,train
track_1403729,test
track_1275146,train
track_0762197,train
track_0839517,train
track_1270578,train
track_1081843,train
track_0944142,validation
track_1160010,train
track_1053500,train
track_1348666,train
track_0326515,test
track_0873806,train
track_1294943,train
track_1158985,train
track_1071925,test
track_1124971,train
track_1026040,train
track_1365778,test
track_1274154,train
track_0260191,train
track_1357553,test
track_1077531,validation
track_1034942,train
track_1109742,train
track_1320030,train
track_1219473,train
track_0768436,train
track_1159660,train
track_0080770,train
track_1133406,train
track_0306091,train
track_0416417,train
track_1115633,test
track_0659890,test
track_1166070,train
track_1148777,train
track_0205093,train
track_1209628,train
track_0572381,train
track_1136443,validation
track_1171567,train
track_1385555,validation
track_1384187,validation
track_1203657,test
track_1185306,train
track_1150490,test
track_1234393,train
track_0953786,train
track_1137422,train
track_1329187,train
track_1281955,test
track_1319996,train
track_1126027,test
track_1082100,test
track_0947797,train
track_1057709,train
track_0873558,validation
track_0647532,validation
track_1320570,train
track_1202183,train
track_1080219,train
track_0839513,train
track_1148775,train
track_0470732,test
track_1192549,train
track_1159623,train
track_1278253,test
track_0897322,train
track_1286537,validation
track_0962722,train
track_0881100,test
track_0435842,test
track_1302680,train
track_0154636,train
track_1347949,train
track_1320005,train
track_1372208,test
track_0260195,validation
track_0913287,test
track_0565801,train
track_0556352,train
track_0168832,train
track_1136875,test
track_1030905,train
track_1243737,test
track_1248616,train
track_1185881,train
track_1096134,train
track_1219596,train
track_0911795,validation
track_1219878,train
track_0973992,train
track_1131105,train
track_0515594,train
track_1326552,train
track_0448680,train
track_1193225,test
track_0373268,validation
track_1127778,test
track_0811232,train
track_1069596,train
track_0081288,validation
track_1314853,train
track_1109862,train
track_0884408,train
track_0126060,train
track_0666619,validation
track_1127774,train
track_1281203,validation
track_0711266,train
track_1030281,train
track_1254006,train
track_1283855,validation
track_1098429,train
track_0973996,train
track_0057266,test
track_1075179,train
track_0151069,train
track_0150954,validation
track_0579643,train
track_0259894,train
track_1307642,train
track_0959154,validation
track_1271851,train
track_0784877,train
track_1131098,train
track_0996962,train
track_0471257,train
track_1211803,train
track_1405035,train
track_0370179,train
track_1038512,validation
track_0011845,train
track_0188574,validation
track_0571472,train
track_0020743,train
track_0773675,train
track_1340882,train
track_0603762,test
track_0401844,test
track_0553256,train
track_1351140,train
track_1121408,train
track_1155995,validation
track_1096811,train
track_1401334,test
track_0297869,test
track_1371880,train
track_1018535,train
track_0948211,validation
track_1316663,train
track_0275249,validation
track_1371864,train
track_1320017,train
track_0088559,train
track_1116586,train
track_1088388,train
track_0959152,train
track_1273391,train
track_1138691,train
track_0922857,train
track_0147597,train
track_0154632,test
track_0962063,train
track_1133181,train
track_1288961,test
track_1127153,train
track_1321145,train
track_1289128,train
track_0996974,test
track_1124381,train
track_1194317,validation
track_1075174,train
track_1353976,train
track_0370260,test
track_1100246,validation
track_0810575,train
track_0647538,train
track_0381101,validation
track_1069340,test
track_1247296,test
track_0871996,train
track_1289373,train
track_1078389,train
track_0192880,train
track_1242269,train
track_1192548,train
track_0653703,validation
track_1122569,train
track_1100192,validation
track_0201320,train
track_1264209,train
track_0661756,validation
track_1346567,test
track_1313333,train
track_1323010,train
track_0789881,train
track_1095025,test
track_1159950,train
track_1283759,validation
track_1398416,train
track_1270569,validation
track_0741318,test
track_0941398,train
track_1202954,train
track_1351589,train
track_1366176,train
track_1177395,validation
track_0659900,train
track_1330499,train
track_0000382,train
track_0202151,validation
track_1162099,train
track_1231490,validation
track_0202199,train
track_1172113,validation
track_0964542,train
track_1013135,train
track_0151096,train
track_1190959,validation
track_0081032,train
track_0188294,test
track_0802276,train
track_1340258,train
track_1340257,train
track_1133178,train
track_1026859,validation
track_1330056,test
track_0292530,train
track_0802322,train
track_0944928,validation
track_1294778,train
track_1159946,validation
track_0296240,train
track_0556372,train
track_0347604,train
track_1137273,train
track_1168171,train
track_1208450,validation
track_1187344,train
track_0405790,train
track_0457236,train
track_0004887,train
track_1281209,validation
track_1276510,train
track_1080154,train
track_0946946,train
track_1355022,validation
track_1086337,train
track_1203429,train
track_0405787,train
track_0938058,train
track_1194316,train
track_1028816,test
track_0130611,train
track_0710533,train
track_1033094,validation
track_1236853,train
track_0764952,train
track_1084374,validation
track_0632093,test
track_0752147,test
track_1240413,test
track_0934043,train
track_1167884,train
track_0939259,train
track_1156056,test
track_1322956,train
track_0278358,train
track_1319227,train
track_1270604,train
track_1313340,train
track_1219234,train
track_0891602,train
track_1291475,train
track_1414842,train
track_1165518,validation
track_0081183,train
track_0914767,train
track_1322923,train
track_1189929,train
track_1369698,train
track_1154247,test
track_0135845,test
track_1053176,train
track_1330448,test
track_1145350,train
track_1173258,validation
track_0038769,train
track_1176150,validation
track_0257021,validation
track_0989878,validation
track_0862394,train
track_0604137,train
track_1159753,test
track_1047453,train
track_0711269,test
track_1051205,train
track_1314627,train
track_1219559,train
track_0481709,train
track_1089264,train
track_1375199,train
track_0299483,train
track_0865776,validation
track_1328103,validation
track_0000958,train
track_1089166,train
track_0534561,test
track_0867660,train
track_1415560,train
track_1227556,train
track_0305168,test
track_1267344,train
track_1340343,train
track_1051898,train
track_0881044,test
track_1103449,train
track_1363272,train
track_1108513,train
track_0243568,train
track_0915279,train
track_1248602,train
track_0075174,validation
track_1087729,train
track_0897313,train
track_0733157,train
track_1264194,train
track_0046038,train
track_0944150,test
track_0162024,train
track_1206768,test
track_1086514,test
track_1043815,test
track_1069786,test
track_1094954,train
track_1169057,test
track_1380662,validation
track_1156094,train
track_0919941,validation
track_1150079,train
track_0511100,train
track_1355462,train
track_1295654,train
track_1031433,validation
track_1183747,train
track_0066949,train
track_1369049,test
track_0896611,train
track_1235604,train
track_1154907,test
track_1407331,train
track_1103171,train
track_1089262,test
track_1414153,train
track_0113574,train
track_1325771,train
track_1127768,validation
track_1158966,test
track_1076575,train
track_1204431,validation
track_1320003,train
track_1361471,test
track_0663852,train
track_0731396,train
track_0802293,train
track_1289019,train
track_1185797,train
track_1160029,train
track_1208803,train
track_1104857,validation
track_0785632,train
track_1257248,train
track_0989874,train
track_0888635,train
track_1129159,train
track_1030903,validation
track_1166928,validation
track_0639525,train
track_1044925,train
track_1279775,test
track_0038758,test
track_1187039,train
track_1108282,validation
track_1166678,train
track_0783232,train
track_0044671,validation
track_1096788,validation
track_1357456,validation
track_1368389,train
track_0021984,test
track_1101590,train
track_0962727,test
track_1393617,train
track_1041496,train
track_1138559,train
track_0242903,validation
track_0080782,train
track_1077388,train
track_1084124,validation
track_0365609,train
track_0729307,train
track_1270630,train
track_0734385,train
track_1292567,test
track_1397744,train
track_1225306,train
track_0749616,test
track_0936439,train
track_0895956,test
track_1169733,train
track_1135071,train
track_1277606,test
track_0625213,train
track_1089239,train
track_1293572,train
track_1189944,train
track_1048226,train
track_0661754,train
track_0302357,test
track_1165501,train
track_0908551,test
track_1371096,train
track_0957453,train
track_1093794,train
track_0711257,train
track_1351136,train
track_0839514,train
track_1040558,test
track_1011994,train
track_0041965,train
track_1211483,train
track_0976790,train
track_1168278,train
track_1105053,test
track_1244885,train
track_0553089,train
track_1190960,train
track_1163322,train
track_0981206,test
track_0949606,train
track_1030283,train
track_1245136,train
track_1243720,train
track_1305120,train
track_1321124,test
track_1338427,validation
track_1221530,train
track_0628409,validation
track_1115630,train
track_0891996,test
track_1119574,train
track_0111012,train
track_0723355,test
track_1098411,train
track_0365590,train
track_1116404,train
track_1161433,train
track_1086258,validation
track_1320004,train
track_1137245,test
track_1133988,train
track_1124970,test
track_1015404,validation
track_0299588,train
track_0771291,train
track_1328332,train
track_1310211,validation
track_1269900,train
track_0034852,train
track_1168804,train
track_1153110,train
track_1168491,test
track_1389457,train
track_0959961,train
track_1390985,train
track_1047939,test
track_0603755,validation
track_1409370,train
track_1416233,train
track_0988518,train
track_0950932,train
track_1358717,test
track_0571486,validation
track_0938056,train
track_1227364,validation
track_1272452,validation
track_1376061,train
track_1347008,train
track_1343593,train
track_1112012,validation
track_0166398,test
track_1335982,train
track_1090144,test
track_0556355,test
track_0026235,train
track_1009671,train
track_0565798,train
track_0081214,train
track_1250208,validation
track_0832632,train
track_1133348,train
track_0383574,train
track_0162025,train
track_0935511,train
track_0957463,train
track_0205092,test
track_1210702,train
track_0950929,train
track_1186853,validation
track_1177892,validation
track_1394567,train
track_1032337,train
track_1129797,test
track_1300028,train
track_1284738,train
track_1371500,train
track_1277707,train
track_0103656,train
track_1253141,train
track_1345285,train
track_0662422,validation
track_1126645,validation
track_1049742,test
track_1096817,train
track_1393408,train
track_0502330,train
track_1276513,train
track_1163782,train
track_0768444,train
track_0133519,train
track_0090066,validation
track_0242908,test
track_1382111,train
track_1109963,train
track_1149755,train
track_1208337,test
track_0080779,test
track_0733158,train
track_0238203,test
track_0751969,train
track_0166394,train
track_0976777,train
track_1414156,train
track_0076660,train
track_1248258,test
track_0996968,train
track_0865772,validation
track_1293996,test
track_1374316,train
track_0026227,train
track_1315891,train
track_1086271,train
track_1316755,train
track_0914769,train
track_1160274,train
track_1400597,train
track_1065761,train
track_1121562,validation
track_1296927,train
track_0710539,test
track_1084201,train
track_0577324,train
track_1341281,validation
track_1276508,train
track_0579308,train
track_0056448,train
track_1397163,test
track_1155998,train
track_1127149,train
track_1127779,test
track_0150783,train
track_1291607,train
track_0211412,train
track_1320002,train
track_1313339,train
track_0888640,train
track_1388580,train
track_1227371,validation
track_1071948,test
track_0094708,train
track_0977117,train
track_0162030,train
track_1149542,validation
track_1159663,train
track_1332945,train
track_1075204,train
track_1056824,test
track_1076458,train
track_1109861,train
track_1341108,train
track_1395614,validation
track_1165514,validation
track_1137669,validation
track_0081803,train
track_1104756,train
track_1348731,train
track_0151027,train
track_1272515,test
track_0989433,train
track_1039777,test
track_1080210,train
track_1079571,train
track_1284741,test
track_1188972,train
track_1228857,test
track_0516730,train
track_1124969,train
track_0579912,train
track_1316323,train
track_1217789,train
track_0202938,train
track_0785434,test
track_1113992,train
track_1073158,test
track_0962584,validation
track_1309874,train
track_1208807,test
track_1159692,train
track_0151135,train
track_0049030,validation
track_1149475,train
track_0034861,train
track_1351586,validation
track_1109777,train
track_1405568,test
track_0166312,train
track_1330054,train
track_0875374,train
track_1364091,train
track_0275224,train
track_1374948,train
track_0264287,train
track_1359884,test
track_0947799,train
track_1076579,train
track_0595367,test
track_0151143,train
track_0944925,validation
track_0666758,train
track_1382270,train
track_0966864,test
track_1250241,train
track_0779036,validation
track_1231042,train
track_0972775,train
track_1070640,train
track_1225146,train
track_1160192,train
track_1119407,train
track_1249628,train
track_1330894,train
track_1028813,train
track_1238932,train
track_0594269,train
track_1355460,validation
track_1088398,train
track_0940732,train
track_0470742,train
track_1030280,validation
track_0108653,test
track_1230829,test
track_1112436,test
track_1158987,train
track_0976791,train
track_1039359,train
track_0032322,train
track_0571476,train
track_0919475,train
track_0345912,validation
track_0902226,train
track_1289102,train
track_1098065,train
track_1113644,test
track_1328131,validation
track_1248273,train
track_0802184,test
track_1194603,train
track_0734509,train
track_1000084,train
track_1320733,train
track_1164588,train
track_1305117,train
track_1026044,train
track_0840599,train
track_0922586,train
track_1163235,train
track_0865774,validation
track_0066942,train
track_1210874,test
track_1330454,train
track_1392057,train
track_1023271,validation
track_1340595,train
track_1127773,train
track_1030900,validation
track_1324907,train
track_1157601,train
track_0466370,train
track_0383568,train
track_0207501,test
track_1162365,train
track_0207532,validation
track_1048149,test
track_0949037,train
track_0976774,train
track_1399693,train
track_0088462,train
track_0897991,test
track_1119590,validation
track_1367882,train
track_0802318,train
track_0873810,train
track_1340354,train
track_1353666,test
track_1079280,train
track_1277855,train
track_1376051,train
track_1320637,validation
track_1397816,test
track_1114036,train
track_1249955,train
track_1069341,train
track_0150791,train
track_1156098,train
track_1082917,train
track_1165521,test
track_1368393,test
track_1228628,train
track_1169701,validation
track_1337944,train
track_1127563,train
track_0672533,validation
track_0636312,train
track_0247279,train
track_1275966,test
track_0371280,test
track_1075168,validation
track_0890454,train
track_1110511,train
track_1183078,train
track_0172186,validation
track_1129035,train
track_1248610,train
track_1109858,train
track_0080821,train
track_1179721,train
track_0951890,train
track_0810904,test
track_1255972,test
track_1070124,train
track_1319997,validation
track_1243729,train
track_1326855,test
track_0109962,train
track_0066947,train
track_1086690,test
track_1295557,validation
track_1136341,test
track_0711272,train
track_0263463,train
track_1164229,test
track_1009063,train
track_1296365,train
track_1148178,train
track_1081840,test
track_1244448,validation
track_1248615,test
track_0785424,validation
track_1238765,train
track_1357405,train
track_1070701,test
track_1396089,validation
track_1193228,train
track_1056141,test
track_1119475,train
track_1388813,train
track_1300328,train
track_1217519,validation
track_1084197,train
track_0839520,train
track_0733169,train
track_1204821,validation
track_1221850,test
track_1375969,train
track_0296241,test
track_1300042,train
track_1126033,train
track_1330055,validation
track_1231644,validation
track_0038776,train
track_1118602,validation
track_0768430,train
track_0026226,validation
track_0264448,validation
track_0150793,train
track_0751968,validation
track_0370257,train
track_1409347,train
track_1221526,train
track_1110770,train
track_1027881,train
track_1041498,train
track_1136344,test
track_1395041,train
track_1160059,validation
track_0771590,train
track_1330502,validation
track_0325391,train
track_1217513,train
track_1194980,test
track_0663131,test
track_0501673,train
track_1227376,train
track_1179403,test
track_1345078,train
track_0018230,train
track_0073121,train
track_1379931,train
track_1159698,train
track_0459359,validation
track_1169705,train
track_1178801,train
track_1095476,test
track_0974001,train
track_0352931,train
track_1168540,train
track_1126094,train
track_0556351,validation
track_1345289,train
track_0347590,train
track_0779037,train
track_0518472,train
track_1100973,train
track_1171624,validation
track_0992508,train
track_0080783,train
track_0976827,train
track_1295534,train
track_0965311,train
track_0734440,train
track_0950302,train
track_1380116,train
track_1361521,validation
track_1231990,test
track_1346677,train
track_1221855,train
track_1156053,train
track_0205097,test
track_1292796,train
track_1420085,validation
track_1209634,validation
track_1255524,train
track_0459388,train
track_0957455,train
track_0036697,test
track_1274169,train
track_0897980,validation
track_0934045,train
track_0389852,train
track_1105056,train
track_1340333,train
track_1125820,train
track_1061763,train
track_1357550,train
track_1060007,train
track_1074709,train
track_1141677,train
track_1119518,test
track_0393581,train
track_0873566,train
track_1222344,validation
track_0169205,train
track_0973994,validation
track_1277846,train
track_1288581,train
track_0982385,train
track_0996960,test
track_1098069,train
track_1078391,train
track_1207613,test
track_0297871,train
track_1162944,train
track_1012597,test
track_0133522,validation
track_1287557,test
track_1155559,validation
track_1372834,train
track_1125821,validation
track_0663130,train
track_1075936,train
track_1084673,validation
track_1221529,train
track_0989713,train
track_1269902,test
track_0982390,validation
track_1161437,train
track_1077040,train
track_0556357,train
track_0618454,train
track_1222000,train
track_1169942,train
track_1414121,train
track_1288980,train
track_1111209,validation
track_0151120,train
track_1228856,train
track_1415796,train
track_0389700,train
track_1235166,test
track_1118533,train
track_0768435,train
track_0133516,validation
track_1417341,test
track_0369461,train
track_1170599,train
track_0258844,train
track_0875003,train
track_0305527,train
track_1123295,train
track_1320008,train
track_1098674,train
track_1185987,validation
track_0326496,train
track_0802278,train
track_0134777,train
track_0579639,train
track_0768433,test
track_0565788,train
track_0571490,train
track_1369050,train
track_1049274,train
track_1414376,test
track_0000390,train
track_1201479,train
track_0996969,train
track_1075173,train
track_1339441,train
track_0209006,train
track_1110772,train
track_1417907,train
track_1243721,train
track_0571478,train
track_0957413,train
track_1165778,train
track_1032226,train
track_1223933,train
track_1028808,test
track_1156096,validation
track_1168545,train
track_0072839,test
track_1300330,train
track_1418020,train
track_0260190,validation
track_1078468,train
track_0967241,train
track_1395501,train
track_0272976,train
track_0347854,test
track_1276894,train
track_1248091,validation
track_0225363,test
track_0406262,train
track_0811245,train
track_1142735,train
track_1131958,test
track_0389520,train
track_1086302,train
track_1141444,validation
track_1255882,train
track_1270582,test
track_0459377,test
track_1162943,train
track_1079295,train
track_1125819,train
track_1312070,train
track_1203322,validation
track_1075192,validation
track_1221919,train
track_0976807,train
track_1189911,train
track_1066918,train
track_1345073,train
track_0272371,test
track_0891613,train
track_1130913,train
track_1077277,test
track_1002052,validation
track_1158968,train
track_0280157,train
track_1053338,train
track_1253146,train
track_1372059,train
track_1110516,train
track_1035560,train
track_0939261,train
track_0585153,train
track_0666614,train
track_0799229,train
track_1111540,train
track_1109633,train
track_1315527,train
track_1369859,train
track_0873928,train
track_1156410,validation
track_1356015,test
track_1359473,train
track_0500419,train
track_1121281,train
track_0875038,train
track_1397811,train
track_0965600,train
track_1071285,train
track_1307839,train
track_0802298,train
track_1374696,train
track_1126035,train
track_1365281,train
track_1150487,train
track_1395224,train
track_0718514,train
track_1077824,validation
track_1137244,train
track_1343816,train
track_1165523,train
track_1137235,train
track_0642404,train
track_1129640,validation
track_1084683,validation
track_1177013,train
track_1316272,train
track_1026039,validation
track_1416535,train
track_1185422,validation
track_0860802,train
track_0207517,train
track_0015170,validation
track_0799262,train
track_1134737,train
track_1372876,validation
track_0162027,train
track_1076574,train
track_1149531,train
track_1376060,train
track_1374695,train
track_0641597,train
track_1075195,test
track_1109866,train
track_1341280,train
track_0771288,validation
track_1110487,test
track_0150949,train
track_0081812,train
track_0324615,train
track_1133176,train
track_1051706,test
track_1039112,train
track_1189937,test
track_0762058,train
track_1345052,train
track_1077721,test
track_1396255,train
track_1220946,train
track_0131645,train
track_0967237,validation
track_1156057,test
track_1166622,validation
track_0991724,train
track_0956216,train
track_1087136,test
track_1338385,train
track_0921508,validation
track_0553246,train
track_0150798,train
track_1075175,test
track_1075189,train
track_1152648,validation
track_1219560,validation
track_1028799,train
track_1088148,train
track_1166102,test
track_1338303,train
track_1032334,train
track_1346206,train
track_0081807,validation
track_0565792,train
track_1381592,train
track_1045257,train
track_0082645,train
track_0951886,train
track_1039523,test
track_1035539,train
track_1283107,test
track_1205915,train
track_0361044,validation
track_1321147,train
track_0095237,validation
track_1136575,train
track_1221754,train
track_0088564,train
track_0466207,train
track_1328169,train
track_1136676,train
track_1242271,test
track_0034859,train
track_1253375,validation
track_1204956,train
track_0986591,test
track_0934044,train
track_0242610,test
track_1159620,train
track_0347546,validation
track_1358778,train
track_1189654,test
track_1126026,test
track_0414116,test
track_0918868,train
track_1064757,train
track_1248107,train
track_1415617,train
track_0625212,train
track_0711264,train
track_0202160,train
track_0714711,train
track_0150963,train
track_1054275,train
track_0341549,train
track_1328152,validation
track_0032360,train
track_0873824,train
track_1279793,validation
track_0211417,train
track_0873803,train
track_0081019,train
track_1397348,train
track_1077045,train
track_0202156,train
track_1041924,train
track_0897306,validation
track_1354596,train
track_1066302,train
track_1133339,validation
track_1281201,test
track_0802319,train
track_1050671,train
track_0501300,validation
track_0259829,test
track_0702745,validation
track_1284735,train
track_1009674,train
track_1071434,train
track_1078694,validation
track_0172316,train
track_0471254,validation
track_0579645,train
track_1419493,train
track_0956535,validation
track_1253041,train
track_1127770,train
track_1264206,train
track_0605992,test
track_1112023,train
track_1264215,train
track_1152644,validation
track_1046853,train
track_0326506,train
track_1056504,train
track_0352693,train
track_0773677,train
track_0460235,validation
track_0359664,train
track_1352821,validation
track_1320029,train
track_0806983,train
track_0721200,validation
track_1341268,train
track_1156050,train
track_1414122,train
track_1051717,test
track_0387011,test
track_1157022,train
track_1418655,train
track_0974623,train
track_0682358,test
track_1029334,train
track_1336657,validation
track_0793920,train
track_0317867,test
track_0773672,train
track_1114719,train
track_0711256,train
track_1307741,train
track_1275150,test
track_1012644,train
track_1338387,train
track_0151109,validation
track_1401968,train
track_0302310,train
track_1068955,train
track_1169064,train
track_1127775,validation
track_1127564,train
track_1164342,train
track_1293742,train
track_1087019,validation
track_0802300,validation
track_1066916,train
track_1277827,validation
track_1294827,train
track_0075175,test
track_1309758,train
track_0939254,train
track_1161435,train
track_1112339,train
track_1068253,train
track_1226951,train
track_1328101,test
track_1134038,train
track_1360446,train
track_0078308,train
track_1047224,train
track_0950930,test
track_1227362,train
track_0647524,validation
track_1294971,train
track_0780390,test
track_1133995,train
track_0911794,train
track_0619886,train
track_0370259,test
track_1399778,train
track_0319625,train
track_1128220,test
track_1407555,train
track_1231043,train
track_0752519,train
track_1398415,train
track_1162011,train
track_1075213,train
track_1235600,train
track_1394595,validation
track_0989850,train
track_0128857,train
track_1384384,test
track_1128213,train
track_0607863,test
track_0957940,train
track_1084677,train
track_1209995,validation
track_1236647,train
track_0151107,train
track_1104752,test
track_0084200,train
track_1071168,validation
track_1207617,train
track_0988509,train
track_1136808,validation
track_0873614,train
track_0383997,validation
track_1068641,train
track_1159742,test
track_1160617,train
track_0806976,train
track_1213353,train
track_1320025,train
track_1136906,train
track_0011750,train
track_1231991,test
track_1248274,test
track_1133090,test
track_0967570,train
track_1295326,validation
track_0925415,test
track_0925530,validation
track_1291615,train
track_0575219,train
track_1148306,train
track_1115046,train
track_1274236,train
track_1231038,train
track_1109894,train
track_1203319,test
track_1225292,train
track_1320007,test
track_0647531,validation
track_1281205,train
track_1393420,train
track_1281204,train
track_0659885,train
track_0711263,train
track_1291606,validation
track_1194945,train
track_1075147,train
track_1122633,train
track_1380445,train
track_1287603,train
track_0659902,train
track_1096873,validation
track_1248261,train
track_1127765,validation
track_1114150,validation
track_1345990,validation
track_1115616,validation
track_0934869,train
track_0608958,train
track_1219424,train
track_1096308,train
track_0768441,train
track_1037060,train
track_0081023,train
track_0934048,train
track_0873615,train
track_0873815,train
track_0542410,test
track_0908549,train
track_1103993,train
track_1243728,train
track_0008563,train
track_0243697,validation
track_1366150,train
track_0259710,train
track_0860149,train
track_1418667,train
track_1400594,train
track_1240411,train
track_1270588,train
track_1250079,test
track_0523086,train
track_1214390,train
track_1168492,test
track_1353978,train
track_1303605,train
track_0369458,train
track_0260184,train
track_1248603,train
track_1138238,train
track_1029331,train
track_1105051,train
track_0908547,train
track_0973998,train
track_1324672,train
track_1349805,test
track_1163787,train
track_1402955,train
track_1093795,train
track_0846448,train
track_1313079,train
track_1085328,train
track_1361520,test
track_1129654,train
track_1119591,test
track_0166397,train
track_1164633,train
track_1078440,train
track_1155230,train
track_0949953,train
track_0151073,train
track_1029299,train
track_0997094,train
track_1347619,train
track_0897994,train
track_1388815,train
track_0020943,train
track_0891604,validation
track_1036108,train
track_0401856,train
track_0585146,train
track_1079294,validation
track_1147855,test
track_1322994,train
track_0011760,train
track_0944914,test
track_1236861,train
track_0373302,train
track_0264477,train
track_1084125,test
track_0959967,train
track_1183161,train
track_0151050,train
track_0603240,validation
track_1346571,train
track_1126059,train
track_1116403,train
track_0957454,train
track_1123782,train
track_1075167,test
track_1136338,train
track_1203414,test
track_1272518,train
track_0433148,train
track_0802177,test
track_1007901,train
track_1146547,train
track_0133656,test
track_0757500,train
track_1208444,validation
track_1077039,train
track_1076387,train
track_0081802,train
track_0319824,train
track_1157599,test
track_0381195,train
track_1265316,train
track_0356842,validation
track_1149538,train
track_1127769,train
track_1049276,train
track_0081017,validation
track_0734388,test
track_1373040,train
track_0345903,train
track_0802317,validation
track_1100243,validation
track_1069872,train
track_1088134,test
track_0114765,test
track_1028913,train
track_1366157,train
track_0542360,train
track_1273901,test
track_0711268,validation
track_1192523,train
track_1231902,train
track_0439625,train
track_1164206,train
track_1330455,train
track_1342912,train
track_1374201,validation
track_0151022,validation
track_0984997,test
track_1072426,train
track_0855268,test
track_0350885,train
track_0280156,test
track_0151061,validation
track_0785267,train
track_0565809,train
track_0498816,train
track_0049028,validation
track_1193234,train
track_1346846,train
track_1284334,train
track_1203896,train
track_1084433,test
track_0780396,train
track_1101292,test
track_1056142,test
track_0108603,train
track_0902710,validation
track_1135199,train
track_1269915,train
track_0383587,validation
track_0369906,validation
track_1112061,train
track_1132966,train
track_1157350,test
track_0919940,test
track_1336654,validation
track_0976913,train
track_0196256,train
track_1195933,train
track_1159664,test
track_1109958,test
track_0230805,train
track_0089284,train
track_1037625,train
track_1322173,train
track_0891607,train
track_1371870,train
track_1311285,train
track_1012599,test
track_1210606,train
track_1057820,train
track_1284343,train
track_1114028,train
track_0246919,train
track_1355267,train
track_0296233,train
track_1179402,train
track_1028811,train
track_0975919,train
track_0811122,validation
track_1302679,validation
track_1414087,train
track_1049745,test
track_0025218,train
track_0218554,train
track_0686757,train
track_1223077,test
track_1052158,train
track_0243737,validation
track_1167887,train
track_1127777,train
track_1018541,train
track_1228696,train
track_1416526,train
track_1012601,train
track_1397813,train
track_1316298,train
track_1321118,train
track_1063515,test
track_0302718,validation
track_0347530,test
track_1137248,test
track_0635968,train
track_1053396,train
track_1159639,train
track_1205771,train
track_1138891,validation
track_1331235,test
track_1202180,train
track_1148988,test
track_1109993,validation
track_0090044,train
track_1177397,test
track_1248614,test
track_1084678,train
track_0075171,train
track_0802274,train
track_0636028,train
track_1380007,train
track_1379396,train
track_1167103,train
track_1086428,train
track_0556349,train
track_0973381,train
track_1125687,validation
track_0293159,train
track_1104755,train
track_1119405,train
track_0284925,train
track_0306657,test
track_1400596,train
track_1139989,validation
track_1114535,validation
track_1267145,train
track_0088553,test
track_0048720,train
track_1031569,train
track_0361074,train
track_1413465,validation
track_1150097,train
track_1129026,train
track_1380650,test
track_1248601,train
track_1153109,validation
track_0019197,train
track_1379861,train
track_0998076,train
track_0938051,train
track_0318672,train
track_0500417,train
track_1268991,validation
track_1159694,train
track_1071413,train
track_1109971,train
track_1170598,test
track_1218916,train
track_1127771,validation
track_0944926,train
track_1417007,train
track_0921757,train
track_0150952,train
track_1284459,validation
track_0275236,train
track_1381596,test
track_1121311,train
track_1150757,train
track_0150951,validation
track_0207461,test
track_0936355,train
track_1134578,validation
track_1170732,test
track_1076539,train
track_1189907,train
track_0553092,train
track_0801485,train
track_0847338,train
track_0618825,train
track_0368182,validation
track_1023324,train
track_1354689,train
track_0934875,train
track_0891606,train
track_0206645,train
track_1171701,train
track_0733185,train
track_1149230,test
track_1077722,train
track_1269082,train
track_0133512,train
track_1075205,train
track_1083509,train
track_1215910,test
track_0661757,train
track_1018539,train
track_1319993,train
track_0647522,train
track_1319230,validation
track_1007064,train
track_0466286,train
track_1216208,train
track_0081189,test
track_0902704,train
track_1216038,train
track_1085598,validation
track_1098378,test
track_1107314,train
track_0571483,validation
track_0150961,train
track_0114794,train
track_1244877,test
track_0036702,test
track_1159369,validation
track_1347952,train
track_1081859,train
track_1248611,validation
track_0661755,train
track_0089267,test
track_1078780,validation
track_0875087,train
track_1111990,train
track_1370478,validation
track_1096870,validation
track_1369854,train
track_1018533,train
track_0731613,train
track_1032795,train
track_1400601,train
track_0802290,train
track_1372838,validation
track_0647529,train
track_1312608,validation
track_0769796,train
track_1387749,test
track_0976778,validation
track_0271880,train
track_0802180,test
track_1314148,train
track_1159746,train
track_0810905,train
track_0381193,test
track_1266577,test
track_1012003,train
track_0553245,validation
track_1387143,train
track_0854720,train
track_1082095,test
track_1158989,train
track_1109829,train
track_1169734,train
track_1287570,train
track_0020945,train
track_1248605,validation
track_1317904,train
track_1366118,train
track_0306265,test
track_0271874,train
track_1088852,train
track_1110784,test
track_1338388,train
track_0802280,validation
track_1326860,validation
track_0768427,validation
track_0371281,validation
track_1275611,train
track_1372077,train
track_0594268,train
track_0154633,train
track_1396093,train
track_0381089,train
track_0110023,test
track_0865773,train
track_1194831,train
track_1076566,train
track_1097206,validation
track_1328085,test
track_0017963,train
track_1316650,train
track_1112049,train
track_0242781,validation
track_1119406,train
track_0711278,train
track_1113729,train
track_0997001,test
track_0785622,train
track_0896606,validation
track_0381194,train
track_1088384,train
track_0635297,validation
track_0119406,train
track_1227740,train
track_0897986,test
track_0094700,train
track_1379392,train
track_0786775,train
track_1251852,train
track_1133358,train
track_0168880,train
track_0162035,train
track_1320014,train
track_1340350,test
track_0081024,train
track_0659895,train
track_0873552,train
track_1149722,train
track_1160353,train
track_1041495,train
track_1127784,train
track_1146583,test
track_0802325,train
track_1244942,train
track_1121402,validation
track_0048727,train
track_1369860,validation
track_1253436,train
track_1095020,test
track_0381099,train
track_1253378,train
track_1194943,train
track_1185651,train
track_1012596,train
track_0553251,train
track_1127766,validation
track_1032241,train
track_1034276,train
track_1126084,train
track_0342260,train
track_1203426,train
track_1056814,train
track_1123037,train
track_0034518,train
track_0470772,train
track_1125826,validation
track_0973390,train
track_1102193,train
track_0080776,train
track_0865675,train
track_0840600,test
track_1028895,train
track_0810671,validation
track_1369053,test
track_0399204,train
track_0625211,validation
track_0162042,train
track_1040986,train
track_1210925,test
track_0271876,train
track_0230889,train
track_1374685,train
track_1202372,train
track_1013134,test
track_1109855,test
track_1416528,train
track_0989718,validation
track_1150103,train
track_0659904,train
track_1046572,train
track_1316336,train
track_0922588,test
track_1283764,test
track_0150789,validation
track_0811230,train
track_0594785,test
track_1163206,train
track_1109864,validation
track_0485055,train
track_0976776,test
track_0989881,train
track_0897982,train
track_1322017,train
track_1087889,test
track_0594264,validation
track_0381100,test
track_1134761,train
track_1098130,validation
track_0911360,train
track_0961892,train
track_0700218,train
track_1085622,train
track_1208806,test
track_1042079,test
track_1137264,test
track_0799821,train
track_1130046,train
track_1123666,train
track_1369350,train
track_1296859,train
track_1415546,train
track_1205917,validation
track_1306069,test
track_0259889,train
track_0259693,train
track_1372873,validation
track_1156122,train
track_1189651,train
track_0873804,train
track_1047229,train
track_1407674,train
track_1165509,train
track_0957462,train
track_0078305,train
track_1089191,train
track_1165777,train
track_1369051,train
track_0708466,train
track_1356240,validation
track_1110486,train
track_1327155,train
track_0147667,train
track_0181825,train
track_1289135,train
track_0275243,train
track_0802299,train
track_0996967,train
track_1364092,train
track_1094520,train
track_1138774,train
track_0373053,train
track_1118532,train
track_0260183,test
track_0768443,train
track_1153108,train
track_0090063,train
track_1374955,train
track_0973999,train
track_0790453,train
track_1115532,test
track_1315062,validation
track_0607865,train
track_0976789,train
track_1133349,train
track_1076576,train
track_1219360,test
track_1243881,train
track_1329456,train
track_0868277,validation
track_1336890,train
track_1315879,train
track_1137232,train
track_0768442,validation
track_1360554,train
track_0162026,train
track_1388888,train
track_0988517,train
track_1138827,train
track_1012595,train
track_0073119,validation
track_1376053,train
track_1161436,test
track_1127785,train
track_0188690,train
track_1064327,train
track_0780392,test
track_1080223,train
track_1039614,train
track_1075183,train
track_0844330,train
track_1167072,train
track_1072438,test
track_1104716,train
track_0134739,train
track_1064764,test
track_1345287,train
track_1029324,test
track_0983612,validation
track_1357549,train
track_1159155,train
track_0922583,train
track_0011771,train
track_0034851,test
track_0094755,validation
track_1115077,train
track_1207618,train
track_0453977,train
track_0913290,train
track_1406914,test
track_1165525,train
track_1076453,test
track_0166409,train
track_1377609,train
track_1147623,train
track_1306011,train
track_0647539,train
track_1084121,train
track_1132263,test
track_1248612,test
track_1094574,train
track_1317594,train
track_1066755,test
track_1196184,train
track_1163962,train
track_1158489,train
track_0680974,validation
track_1251845,train
track_0297688,test
track_0636316,validation
track_1361245,train
track_1340348,validation
track_1320027,train
track_1057027,train
track_0188480,train
track_1129030,test
track_1011996,train
track_1032804,validation
track_0771286,test
track_1396204,test
track_1130987,train
track_0385449,train
track_0875085,train
track_1414160,train
track_1340791,train
track_1391159,train
track_0230823,train
track_1168167,train
track_1194829,train
track_0667863,train
track_1415744,train
track_1388866,train
track_0259832,train
track_1044931,test
track_1248271,test
track_0802176,train
track_0891610,train
track_0007395,validation
track_1159666,test
track_0799921,train
track_1272453,train
track_0903600,train
track_0094704,train
track_0719759,train
track_0507395,validation
track_0618450,train
track_1051948,train
track_0219519,train
track_1327738,train
track_1171068,test
track_1179214,test
track_1366153,validation
track_1170733,train
track_0500830,validation
track_1197327,validation
track_1170412,test
track_0602737,train
track_1217507,train
track_1079757,train
track_1061502,test
track_1372065,train
track_0066955,train
track_1415613,train
track_1324909,train
track_0780395,train
track_1093792,test
track_1189933,train
track_1128219,train
track_1370609,train
track_1416044,validation
track_1155991,train
track_1247372,train
track_0890573,test
track_0721938,test
track_1103451,train
track_1027910,train
track_1066137,train
track_1123877,train
track_1397773,test
track_0162039,train
track_1157307,train
track_1127285,train
track_1125690,train
track_0095713,train
track_1274296,train
track_0381091,train
track_1230637,test
track_0076972,train
track_1324697,train
track_1269806,train
track_0957452,train
track_1027952,train
track_1083959,train
track_0553250,test
track_1058927,validation
track_1133350,train
track_1116402,train
track_0370261,train
track_0166335,train
track_1248248,train
track_1080211,train
track_1066206,train
track_1299911,validation
track_1076565,test
track_1300041,validation
track_0986593,train
track_1107267,train
track_1123888,test
track_1061297,train
track_0962064,train
track_1141668,train
track_1160619,train
track_1236045,train
track_0647533,validation
track_0342256,validation
track_1393646,test
track_1173144,test
track_0658531,train
track_1331579,validation
track_0986867,train
track_1296783,train
track_0154630,train
track_0272369,train
track_0206015,train
track_0947793,train
track_1136897,train
track_1089136,train
track_1346883,train
track_1283748,train
track_0077445,validation
track_0919638,train
track_0399425,train
track_0950094,train
track_0339224,train
track_1189927,test
track_1086691,train
track_1096859,validation
track_1109972,train
track_0080811,train
track_1023319,train
track_1349471,train
track_1037058,test
track_1351143,validation
track_0011747,train
track_1194951,train
track_0025992,test
track_1235675,train
track_1104876,validation
track_1417885,train
track_1111974,train
track_1078477,train
track_0888638,validation
track_1150485,train
track_1353975,train
track_1153117,train
track_0072836,train
track_1137270,train
track_1336656,train
track_0789654,train
track_1352266,train
track_0365389,train
track_1154727,test
track_1186080,test
track_1324426,test
track_0891990,train
track_1036706,validation
track_0873809,train
track_1102231,train
track_1197341,train
track_1320013,train
track_1196182,train
track_1296928,train
track_1415804,train
track_1041776,train
track_1056821,test
track_1079190,train
track_1339213,train
track_1037055,validation
track_1328148,test
track_1208804,train
track_1278316,validation
track_1164724,train
track_1286534,train
track_0802283,validation
track_0802291,train
track_1374261,test
track_1162034,train
track_0740990,train
track_1134250,validation
track_0982407,train
track_1353701,train
track_1294977,test
track_1359331,train
track_1012593,train
track_1194315,test
track_1112016,train
track_0259844,train
track_0702765,train
track_0785631,train
track_1033220,train
track_0280160,train
track_1167306,train
track_0594266,train
track_1231903,train
track_1388874,train
track_0594258,train
track_0874890,validation
track_1134851,train
track_0321962,train
track_1320012,train
track_0939258,train
track_0292851,validation
track_0414047,test
track_1032911,train
track_0989880,train
track_0736795,train
track_1083514,validation
track_1054375,test
track_1380591,train
track_1370320,train
track_0038114,validation
track_1345843,validation
track_1028810,train
track_0460299,test
track_1051206,train
track_1171143,train
track_1056584,test
track_1149699,train
track_0729309,train
track_0371272,test
track_1088397,train
track_1090981,test
track_1389166,train
track_1416707,train
track_1357385,validation
track_1243731,train
track_0461017,train
track_1156007,validation
track_1345288,train
track_0207506,train
track_1365284,train
track_1164204,test
track_1234333,validation
track_1380665,train
track_1248607,train
track_1292791,train
track_0661498,train
track_0875083,test
track_1075454,test
track_0518471,train
track_1355021,train
track_0986804,train
track_1144454,validation
track_0129967,train
track_0293157,train
track_1137418,train
track_1178110,train
track_1203895,train
track_0799822,validation
track_0945019,train
track_0086256,train
track_1348469,validation
track_1376074,test
track_1348656,train
track_1027882,train
track_1400007,test
track_0619882,train
track_0957456,train
track_1195900,train
track_1349483,train
track_1234413,train
track_0711275,train
track_1076567,train
track_1150348,train
track_1264207,train
track_1097122,train
track_0858545,train
track_1064324,validation
track_1186549,test
track_0015656,test
track_1225155,train
track_0277846,validation
track_0008564,train
track_1113639,validation
track_1289381,train
track_0026220,train
track_1087143,validation
track_1163315,train
track_1158483,validation
track_0036703,train
track_0934049,train
track_1340341,train
track_0330212,train
track_1127560,train
track_1088103,train
track_1112439,train
track_1399583,train
track_0353272,train
track_1248608,train
track_1418302,validation
track_0265519,train
track_0342262,train
track_1132269,validation
track_1287569,train
track_1189144,train
track_1369722,test
track_1393522,test
track_1319236,train
track_1171568,test
track_1270570,test
track_1141662,train
track_0321963,train
track_1162021,train
track_1159625,train
track_1337809,train
track_1146588,train
track_0965443,train
track_1101585,train
track_1389032,train
track_0150790,train
track_1159702,train
track_1328162,train
track_1155893,train
track_0328898,train
track_1170409,train
track_1085332,train
track_1137241,train
track_0806978,validation
track_1074318,validation
track_0565810,train
track_1067259,train
track_1190441,train
track_0667859,train
track_0114772,train
track_1303037,train
track_0847332,train
track_1075202,validation
track_1096815,test
track_0992068,train
track_1168558,train
track_0151094,train
track_0476786,test
track_1384684,train
track_1080565,train
track_0373353,train
track_0152604,train
track_1371493,train
track_1007745,train
track_0037814,train
track_1155221,test
track_1387493,train
track_1157021,train
track_0243794,validation
track_0081810,train
track_1160272,validation
track_1122128,train
track_0785624,validation
track_0585155,train
track_1075924,validation
track_0603758,train
track_1090143,train
track_1102225,train
track_0740993,test
track_0048725,train
track_1389364,train
track_1093793,train
track_0247281,train
track_0293173,test
track_1320021,train
track_1045881,train
track_1039520,validation
track_1340340,test
track_1375198,train
track_0965438,train
track_1138693,train
track_1369956,train
track_1086640,train
track_0292852,train
track_1384191,train
track_1051174,train
track_1194313,train
track_0711265,validation
track_0151044,train
track_1365934,train
track_1129650,test
track_0230830,train
track_1132262,train
track_1137252,train
track_1113640,test
track_1374949,train
track_1292795,train
track_0802323,train
track_1123292,test
track_0459357,validation
track_1222624,train
track_1162978,train
track_0694644,validation
track_1396603,validation
track_1104889,train
track_1070643,train
track_0919476,test
track_1137243,train
track_0941155,train
track_1320587,train
track_1270631,train
track_0073073,train
track_1164337,validation
track_1098423,test
track_0088561,test
track_1181577,validation
track_1347935,train
track_1396101,train
track_1195897,train
track_1346106,train
track_1158119,test
track_1125823,validation
track_1067695,validation
track_0780394,train
track_0941157,train
track_1172565,test
track_1155894,train
track_0123481,validation
track_1369046,validation
track_0976816,train
track_1273904,train
track_0082423,train
track_0811239,test
track_0571473,validation
track_1295411,test
track_1159621,train
track_1330447,train
track_1380677,train
track_1374303,train
track_0888633,train
track_1129332,train
track_1203392,train
track_1077822,train
track_1372872,validation
track_0151154,train
track_1277912,train
track_1243723,train
track_1027883,train
track_0242906,train
track_1320026,validation
track_1357457,validation
track_1322187,train
track_0043176,train
track_1225309,train
track_0721199,test
track_1075928,test
track_1394753,train
track_0913699,train
track_1171144,test
track_0902755,train
track_1208808,test
track_1151198,train
track_1314542,test
track_1235167,train
track_0114781,test
track_1252983,train
track_1110370,validation
track_0956243,train
track_1187350,validation
track_0032317,train
track_0715788,train
track_1323012,train
track_1159618,train
track_0902713,train
track_1075184,train
track_1202192,train
track_1417904,train
track_0236348,test
track_1396257,validation
track_0305531,train
track_1418411,train
track_1327811,validation
track_1227222,train
track_1055321,train
track_1271483,train
track_1057809,test
track_0466285,train
track_0644847,train
track_1126036,train
track_0890975,train
track_0962585,train
track_1177396,train
track_0034519,train
track_0482193,train
track_1080204,validation
track_1250205,train
track_1337807,train
track_0172814,train
track_0209232,train
track_1027606,train
track_0108580,train
track_0939257,train
track_1110490,train
track_1193569,test
track_1353974,validation
track_1381591,train
track_1137236,train
track_1084375,test
track_1340795,validation
track_1063331,test
track_1122005,validation
track_1027878,train
track_0758070,train
track_1114039,train
track_1208250,validation
track_1039576,validation
track_1274243,train
track_1393409,train
track_1339446,train
track_1247375,train
track_1282103,train
track_1360760,test
track_0728042,train
track_1078363,validation
track_1339385,train
track_1061372,train
track_0802284,train
track_1077728,train
track_1245170,test
track_1015045,train
track_1234506,train
track_0944154,train
track_1107043,train
track_0802181,train
track_1341041,train
track_1128221,train
track_1165476,train
track_1329523,train
track_1066658,train
track_1092333,train
track_0859220,train
track_1172557,train
track_0135825,test
track_1250762,train
track_1163588,train
track_1109865,train
track_0081188,test
track_1092337,test
track_0873550,train
track_1374699,train
track_1066204,train
track_0461018,train
track_1342722,train
track_0939249,train
track_0096815,test
track_1156089,train
track_1110300,train
track_1375202,train
track_1053494,train
track_1149222,train
track_1147272,train
track_1189915,train
track_0938364,train
track_0008561,train
track_1283377,train
track_1133342,validation
track_0323684,train
track_1129661,test
track_1159693,validation
track_1159661,train
track_0078732,train
track_1070609,validation
track_1364940,validation
track_1085331,test
track_1078824,test
track_1156320,train
track_1095479,train
track_0491053,train
track_1178802,validation
track_1212789,train
track_1022638,train
track_1122852,train
track_1075201,train
track_0640122,train
track_0075176,train
track_1217516,train
track_1221583,validation
track_1204670,test
track_1225500,train
track_1168163,train
track_1112019,train
track_1053496,train
track_1339219,train
track_1149239,train
track_0661752,train
track_1177895,train
track_1037835,train
track_0448681,train
track_1118385,train
track_1307836,train
track_0962729,train
track_1414396,validation
track_1149223,train
track_0603750,train
track_1270605,train
track_0667860,train
track_1320019,train
track_0984752,validation
track_0921507,validation
track_1162095,validation
track_0710259,train
track_0989871,train
track_1075171,train
track_0166587,test
track_1174877,train
track_0965319,train
track_1158185,train
track_1121415,test
track_0836024,train
track_1272517,train
track_1029333,train
track_1300045,train
track_0537758,train
track_1364624,train
track_0766434,train
track_0734510,train
track_1046467,train
track_1080220,train
track_1157351,validation
track_1332192,train
track_0686755,train
track_1280191,test
track_1072572,train
track_0453823,validation
track_1374300,train
track_1189652,train
track_1380651,train
track_0242902,train
track_1156129,validation
track_1189918,train
track_1072571,train
track_0921758,validation
track_1313457,validation
track_0977854,train
track_0847200,train
track_1380115,train
track_0873565,train
track_1418666,train
track_0368162,test
track_1073157,train
track_1035558,train
track_0023863,train
track_1319505,train
track_0594259,train
track_1065764,test
track_0448684,train
track_1067251,train
track_1116425,train
track_1084385,train
track_0768438,validation
track_0296238,test
track_0919470,train
track_1377415,train
track_0083416,train
track_1162015,validation
track_1107730,train
track_1400269,train
track_1030901,validation
track_1314921,validation
track_1075185,validation
track_0666757,train
track_1384681,test
track_1265329,train
track_1195920,train
track_1075892,validation
track_1032157,train
track_1405039,train
track_1300336,train
track_0134738,train
track_1092336,test
track_0602712,train
track_0707019,train
track_0080795,train
track_1081055,test
track_0025239,train
track_0209047,train
track_1097027,train
track_1339383,train
track_0511086,train
track_1170416,train
track_1038730,train
track_0594263,validation
track_1104890,validation
track_1196187,train
track_1390456,train
track_1291949,test
track_1102224,train
track_0405789,validation
track_1035128,validation
track_1264202,train
track_1067691,train
track_0769794,train
track_0711276,train
track_1287605,test
track_1251473,train
track_0956549,test
track_1157306,validation
track_1231681,train
track_1056820,test
track_1084671,train
track_1289136,train
track_1125400,validation
track_1118535,validation
track_1381534,train
track_1070458,validation
track_1033164,train
track_1231641,train
track_1137265,train
track_1149532,train
track_0426733,validation
track_0211415,train
track_1166071,train
track_1379926,test
track_1061405,train
track_1372832,validation
track_0873555,train
track_0585158,train
track_0695030,train
track_1154252,train
track_0556370,validation
track_0131615,train
track_1076561,train
track_1135221,train
track_1187351,train
track_1161407,train
track_1186433,train
track_0867666,validation
track_0950828,train
track_0066954,train
track_1163304,validation
track_1034275,test
track_1081038,validation
track_0286148,train
track_0460240,train
track_1208345,train
track_1288349,train
track_1086192,validation
track_1169700,train
track_1108197,test
track_1414158,test
track_1136528,train
track_1047976,train
track_1155551,train
track_1235673,train
track_1103454,test
track_0793922,validation
track_1156087,train
track_1227366,validation
track_1075206,validation
track_1314923,train
track_0081289,train
track_0074751,train
track_0945015,validation
track_0980882,test
track_1030383,test
track_1264208,train
track_0402063,validation
track_0771287,train
track_0035743,validation
track_0565806,train
track_1329975,train
track_1012007,train
track_0998081,train
track_1412817,train
track_1243741,validation
track_1361472,train
track_1137269,train
track_1395043,train
track_1091993,train
track_1118592,train
track_1069765,train
track_0026439,validation
track_1094514,train
track_0081806,train
track_1122006,train
track_1369645,train
track_1418339,train
track_0088555,train
track_0414048,train
track_1414157,validation
track_1111541,train
track_1221745,train
track_0915275,test
track_1004124,train
track_1245139,train
track_1372086,train
track_1150483,train
track_0082643,train
track_0606413,validation
track_1335407,train
track_1296934,train
track_0457238,validation
track_1144143,train
track_1051711,test
track_1132970,test
track_0500413,train
track_1150488,test
track_1165393,train
track_0708471,train
track_1274155,train
track_1368978,train
track_1266585,test
track_1077360,train
track_0647527,train
track_0802289,train
track_1221847,train
track_1301743,train
track_0415996,train
track_1286240,test
track_1054107,validation
track_1133345,train
track_1245141,train
track_1372075,test
track_1136673,train
track_1354123,train
track_1039617,train
track_0726468,train
track_0636311,train
track_1304568,train
track_1306013,test
track_1073152,train
track_1234990,train
track_1164992,test
track_1186167,train
track_1160226,train
track_0260196,train
track_1350986,train
track_1122057,train
track_0967228,validation
track_1397815,train
track_0356930,validation
track_1105060,train
track_1416571,train
track_0278335,train
track_0782923,validation
track_1148779,test
track_0941397,train
track_1170597,train
track_0439632,train
track_1016733,train
track_1366125,train
track_1341106,test
track_1096247,test
track_0245501,train
track_1040985,train
track_1295768,train
track_0897319,train
track_0362499,train
track_0271119,train
track_0704160,test
track_0974624,train
track_1149540,train
track_1052561,train
track_1384193,train
track_1054930,test
track_1154906,train
track_1312510,train
track_0345161,test
track_1139435,train
track_1419769,validation
track_0228880,train
track_1354786,train
track_0081284,train
track_1189926,test
track_1170740,test
track_0950104,train
track_1418412,train
track_1096932,test
track_1174089,train
track_1240602,train
track_1201481,validation
track_0094750,test
track_0734446,test
track_1129029,validation
track_1067250,validation
track_0976786,train
track_0719847,train
track_1225290,validation
track_1351141,train
track_0873551,train
track_1036947,test
track_1413871,train
track_1208805,validation
track_1164986,train
track_0773683,validation
track_1320011,train
track_1264107,train
track_0835814,train
track_0764960,train
track_1126701,test
track_0396641,train
track_0259681,train
track_0130374,train
track_1075178,train
track_1123677,train
track_0128838,train
track_1357556,train
track_1131998,train
track_1308820,train
track_0078736,validation
track_0272365,train
track_1123840,test
track_1393400,train
track_1086430,train
track_1189906,validation
track_0846576,train
track_1316318,test
track_0963335,train
track_0855373,train
track_1131569,train
track_1394524,train
track_1065643,train
track_1227365,train
track_1126664,validation
track_0973383,train
track_1046359,test
track_1032224,train
track_1107282,train
track_1189657,train
track_0618820,test
track_1039778,test
track_1369045,train
track_1292130,validation
track_1165511,test
track_0088563,validation
track_0202153,test
track_1275613,train
track_0585148,train
track_1104882,train
track_1397148,train
track_1124167,train
track_1171551,train
track_1348663,train
track_1366152,train
track_0383582,train
track_1098412,test
track_1243736,train
track_0790454,train
track_1113024,validation
track_0973997,train
track_0947792,train
track_0078727,train
track_0866758,train
track_1047961,train
track_1234446,validation
track_1316343,train
track_0913694,validation
track_1044791,validation
track_0858721,train
track_0768434,train
track_0326511,train
track_1251475,train
track_1026043,train
track_1227739,train
track_1251175,train
track_1059054,train
track_1113648,train
track_0897988,test
track_1194311,train
track_1137276,train
track_0603759,test
track_0996971,train
track_1248618,train
track_1370669,train
track_1181578,train
track_1249629,train
track_0946950,validation
track_1384033,test
track_1166023,train
track_1368980,validation
track_0606116,train
track_1133343,train
track_1066898,train
track_1345282,validation
track_1266576,train
track_1098804,test
track_0579913,train
track_1168170,train
track_0151079,train
track_0962055,train
track_0710540,test
track_0139573,train
track_0094734,train
track_0017490,test
track_1148781,validation
track_1227373,train
track_1152113,test
track_1028805,train
track_1098748,train
track_0957450,train
track_0600030,train
track_1223053,train
track_1158175,validation
track_0565808,train
track_1377610,test
track_1129455,train
track_1051173,train
track_1349477,train
track_1231997,train
track_1217505,train
track_1170413,validation
track_1231994,test
track_0962582,train
track_1243717,train
track_1148183,train
track_0855359,train
track_1089972,train
track_1150080,train
track_1108514,train
track_0034412,train
track_1399777,test
track_0704686,train
track_1170410,train
track_1047938,train
track_1194314,train
track_1132279,test
track_0839515,train
track_1203377,train
track_0398646,train
track_1077042,train
track_0414114,train
track_1340336,validation
track_1193253,test
track_1345298,train
track_1079818,validation
track_1054346,train
track_0565790,train
track_0425767,train
track_0381096,train
track_0655027,validation
track_1315899,train
track_1109896,train
track_1163399,test
track_1026847,validation
track_1339227,train
track_1075141,train
track_0076976,train
track_0283205,train
track_1194583,train
track_1078693,train
track_1119016,train
track_0081811,train
track_0355479,train
track_1163210,train
track_1069008,train
track_0897316,train
track_0345909,train
track_0647530,train
track_1194557,train
track_0165726,validation
track_1319995,train
track_1138824,test
track_0074752,train
track_1113031,test
track_0038760,test
track_1316647,test
track_0151034,test
track_0897314,test
track_0571481,train
track_1083515,train
track_0875380,train
track_0341566,validation
track_1393421,train
track_1150119,train
track_0916193,train
track_1341457,validation
track_1082696,train
track_1102228,train
track_1265915,train
track_1337808,train
track_1093961,train
track_0534299,train
track_1111967,train
track_1310214,train
track_1164227,train
track_0106895,train
track_1273058,train
track_1178804,train
track_1218784,train
track_1343814,train
track_1143987,train
track_1291834,train
track_1186642,train
track_1075927,test
track_1248264,train
track_1164047,test
track_0425763,test
track_1330233,test
track_0116616,validation
track_1320022,train
track_0004888,train
track_1359474,train
track_1086297,train
track_1346208,train
track_0406256,train
track_0565797,test
track_1030095,train
track_1098070,train
track_1085249,train
track_0810901,train
track_1116399,test
track_1114502,train
track_1075203,train
track_1093937,train
track_1372289,train
track_1396094,train
track_1361240,train
track_0043880,validation
track_1160422,train
track_0296235,train
track_0008559,train
track_1204136,train
track_1166920,train
track_1076563,train
track_1166919,test
track_0862389,train
track_0565807,train
track_0780388,test
track_1418669,train
track_1222766,validation
track_1164568,test
track_1255094,train
track_1157360,train
track_0959178,test
track_1169102,train
track_0024028,test
track_1075191,validation
track_1065247,test
track_0635960,train
track_0802327,train
track_1135794,train
track_1358547,test
track_1319998,train
track_0996964,train
track_1358775,train
track_0553258,train
track_0888621,train
track_1203669,train
track_1160047,train
track_1328088,train
track_1049878,train
track_0007391,validation
track_1138236,test
track_1159749,train
track_0618816,train
track_1310766,train
track_0383994,train
track_1352822,test
track_1144228,train
track_1076459,test
track_0242573,validation
track_0980789,test
track_1346630,train
track_1300334,train
track_0679888,validation
track_1098067,test
track_1170729,validation
track_0084162,test
track_1085599,train
track_0242572,train
track_1310350,train
track_1166105,train
track_1109854,train
track_0810899,train
track_1190626,train
track_0034860,train
track_1393519,train
track_1162356,train
track_1368384,train
track_0679891,train
track_1193245,validation
track_1029332,test
track_1353823,train
track_1232050,train
track_1379928,train
track_0080874,train
track_0997096,train
track_0043882,validation
track_0839518,train
track_1223086,train
track_0867661,train
track_1069328,test
track_1115606,train
track_0017954,train
track_1056815,train
track_1414089,train
track_1317906,train
track_1188768,train
track_1322186,train
track_1142630,train
track_0209151,test
track_0659896,train
track_1116432,train
track_1109774,train
track_0035338,train
track_0400858,train
track_1227360,train
track_0461021,train
track_1018536,train
track_1098838,test
track_1366002,validation
track_0956523,validation
track_0938334,validation
track_0006725,train
track_0647559,train
track_0035174,train
track_0783258,validation
track_1094793,validation
track_1076455,train
track_1186545,train
track_1203127,validation
track_1166926,validation
track_1169139,validation
track_1221302,train
track_1131880,train
track_1326730,test
track_1138103,train
track_1293738,train
track_1144450,train
track_1129651,train
track_0260177,train
track_1108281,train
track_0263535,train
track_1208659,train
track_1018537,train
track_1021917,validation
track_1141663,train
track_1330449,train
track_1009601,test
track_1067707,validation
track_1208443,validation
track_1277295,train
track_0088558,train
track_0094736,train
track_1216213,train
track_1372083,train
track_0810903,train
track_1112447,test
track_0046036,test
track_0867664,test
track_0903604,train
track_0802277,validation
track_0188692,train
track_1326691,train
track_0847261,validation
track_1089141,test
track_1156038,test
track_0057861,validation
track_1313370,train
track_1072437,train
track_1090978,test
track_0962586,train
track_1029296,validation
track_0383585,validation
track_1231491,train
track_1131486,train
track_1072574,train
track_1115531,test
track_1011999,train
track_1231998,test
track_0874649,test
track_0244797,train
track_1215962,train
track_1051017,train
track_0383720,train
track_1204139,test
track_0342259,train
track_1366154,train
track_1245137,validation
track_1207615,train
track_1179411,test
track_0356935,test
track_0417626,train
track_1036279,test
track_0272800,validation
track_1193602,test
track_1159704,train
track_1357400,train
track_1030278,train
track_1165468,validation
track_1263279,train
track_0753761,train
track_1222345,train
track_0470761,train
track_1365283,train
track_1171560,validation
track_0944149,train
track_1119019,train
track_1128216,train
track_1126028,train
track_1395044,train
track_1029316,train
track_0108579,train
track_1127781,test
track_1201672,train
track_1085610,validation
track_0287785,train
track_0443722,validation
track_1159668,validation
track_1155994,train
track_0381093,test
track_1379929,validation
track_0653755,train
track_0939253,train
track_0094710,train
track_1046227,train
track_1110496,train
track_1132968,test
track_1264203,train
track_0973384,train
track_1065654,test
track_1232304,validation
track_0094753,train
track_1203415,train
track_1278743,train
track_1159948,train
track_1340332,test
track_1138561,test
track_1053493,train
track_1038253,train
track_1166922,train
track_1040562,train
track_1268460,train
track_1369694,train
track_1102692,train
track_0802294,train
track_1222865,train
track_0729302,train
track_1358788,test
track_0773680,train
track_0147074,test
track_0311275,train
track_1137274,train
track_1274034,test
track_1150739,train
track_1169699,train
track_0296236,validation
track_1352532,train
track_1153111,train
track_1128909,train
track_1144123,train
track_1094516,train
track_1159684,validation
track_1027880,train
track_1038509,train
track_1127767,train
track_1321985,validation
track_1138770,test
track_0579304,train
track_1417908,train
track_1112008,test
track_0119407,train
track_1074677,test
track_1189653,test
track_1030282,validation
track_0347566,train
track_1126678,train
track_0988508,train
track_1075208,train
track_0764957,train
track_1366155,train
track_1404305,validation
track_1394780,train
track_0501671,validation
track_0517945,validation
track_1274171,train
track_1046465,train
track_1371094,train
track_0773678,train
track_0259900,train
track_1273979,train
track_1231642,train
track_1341045,train
track_1119594,train
track_1332191,train
track_1127404,train
track_1136346,train
track_1270614,train
track_1104966,train
track_0382144,train
track_1137258,train
track_1351139,train
track_1133994,validation
track_0635546,train
track_0891600,test
track_0683803,test
track_0268681,train
track_0682504,train
track_1302675,train
track_1056174,train
track_0066676,train
track_0881055,train
track_0439627,train
track_0259517,train
track_1397809,train
track_0921510,train
track_0081181,test
track_0380595,validation
track_1369864,test
track_1027879,train
track_1415313,validation
track_0556350,train
track_1234244,validation
track_1043818,train
track_1039759,train
track_0961260,test
track_1076572,train
track_1203672,test
track_0026826,train
track_0000395,train
track_1035010,train
track_0219518,train
track_1026041,test
track_0259695,validation
track_1165465,test
track_1174466,train
track_1105050,train
track_0771285,train
track_1123289,train
track_1364935,train
track_0078309,test
track_0244521,train
track_1149236,train
track_1089222,test
track_1132265,train
track_1401998,test
track_1098668,train
track_1111545,train
track_1099318,train
track_0576998,test
track_0922822,train
track_0087998,train
track_1159949,train
track_1164465,train
track_0081025,train
track_0360983,validation
track_1400964,validation
track_1191611,train
track_0665851,train
track_0939256,validation
track_1222552,train
track_1090043,train
track_1114713,train
track_0619884,test
track_0556379,train
track_1222843,train
track_1168168,train
track_1366140,train
track_1404306,train
track_1389038,validation
track_0306669,train
track_1350758,validation
track_0844825,train
track_0081036,train
track_1326527,train
track_0962731,train
track_1384789,test
track_0078731,train
track_0571482,train
track_0973995,test
track_0571475,train
track_1028812,train
track_1387670,train
track_1250857,train
track_0042765,test
track_1147244,test
track_1138690,test
track_0716986,train
track_1088078,train
track_1159151,train
track_0259899,train
track_0014020,train
track_1216156,train
track_1416234,train
track_0571480,train
track_1126703,train
track_0462267,test
track_1365285,train
track_1107281,train
track_0700223,validation
track_1208353,train
track_1226206,validation
track_1329825,train
track_1099978,test
track_1101595,train
track_1317905,validation
track_1380663,train
track_1202175,train
track_0659897,train
track_1039758,validation
track_1128218,train
track_1043783,train
track_1248259,train
track_1243732,test
track_1283760,train
track_0325393,validation
track_0202170,validation
track_1274235,validation
track_1028797,train
track_0482666,train
track_1320001,train
track_0890567,validation
track_0325365,train
track_1416041,train
track_1123057,train
track_1357566,train
track_0873559,train
track_1098680,train
track_0414112,validation
track_0664815,train
track_1126034,train
track_1364467,train
track_0961137,train
track_1101583,test
track_1337401,train
track_1326222,train
track_1155112,train
track_1189939,validation
track_0665854,train
track_1366173,train
track_1189950,train
track_1372283,test
track_0995827,train
track_0278344,train
track_1296632,train
track_1137401,validation
track_0602722,validation
track_1312892,test
track_1072907,train
track_1164988,validation
track_1101581,train
track_1348113,train
track_0913700,test
track_1399849,validation
track_1225956,train
track_1078393,train
track_1136879,train
track_0665857,train
track_1379272,test
track_1352261,train
track_1194953,train
track_1096084,train
track_1149240,validation
track_1348048,train
track_1372062,train
track_1379954,train
track_1051204,train
track_1352264,train
track_0967236,train
track_0873817,train
track_0725505,train
track_1272093,validation
track_1337946,test
track_0891038,train
track_1149214,validation
track_1203893,train
track_1288813,train
track_1143940,test
track_0711258,test
track_0347653,test
track_0272872,train
track_0773673,train
track_1148780,train
track_1420944,validation
track_0088321,train
track_1278181,train
track_0846409,test
track_1086156,validation
track_1187719,validation
track_0211416,train
track_0511069,train
track_0980765,test
track_0634500,train
track_0847329,train
track_1065621,train
track_1188767,train
track_1219366,train
track_0802296,train
track_0202149,validation
track_0244537,train
track_1364105,test
track_0049023,train
track_1222786,test
track_1082916,train
track_0785627,train
track_0202182,train
track_1046471,train
track_0575227,test
track_0873814,train
track_1165500,train
track_1084365,train
track_0313777,train
track_1248606,train
track_0921511,train
track_1176205,train
track_1394576,train
track_0976757,train
track_1183080,validation
track_1052559,test
track_0618461,train
track_1307679,test
track_0049039,train
track_0865722,validation
track_1341279,train
track_1167081,train
track_1068671,train
track_1126010,train
track_0081746,train
track_0242568,train
track_1384192,train
track_1408400,train
track_1202186,train
track_1279769,train
track_1231040,train
track_1112340,train
track_1414174,train
track_0162037,train
track_1203873,validation
track_1102226,train
track_0965441,train
track_0078730,train
track_1243724,train
track_0771293,train
track_0585157,test
track_1106486,train
track_1184702,train
track_0491057,train
track_1110785,train
track_0618458,train
track_0991715,test
track_1186432,train
track_1160273,test
track_1373039,train
track_1147265,train
track_1269812,train
track_1039579,train
track_1222615,test
track_1073699,validation
track_1111981,validation
track_1124505,validation
track_0965442,train
track_0387029,train
track_0017493,test
track_1082910,validation
track_1226703,train
track_1288116,validation
track_1243718,validation
track_0078306,validation
track_0113461,validation
track_1166101,test
track_1053841,test
track_1369651,test
track_1039851,validation
track_0080759,train
track_1058898,train
track_0439633,train
track_1163893,train
track_1275453,train
track_1339423,train
track_1166110,train
track_1313336,test
track_0988511,validation
track_1105055,train
track_1397807,train
track_1032701,train
track_0035167,train
track_1131077,train
track_0698637,test
track_1267752,train
track_1235015,train
track_0073118,train
track_0345286,train
track_1137277,train
track_0875308,train
track_1012602,train
track_1197331,test
track_1137249,test
track_1219427,validation
track_0785626,train
track_1326540,train
track_0302314,test
track_1288817,train
track_1397854,train
track_0259542,train
track_1132142,train
track_1109886,train
track_1078481,validation
track_0369922,train
track_1272095,test
track_1303221,validation
track_1130009,train
track_0271746,train
track_1108069,test
track_0663096,validation
track_1030276,validation
track_1039570,train
track_0900241,train
track_0047050,train
track_1395228,train
track_1028809,train
track_1097804,train
track_1248617,validation
track_1011995,train
track_1077730,train
track_1316645,train
track_1131458,train
track_0355482,train
track_1118531,test
track_1323016,test
track_0347562,train
track_1194975,train
track_0361002,train
track_1247310,train
track_1069009,validation
track_1037062,train
track_0618456,test
track_1374144,train
track_1339414,train
track_0292483,train
track_1051203,train
track_0542419,train
track_0493143,train
track_1047941,train
track_1066895,train
track_0172015,validation
track_0564210,train
track_1225496,train
track_1394580,validation
track_1156021,train
track_0601132,validation
track_1375200,train
track_0073076,train
track_1123943,train
track_0007398,train
track_1157472,train
track_0938057,train
track_1389407,train
track_1068673,train
track_1369432,validation
track_0662441,train
track_1064030,train
track_0150827,test
track_0371274,test
track_0307087,train
track_0218557,train
track_1082092,train
track_1372089,train
track_0625208,train
track_1322924,train
track_0799227,train
track_0031974,train
track_1397853,validation
track_1354682,validation
track_0975813,test
track_1126697,validation
track_0662421,validation
track_1194761,train
track_1112435,train
track_0259817,train
track_0216409,validation
track_1192534,train
track_1096129,test
track_1105054,test
track_1154728,train
track_0804123,train
track_0096894,test
track_0025242,train
track_0844329,train
track_0478350,test
track_1041499,train
track_1149543,train
track_1136384,validation
track_0505949,train
track_1123854,validation
track_1088002,train
track_0026234,train
track_0878925,train
track_0935825,train
track_0219516,validation
track_0459512,train
track_1051949,train
track_0858548,train
track_0082800,test
track_0387022,train
track_1133359,train
track_1101588,validation
track_0728919,train
track_1069339,train
track_0242571,train
track_0991722,validation
track_1137412,train
track_0048722,train
track_1284355,train
track_1232048,validation
track_1225041,train
track_1373315,train
track_1104849,train
track_1104648,test
track_1150270,train
track_1231995,train
track_1111543,train
track_0081202,train
track_1275300,train
track_0075170,validation
track_1240417,train
track_1104881,train
track_1170739,validation
track_0482390,train
track_0088556,train
track_0949554,validation
track_1236404,validation
track_1335380,test
track_0139613,validation
track_0035169,validation
track_1282294,train
track_1320010,train
track_1150351,train
track_1344338,train
track_1224353,train
track_1201670,train
track_0565789,train
track_0191460,test
track_1009675,train
track_1248254,validation
track_1209262,validation
track_0752575,train
track_1085217,train
track_1234988,validation
track_1135192,validation
track_1143221,train
track_1156097,test
track_1353822,train
track_0769000,train
track_0847262,validation
track_1074704,train
track_0897996,test
track_1089211,test
track_0575215,train
track_1187042,train
track_1171628,train
track_1401340,train
track_0936436,train
track_1184762,train
track_0773679,test
track_1189940,train
track_0979815,train
track_1195903,train
track_1150482,validation
track_0494621,test
track_1044778,train
track_0752299,validation
track_0025989,validation
track_1274164,test
track_0761284,train
track_0835856,validation
track_0997870,train
track_0992764,train
track_1202178,train
track_1133179,train
track_0669142,train
track_0704843,validation
track_0865677,validation
track_1171709,validation
track_0259815,train
track_1231643,validation
track_1165510,train
track_1202190,validation
track_1126024,train
track_1110299,test
track_1086303,train
track_0743965,train
track_0771289,train
track_1341278,train
track_1210240,train
track_0342258,train
track_1168018,train
track_1279613,test
track_0209091,train
track_0794804,train
track_0042767,train
track_1077726,train
track_0226540,train
track_1327739,train
track_1066144,test
track_1189894,train
track_1294001,train
track_1125585,train
track_0719850,train
track_0964540,train
track_1125675,test
track_1417906,train
track_0381087,train
track_1124169,train
track_1374257,validation
track_1123294,train
track_1096126,train
track_1081526,train
track_0383992,train
track_1089140,train
track_0982406,train
track_1132247,train
track_1171700,test
track_1109962,train
track_1186166,train
track_0713738,train
track_0353341,train
track_0344574,train
track_1343394,train
track_1261216,train
track_0542789,train
track_1150276,train
track_0602695,train
track_1346845,test
track_0219537,validation
track_1133177,validation
track_1350765,validation
track_1272092,train
track_1068572,test
track_1053404,train
track_0785705,train
track_1374952,train
track_1103994,train
track_1097029,train
track_1033504,train
track_1372500,train
track_1295529,train
track_1297069,train
track_1164989,train
track_1320574,train
track_1330385,train
track_0891910,test
track_1372589,train
track_1086347,train
track_1177886,test
track_0073149,train
track_1143153,train
track_1127392,validation
track_0253757,train
track_0082642,train
track_0780389,train
track_0000955,train
track_1385196,train
track_0373290,test
track_1234093,train
track_1219472,test
track_1349482,train
track_1320020,train
track_1076454,validation
track_1087886,train
track_0996996,train
track_1128044,train
track_1097134,train
track_1367654,train
track_1380834,train
track_1037052,train
track_1075182,train
track_0139517,validation
track_1312860,train
track_0014013,train
track_0842774,train
track_0890974,train
track_1107022,train
track_1070607,train
track_0903594,train
track_1126702,validation
track_0517944,train
track_0897318,validation
track_1097126,test
track_1217790,train
track_0581066,train
track_1398422,validation
track_0768398,train
track_1033575,train
track_1231045,train
track_1400502,train
track_1221852,train
track_1102196,train
track_0151024,train
track_1082098,train
track_0760009,test
track_0647528,train
track_1098484,train
track_0034855,validation
track_1056140,train
track_1073701,train
track_1081801,train
track_1063454,validation
track_1289132,train
track_1277892,validation
track_1098500,test
track_1112018,train
track_0785423,validation
track_1401330,train
track_1388864,test
track_1408515,train
track_1169727,train
track_0890540,train
track_0897309,train
track_0785620,validation
track_1414397,train
track_1203321,validation
track_1350373,validation
track_0015658,train
track_1300329,train
track_0903590,train
track_1075200,validation
track_1171067,train
track_1330446,train
track_1096934,train
track_0381086,train
track_1110379,train
track_1137266,train
track_1339347,validation
track_1075214,train
track_0047053,train
track_1264350,train
track_1029328,train
track_1341953,train
track_1320023,train
track_1358777,validation
track_1063105,train
track_0390001,train
track_0501672,train
track_0166604,train
track_0272871,validation
track_0371277,train
track_1402278,train
track_0402848,train
track_0202195,train
track_1049278,train
track_1272096,train
track_0319802,train
track_0749612,train
track_1405040,train
track_1056823,train
track_1080394,train
track_0081283,validation
track_1316758,train
track_0913702,train
track_1059975,train
track_1341270,train
track_1335151,train
track_1418335,train
track_1284529,train
track_0073153,train
track_1148774,train
track_1171561,train
track_0986862,train
track_0759145,validation
track_0346272,train
track_1054438,train
track_0967235,train
track_1193235,train
track_1277826,test
track_0405785,train
track_0081190,train
track_1063327,test
track_0155325,test
track_1132181,train
track_1337334,test
track_1150486,train
track_0232891,train
track_1227741,train
track_1039358,train
track_1029323,train
track_1405032,test
track_1114031,train
track_1156090,validation
track_1101376,test
track_1072911,train
track_0470793,train
track_1127783,train
track_0383570,train
track_1231497,train
track_1399549,train
track_1284740,train
track_1118834,validation
track_0908091,train
track_1164982,train
track_1084674,train
track_1166929,train
track_1194759,train
track_0564209,train
track_1011642,train
track_1330453,train
track_0674310,train
track_1248600,train
track_1389168,train
track_1215628,train
track_1114497,validation
track_1088066,validation
track_0498817,validation
track_1118537,train
track_1379863,train
track_1111830,test
track_1264972,train
track_0785436,train
track_1133985,train
track_0133660,validation
track_1273980,train
track_0914766,train
track_1251685,train
track_1143154,test
track_1193021,train
track_1103312,validation
track_1009559,train
track_0665853,train
track_0959164,test
track_1225042,train
track_1015565,test
track_1164635,train
track_1271786,train
track_0918871,train
track_1383957,train
track_1128035,train
track_1026346,train
track_1158501,train
track_1348658,test
track_1277850,train
track_1103453,test
track_0839516,train
track_1266573,train
track_0151035,train
track_1097289,train
track_1087792,train
track_0647521,validation
track_1195885,train
track_1413862,train
track_1041565,train
track_0026564,train
track_1289382,train
track_1160271,train
track_1273948,train
track_1156054,train
track_1340796,train
track_1186546,train
track_1159691,train
track_0866706,test
track_0938331,train
track_1256023,train
track_1094523,train
track_0873567,validation
track_1165996,validation
track_1123875,validation
track_0264475,validation
track_1109964,train
track_1070454,validation
track_1284933,train
track_1165907,train
track_0863566,train
track_1341277,train
track_1130020,train
track_0802297,train
track_0718511,validation
track_0603760,train
track_0511078,test
track_1109954,train
track_1095026,train
track_0659899,train
track_0076658,train
track_1078778,train
track_0079750,train
track_1149694,train
track_0306434,train
track_1247374,train
track_0511052,train
track_1096122,train
track_1204590,validation
track_1287551,train
track_1203427,train
track_1196186,test
track_1127042,train
track_1345279,train
track_0459361,test
track_1028815,test
track_0000954,validation
track_1202182,validation
track_0244524,validation
track_0875036,train
track_0785421,train
track_1095701,validation
track_0790445,train
track_1155023,validation
track_1165472,train
track_0789657,validation
track_1160052,test
track_1076449,train
track_0873816,validation
track_1194767,train
track_1070600,test
track_1108284,train
track_0078735,validation
track_1159665,test
track_1235608,train
track_1081050,test
track_0373293,train
track_0159038,train
track_1186429,train
track_1158118,train
track_1419786,validation
track_1164990,test
track_1208028,validation
track_0036237,train
track_0973385,validation
track_1362272,train
track_0802178,train
track_0491052,train
track_0302318,train
track_0006606,train
track_1283758,train
track_0585154,validation
track_1264201,test
track_1280424,validation
track_1262645,validation
track_1288418,train
track_1033092,test
track_1351138,train
track_1223076,train
track_1078794,train
track_1126844,train
track_1160054,train
track_1293739,train
track_0773676,train
track_0242384,train
track_1255088,train
track_0922587,train
track_1137250,validation
track_0875307,train
track_1101578,validation
track_1127780,train
track_1268905,train
track_1278514,train
track_1228737,validation
track_0010808,train
track_1293999,train
track_1248253,train
track_0897993,train
track_1156023,validation
track_1111836,test
track_1037053,train
track_0606409,train
track_1279603,train
track_1151415,train
track_1242274,train
track_0384148,train
track_1056816,train
track_0497845,train
track_0934959,test
track_1231992,train
track_1350823,train
track_1329450,validation
track_1226134,test
track_1077046,train
track_1158988,train
track_1159622,train
track_0659887,train
track_1156010,test
track_1407170,train
track_1128209,train
track_1328127,test
track_1109850,validation
track_1096887,train
track_0325368,test
track_0081026,train
track_1070599,train
track_0835929,train
track_0938335,train
track_1400600,validation
track_0759091,train
track_0448653,train
track_1369856,train
track_1159557,train
track_1131097,train
track_0967565,validation
track_0897981,train
track_0125447,validation
track_1084680,train
track_0802286,train
track_0272928,test
track_1399056,train
track_1372090,train
track_1369646,train
track_1150491,train
track_0349108,train
track_1289126,train
track_1070639,validation
track_1342574,train
track_0828834,train
track_1157602,train
track_1372074,train
track_1033432,test
track_0581063,train
track_1248623,test
track_0711260,test
track_0579303,train
track_1171608,train
track_1136878,train
track_0278356,validation
track_1369712,test
track_1321517,train
track_0147668,train
track_1362243,train
track_1355266,train
track_1089586,train
track_1052468,test
track_0977169,train
track_0304546,test
track_1368979,validation
track_0714709,train
track_0950107,test
track_0491059,train
track_1294741,train
track_1053498,train
track_1321060,train
track_1321063,train
track_1162382,test
track_0381090,train
track_1081532,train
track_0897985,train
track_1090467,train
track_1032329,test
track_1078436,train
track_1330450,train
track_1138695,train
track_1189924,train
track_1348739,train
track_1253537,train
track_0080761,train
track_0040318,test
track_0832634,test
track_0961605,validation
track_1056172,train
track_0356932,train
track_1095820,train
track_1072433,train
track_1121410,validation
track_1256028,validation
track_0891611,train
track_1176206,train
track_0662053,validation
track_1366144,train
track_0945016,train
track_1345054,train
track_1400605,train
track_0802320,train
track_0875370,train
track_0523087,train
track_1239507,test
track_1356516,train
track_0167096,validation
track_1276899,train
track_1341266,train
track_0094731,train
track_0470759,train
track_0172815,train
track_1188770,train
track_1234387,train
track_0729298,train
track_1287647,validation
track_0888639,train
track_1086273,train
track_1076564,test
track_0556373,train
track_1053845,train
track_1300037,train
track_0947021,train
track_0897307,train
track_1098678,test
track_1037059,train
track_0666622,validation
track_1080201,train
track_1164994,train
track_0628410,train
track_0151043,train
track_1386494,train
track_1357458,validation
track_0080771,test
track_0306199,test
track_1080561,train
track_0076656,validation
track_1057796,train
track_0205094,train
track_1244946,train
track_0752520,train
track_0914774,test
track_1077047,train
track_1096119,train
track_1151411,train
track_0854721,train
track_0873808,validation
track_1307837,test
track_1131997,validation
track_1248278,validation
